customer_id,product_category,order_date,quantity,discount,product,sales,cost,profit,customer_age,gender,region,customer_tenure,complaints,days_since_last_purchase,churn,total_orders,total_spending,discount_usage,average_order_value
C0430,Grocery,2024-02-28,5,0.1,Grocery 4,721.49,533.08,188.41,22,Female,East,55,0,298,1,3,10402.71,0.08333333333333333,3467.5699999999997
C0160,Electronics,2025-05-03,7,0.05,Electronics 4,8626.29,7227.43,1398.86,69,Male,South,35,1,342,1,5,36640.45,0.08,7328.089999999999
C0097,Grocery,2024-03-24,8,0.05,Grocery 4,1135.87,680.83,455.04,53,Male,North,53,0,130,0,5,12034.1,0.07,2406.82
C0608,Furniture,2024-11-13,9,0.1,Furniture 3,17760.79,13637.96,4122.83,68,Male,North,38,1,135,1,8,44574.15,0.06875,5571.76875
C0211,Beauty,2024-09-23,6,0.05,Beauty 4,1563.63,1375.85,187.78,55,Female,East,55,1,352,1,3,5795.22,0.15,1931.74
C0415,Clothing,2024-11-22,6,0.2,Clothing 3,2292.64,2060.72,231.92,53,Male,South,6,2,41,1,9,29342.34,0.07777777777777778,3260.26
C0198,Electronics,2024-02-22,4,0.0,Electronics 3,4720.04,2612.68,2107.36,35,Female,South,58,2,49,0,7,15585.45,0.07142857142857142,2226.4928571428572
C0522,Electronics,2025-05-27,6,0.0,Electronics 5,7319.09,6516.91,802.18,27,Female,East,8,2,296,1,8,34039.2,0.13125,4254.9
C0039,Clothing,2024-11-01,7,0.05,Clothing 4,3355.54,1989.08,1366.46,50,Female,South,4,0,35,0,4,6845.96,0.1125,1711.49
C0287,Furniture,2024-02-14,6,0.0,Furniture 4,12163.14,8975.58,3187.56,47,Female,South,34,1,89,0,6,22204.899999999998,0.11666666666666668,3700.816666666666
C0437,Electronics,2024-01-03,6,0.0,Electronics 5,7770.6,4943.88,2826.72,66,Male,North,54,1,185,0,3,20837.99,0.05000000000000001,6945.996666666667
C0351,Furniture,2025-01-29,4,0.05,Furniture 2,7261.9,5535.29,1726.61,20,Female,East,5,1,121,1,7,16545.36,0.10714285714285714,2363.6228571428574
C0489,Grocery,2025-05-01,2,0.0,Grocery 3,319.01,179.59,139.42,49,Female,North,12,1,28,0,12,31217.78,0.08750000000000001,2601.4816666666666
C0144,Furniture,2025-02-03,1,0.0,Furniture 4,2023.2,1281.53,741.67,69,Male,North,48,0,109,0,6,6988.34,0.06666666666666667,1164.7233333333334
C0353,Grocery,2025-06-09,4,0.1,Grocery 4,538.97,353.13,185.84,40,Female,South,39,1,253,1,3,13476.07,0.06666666666666667,4492.0233333333335
C0605,Electronics,2025-07-06,4,0.05,Electronics 1,4377.07,3810.08,566.99,45,Male,West,22,1,312,1,5,17155.93,0.13,3431.186
C0266,Electronics,2025-09-28,6,0.2,Electronics 4,5534.29,4174.35,1359.94,41,Female,North,15,0,52,0,9,35127.93,0.1,3903.1033333333335
C0125,Grocery,2025-12-18,9,0.0,Grocery 1,1319.89,1053.11,266.78,47,Female,West,20,0,99,0,6,35623.88,0.008333333333333333,5937.313333333333
C0678,Grocery,2025-10-07,7,0.1,Grocery 3,994.8,782.51,212.29,45,Male,South,13,2,353,1,5,27483.4,0.1,5496.68
C0622,Beauty,2025-08-03,8,0.1,Beauty 4,2149.95,1477.66,672.29,26,Female,North,23,1,354,1,3,7810.93,0.13333333333333333,2603.6433333333334
C0544,Beauty,2024-11-10,6,0.1,Beauty 2,1507.84,836.71,671.13,61,Male,South,49,1,127,0,10,52400.32,0.1,5240.032
C0638,Electronics,2025-01-02,9,0.1,Electronics 1,10225.17,6006.85,4218.32,59,Male,South,17,1,169,0,4,25693.25,0.07500000000000001,6423.3125
C0623,Clothing,2025-03-25,9,0.0,Clothing 4,4647.04,3302.11,1344.93,39,Female,South,12,1,208,1,5,14613.78,0.030000000000000006,2922.7560000000003
C0597,Clothing,2024-05-03,2,0.2,Clothing 2,871.88,766.78,105.1,58,Female,West,21,1,76,1,8,38507.88,0.05625,4813.485
C0407,Electronics,2025-05-09,6,0.05,Electronics 5,6880.24,4383.16,2497.08,25,Female,North,19,3,11,0,7,21922.17,0.08571428571428572,3131.738571428571
C0015,Electronics,2025-03-05,5,0.1,Electronics 5,5566.78,4422.31,1144.47,58,Female,North,29,1,35,1,6,13034.72,0.06666666666666667,2172.4533333333334
C0477,Electronics,2025-01-14,9,0.05,Electronics 2,10217.59,8575.71,1641.88,18,Female,South,56,2,337,1,5,52962.25,0.09,10592.45
C0218,Grocery,2025-09-01,6,0.05,Grocery 4,885.91,768.42,117.49,41,Male,North,39,4,49,0,10,22757.11,0.1,2275.7110000000002
C0618,Electronics,2025-05-16,1,0.1,Electronics 2,1066.2,695.93,370.27,21,Female,South,36,0,152,0,6,9129.689999999999,0.06666666666666667,1521.6149999999998
C0374,Electronics,2025-11-11,2,0.2,Electronics 5,1780.94,1560.01,220.93,64,Male,East,33,2,240,1,7,18780.43,0.09285714285714286,2682.9185714285713
C0724,Electronics,2025-12-13,2,0.2,Electronics 2,2106.89,1607.12,499.77,58,Female,East,27,2,103,1,3,3696.73,0.11666666666666668,1232.2433333333333
C0476,Furniture,2025-08-25,2,0.1,Furniture 5,3758.66,2736.09,1022.57,62,Female,South,40,1,252,1,9,48798.94,0.07777777777777778,5422.104444444445
C0440,Furniture,2024-08-05,1,0.1,Furniture 4,1839.11,1512.55,326.56,68,Female,South,26,0,288,1,6,14036.65,0.08333333333333333,2339.4416666666666
C0735,Beauty,2024-05-17,8,0.1,Beauty 2,2151.97,1363.38,788.59,52,Male,East,1,1,338,1,7,11823.03,0.14285714285714285,1689.0042857142857
C0380,Electronics,2024-08-06,5,0.2,Electronics 5,5002.97,4174.49,828.48,18,Female,East,19,1,13,0,7,33203.7,0.08571428571428573,4743.385714285714
C0300,Clothing,2025-06-04,7,0.0,Clothing 4,3238.74,2518.08,720.66,36,Male,East,52,0,69,0,5,30862.08,0.08,6172.416
C0297,Grocery,2025-09-22,9,0.2,Grocery 4,1042.44,864.99,177.45,40,Female,West,25,1,107,0,7,24131.82,0.10714285714285714,3447.402857142857
C0700,Furniture,2025-10-04,6,0.1,Furniture 2,9989.35,8485.98,1503.37,45,Female,South,22,0,125,1,7,22232.55,0.07857142857142858,3176.078571428571
C0605,Electronics,2025-05-14,5,0.1,Electronics 2,4996.11,3827.38,1168.73,45,Male,West,22,1,312,1,5,17155.93,0.13,3431.186
C0130,Clothing,2025-05-12,3,0.1,Clothing 4,1220.76,687.11,533.65,47,Female,West,55,0,101,0,5,18071.14,0.07,3614.228
C0393,Grocery,2025-11-25,7,0.2,Grocery 1,882.99,577.66,305.33,49,Female,East,32,0,200,1,5,15686.03,0.11000000000000001,3137.206
C0297,Electronics,2025-05-15,5,0.1,Electronics 2,5105.49,4376.97,728.52,40,Female,West,25,1,107,0,7,24131.82,0.10714285714285714,3447.402857142857
C0517,Clothing,2024-04-12,7,0.0,Clothing 1,3732.41,2871.85,860.56,21,Female,East,56,1,120,0,5,12866.14,0.08,2573.228
C0041,Furniture,2024-12-31,1,0.2,Furniture 1,1729.42,1489.93,239.49,57,Female,North,1,1,129,0,7,14342.48,0.10714285714285714,2048.925714285714
C0571,Grocery,2024-09-18,2,0.1,Grocery 1,252.1,172.58,79.52,39,Male,East,3,1,158,1,4,32847.48,0.08750000000000001,8211.87
C0593,Grocery,2025-04-09,2,0.2,Grocery 1,250.03,181.69,68.34,68,Female,North,51,3,247,1,4,17603.47,0.1125,4400.8675
C0181,Grocery,2025-04-09,7,0.2,Grocery 5,833.33,709.92,123.41,25,Female,South,28,2,242,0,5,15946.84,0.09,3189.368
C0120,Beauty,2024-08-02,5,0.2,Beauty 4,1300.55,1062.17,238.38,40,Female,North,27,1,45,0,8,31426.46,0.10625000000000001,3928.3075
C0502,Grocery,2024-08-06,3,0.0,Grocery 5,448.6,306.0,142.6,68,Female,North,51,0,278,0,2,2873.33,0.025,1436.665
C0205,Grocery,2024-03-05,3,0.1,Grocery 1,395.19,220.48,174.71,31,Female,North,45,0,211,0,4,21112.949999999997,0.1,5278.237499999999
C0753,Beauty,2024-08-02,6,0.2,Beauty 5,1380.83,1184.92,195.91,66,Female,South,47,0,314,1,5,16986.16,0.17,3397.232
C0620,Electronics,2025-08-27,9,0.2,Electronics 3,9337.46,7705.5,1631.96,40,Female,West,21,0,328,1,7,17893.73,0.0642857142857143,2556.247142857143
C0764,Electronics,2025-04-23,9,0.1,Electronics 4,9187.69,6497.59,2690.1,36,Female,West,8,1,85,0,2,10468.800000000001,0.05,5234.400000000001
C0427,Grocery,2025-11-19,5,0.2,Grocery 5,639.33,473.86,165.47,59,Female,West,56,2,331,1,4,3805.95,0.15000000000000002,951.4875
C0750,Clothing,2025-11-07,7,0.2,Clothing 2,2628.74,1633.79,994.95,67,Male,East,43,0,117,0,7,37801.61,0.15714285714285717,5400.2300000000005
C0011,Clothing,2025-09-17,1,0.0,Clothing 4,514.34,357.07,157.27,68,Female,North,3,2,142,1,4,13419.150000000001,0.0625,3354.7875000000004
C0231,Electronics,2024-05-11,9,0.2,Electronics 4,8555.44,5194.17,3361.27,62,Male,West,41,2,18,0,8,29938.63,0.10625000000000001,3742.32875
C0001,Beauty,2024-08-31,1,0.1,Beauty 3,248.65,155.08,93.57,58,Male,East,34,2,71,0,4,15625.63,0.07500000000000001,3906.4075
C0542,Furniture,2024-02-11,4,0.1,Furniture 3,6661.34,5637.02,1024.32,28,Male,West,46,3,172,1,6,33018.34,0.08333333333333333,5503.056666666666
C0408,Furniture,2024-03-09,7,0.0,Furniture 2,13388.23,9062.03,4326.2,66,Male,West,47,1,90,0,1,13388.23,0.0,13388.23
C0230,Electronics,2024-06-17,9,0.2,Electronics 1,9100.77,7600.54,1500.23,42,Male,South,56,1,123,0,7,22226.55,0.08571428571428573,3175.2214285714285
C0243,Clothing,2024-07-23,2,0.05,Clothing 5,993.5,711.21,282.29,51,Male,West,28,0,342,1,1,993.5,0.05,993.5
C0515,Furniture,2024-01-12,6,0.05,Furniture 4,10727.67,6165.97,4561.7,23,Male,North,26,2,276,1,9,37369.950000000004,0.08333333333333333,4152.216666666667
C0144,Grocery,2025-09-07,2,0.05,Grocery 3,283.64,191.89,91.75,69,Male,North,48,0,109,0,6,6988.34,0.06666666666666667,1164.7233333333334
C0411,Furniture,2025-01-19,1,0.2,Furniture 4,1471.04,890.56,580.48,29,Female,South,17,1,338,1,4,25414.93,0.0625,6353.7325
C0490,Furniture,2025-04-23,4,0.05,Furniture 3,7928.24,6285.13,1643.11,66,Male,West,9,1,55,0,7,55106.509999999995,0.10714285714285714,7872.358571428571
C0191,Grocery,2025-04-22,6,0.0,Grocery 2,952.79,827.96,124.83,50,Female,West,23,1,233,0,5,27656.429999999997,0.08,5531.285999999999
C0182,Furniture,2025-12-06,3,0.0,Furniture 5,6472.21,5288.29,1183.92,43,Female,North,18,0,173,0,8,32395.14,0.10625000000000001,4049.3925
C0283,Clothing,2024-04-17,9,0.2,Clothing 5,3877.74,3189.26,688.48,43,Female,West,48,1,101,1,5,23334.94,0.08,4666.987999999999
C0473,Electronics,2024-09-07,6,0.0,Electronics 2,6966.56,5933.09,1033.47,42,Female,South,13,1,32,0,7,34309.61,0.08571428571428573,4901.372857142857
C0203,Beauty,2024-08-13,4,0.2,Beauty 5,912.87,750.23,162.64,54,Female,South,34,1,263,1,2,5611.57,0.15000000000000002,2805.785
C0303,Electronics,2025-02-06,5,0.0,Electronics 3,6475.91,4850.46,1625.45,64,Male,North,50,0,300,1,4,19970.17,0.1,4992.5425
C0434,Clothing,2025-01-19,5,0.2,Clothing 4,1858.4,1486.71,371.69,40,Female,West,23,2,135,0,6,10327.23,0.10833333333333334,1721.205
C0149,Electronics,2025-07-30,2,0.1,Electronics 1,1969.64,1370.05,599.59,21,Male,East,8,1,124,0,4,13203.16,0.025,3300.79
C0455,Clothing,2025-02-13,6,0.0,Clothing 3,2888.55,1660.27,1228.28,46,Male,South,5,1,287,1,5,17865.11,0.08,3573.022
C0110,Clothing,2024-06-19,8,0.2,Clothing 1,3366.59,2683.01,683.58,32,Female,South,12,2,322,1,7,18509.28,0.10714285714285714,2644.182857142857
C0114,Electronics,2025-02-16,4,0.05,Electronics 5,4737.11,3801.92,935.19,44,Female,East,7,1,103,1,6,39586.520000000004,0.09999999999999999,6597.753333333334
C0189,Grocery,2025-12-04,4,0.2,Grocery 2,526.76,330.96,195.8,33,Female,West,21,2,70,0,12,57799.59,0.125,4816.6325
C0229,Beauty,2025-02-26,9,0.1,Beauty 2,2361.73,2087.48,274.25,27,Male,West,3,2,262,1,9,29111.4,0.09444444444444446,3234.6000000000004
C0023,Electronics,2025-03-08,6,0.05,Electronics 4,6533.36,3713.42,2819.94,66,Female,North,49,0,336,0,5,25399.019999999997,0.09,5079.803999999999
C0769,Beauty,2024-05-08,3,0.0,Beauty 5,878.08,709.12,168.96,37,Female,North,36,0,118,0,3,13026.460000000001,0.03333333333333333,4342.153333333334
C0246,Grocery,2024-01-06,1,0.05,Grocery 2,150.54,133.83,16.71,57,Male,South,34,0,287,1,8,28256.02,0.037500000000000006,3532.0025
C0643,Grocery,2024-06-01,8,0.0,Grocery 4,1131.43,744.71,386.72,43,Male,North,32,1,258,0,6,33046.79,0.075,5507.798333333333
C0721,Grocery,2024-01-19,6,0.2,Grocery 4,784.48,682.0,102.48,66,Female,North,59,0,315,0,4,17280.78,0.1,4320.195
C0640,Clothing,2024-11-26,6,0.0,Clothing 3,3007.53,2524.08,483.45,52,Female,North,24,0,189,0,7,28070.89,0.07857142857142858,4010.1271428571426
C0665,Electronics,2025-10-06,3,0.0,Electronics 5,3803.86,3082.79,721.07,54,Male,North,33,0,40,0,4,14991.3,0.1,3747.825
C0080,Grocery,2024-11-22,2,0.0,Grocery 1,319.64,282.51,37.13,66,Male,West,39,3,62,0,7,15139.73,0.08571428571428573,2162.8185714285714
C0297,Beauty,2025-04-16,5,0.2,Beauty 5,1194.92,930.75,264.17,40,Female,West,25,1,107,0,7,24131.82,0.10714285714285714,3447.402857142857
C0596,Grocery,2025-09-16,7,0.2,Grocery 3,880.55,636.82,243.73,48,Female,South,18,0,288,1,7,22800.28,0.1642857142857143,3257.182857142857
C0460,Grocery,2025-07-11,3,0.1,Grocery 1,394.04,309.91,84.13,55,Male,West,12,0,104,0,3,11619.72,0.06666666666666667,3873.24
C0004,Furniture,2025-04-19,5,0.0,Furniture 5,10621.86,7373.04,3248.82,40,Female,North,23,1,90,1,12,47598.26,0.08750000000000001,3966.521666666667
C0453,Clothing,2025-07-26,9,0.1,Clothing 4,4312.36,2862.16,1450.2,19,Female,West,6,0,226,0,7,24341.58,0.05,3477.3685714285716
C0643,Electronics,2024-07-23,2,0.2,Electronics 5,1945.42,1125.98,819.44,43,Male,North,32,1,258,0,6,33046.79,0.075,5507.798333333333
C0662,Grocery,2024-11-02,3,0.0,Grocery 1,424.63,289.73,134.9,19,Male,North,23,0,222,1,4,3775.9,0.125,943.975
C0307,Beauty,2024-10-18,3,0.2,Beauty 4,787.71,654.68,133.03,46,Female,North,18,2,38,0,8,20996.61,0.125,2624.57625
C0189,Clothing,2025-08-05,9,0.0,Clothing 4,4902.28,4318.43,583.85,33,Female,West,21,2,70,0,12,57799.59,0.125,4816.6325
C0247,Beauty,2024-10-25,5,0.2,Beauty 5,1228.76,1095.2,133.56,39,Female,East,47,1,225,1,6,6553.33,0.10000000000000002,1092.2216666666666
C0237,Beauty,2025-11-15,9,0.1,Beauty 2,2665.17,1658.49,1006.68,40,Male,South,44,1,219,1,4,8098.14,0.125,2024.535
C0277,Clothing,2024-05-16,9,0.2,Clothing 5,3602.01,2701.51,900.5,58,Male,West,52,3,185,1,9,40737.85,0.07777777777777778,4526.427777777778
C0241,Grocery,2024-05-05,4,0.05,Grocery 4,555.81,417.7,138.11,48,Female,North,30,0,340,1,7,27081.78,0.09285714285714286,3868.825714285714
C0365,Furniture,2025-06-06,1,0.2,Furniture 2,1587.36,970.86,616.5,44,Male,East,32,1,312,1,1,1587.36,0.2,1587.36
C0032,Grocery,2025-07-11,3,0.2,Grocery 2,327.31,246.65,80.66,22,Male,North,10,0,32,0,7,26049.53,0.07857142857142858,3721.3614285714284
C0220,Furniture,2025-05-10,5,0.05,Furniture 5,9593.33,6494.37,3098.96,24,Male,South,50,0,50,0,10,35275.33,0.06000000000000001,3527.5330000000004
C0251,Beauty,2024-08-12,4,0.1,Beauty 4,1115.91,981.82,134.09,43,Male,South,52,2,24,0,3,35683.07,0.06666666666666667,11894.356666666667
C0122,Furniture,2024-01-07,1,0.05,Furniture 1,1751.62,1119.85,631.77,52,Male,East,13,2,187,0,4,8609.24,0.0625,2152.31
C0702,Beauty,2024-08-22,9,0.05,Beauty 1,2439.62,2054.74,384.88,26,Male,East,1,2,267,1,7,19026.28,0.09285714285714286,2718.04
C0540,Beauty,2024-12-06,3,0.2,Beauty 5,751.85,649.52,102.33,54,Female,East,43,1,94,0,4,5028.03,0.125,1257.0075
C0729,Beauty,2024-10-28,6,0.0,Beauty 1,1905.69,1538.95,366.74,52,Female,North,47,0,107,0,4,20536.06,0.1125,5134.015
C0449,Beauty,2025-11-04,9,0.0,Beauty 2,2962.37,1851.89,1110.48,32,Female,East,22,3,110,0,7,10621.79,0.1285714285714286,1517.3985714285716
C0087,Clothing,2025-09-22,5,0.05,Clothing 4,2257.78,1447.53,810.25,34,Male,South,4,0,37,0,9,15399.86,0.1111111111111111,1711.0955555555556
C0723,Electronics,2025-07-19,7,0.2,Electronics 5,7178.89,6388.43,790.46,24,Male,East,37,2,202,0,4,13961.09,0.15000000000000002,3490.2725
C0366,Electronics,2024-01-17,1,0.0,Electronics 2,1121.3,646.47,474.83,42,Male,South,22,1,5,0,4,13221.569999999998,0.125,3305.3924999999995
C0547,Clothing,2024-04-03,7,0.05,Clothing 4,3079.53,1819.94,1259.59,48,Female,West,30,1,105,0,5,12097.619999999999,0.06000000000000001,2419.524
C0305,Furniture,2024-11-12,8,0.1,Furniture 4,15060.11,13441.14,1618.97,25,Male,North,17,1,58,0,6,34646.350000000006,0.06666666666666667,5774.391666666667
C0395,Grocery,2025-03-29,9,0.05,Grocery 4,1268.62,1042.7,225.92,63,Female,North,55,0,344,1,5,17745.1,0.07,3549.0199999999995
C0391,Grocery,2025-05-11,1,0.1,Grocery 4,142.94,115.96,26.98,27,Male,South,10,2,250,1,10,21076.36,0.075,2107.636
C0227,Electronics,2024-08-04,3,0.1,Electronics 2,3099.1,1878.28,1220.82,48,Male,West,1,1,364,1,8,34385.47,0.08750000000000001,4298.18375
C0443,Furniture,2024-03-21,1,0.2,Furniture 4,1508.22,1087.62,420.6,43,Male,East,29,0,49,0,10,24585.21,0.155,2458.5209999999997
C0586,Clothing,2024-08-27,9,0.2,Clothing 1,3635.14,3069.03,566.11,53,Female,South,45,0,329,1,8,29057.98,0.125,3632.2475
C0016,Furniture,2025-08-01,3,0.05,Furniture 4,5261.45,3499.42,1762.03,44,Male,West,37,4,206,1,5,11302.56,0.030000000000000006,2260.5119999999997
C0104,Electronics,2025-12-21,5,0.05,Electronics 4,5447.77,3363.82,2083.95,59,Male,West,4,1,260,1,6,35176.99,0.06666666666666667,5862.831666666666
C0673,Clothing,2025-11-18,5,0.05,Clothing 4,2216.46,1227.54,988.92,22,Male,South,47,1,40,0,8,37772.36,0.0625,4721.545
C0455,Electronics,2025-03-09,7,0.05,Electronics 1,7692.8,5907.22,1785.58,46,Male,South,5,1,287,1,5,17865.11,0.08,3573.022
C0778,Clothing,2024-03-07,9,0.2,Clothing 5,3791.16,2475.0,1316.16,32,Male,West,13,1,57,1,9,37075.880000000005,0.1277777777777778,4119.542222222222
C0483,Beauty,2025-12-07,3,0.1,Beauty 3,748.56,637.99,110.57,59,Female,East,3,1,203,1,5,7389.03,0.14,1477.806
C0522,Grocery,2024-04-21,8,0.1,Grocery 1,1104.16,716.86,387.3,27,Female,East,8,2,296,1,8,34039.2,0.13125,4254.9
C0719,Grocery,2024-07-14,3,0.05,Grocery 3,434.75,262.18,172.57,49,Male,West,52,0,311,1,4,4455.63,0.037500000000000006,1113.9075
C0528,Clothing,2025-12-12,2,0.1,Clothing 3,906.86,803.62,103.24,65,Female,North,11,1,58,0,7,38804.64,0.0642857142857143,5543.5199999999995
C0263,Clothing,2025-01-02,1,0.1,Clothing 3,448.58,398.19,50.39,66,Female,South,30,0,158,0,4,8224.86,0.07500000000000001,2056.215
C0422,Furniture,2024-05-24,4,0.1,Furniture 4,7435.96,5872.61,1563.35,57,Female,East,8,0,193,0,7,36287.56,0.15714285714285717,5183.937142857142
C0188,Beauty,2025-01-01,6,0.2,Beauty 3,1541.32,1348.55,192.77,30,Male,South,58,2,59,0,6,12464.88,0.10833333333333334,2077.48
C0267,Furniture,2024-02-27,8,0.2,Furniture 2,11934.81,7240.15,4694.66,36,Female,West,57,0,292,1,6,30778.89,0.125,5129.815
C0544,Furniture,2024-08-18,8,0.0,Furniture 4,17005.22,12092.74,4912.48,61,Male,South,49,1,127,0,10,52400.32,0.1,5240.032
C0119,Grocery,2025-11-26,5,0.0,Grocery 2,684.22,425.21,259.01,23,Female,East,59,1,173,0,4,4702.04,0.07500000000000001,1175.51
C0537,Electronics,2024-08-05,4,0.2,Electronics 1,3826.27,2745.63,1080.64,24,Male,North,43,2,8,0,7,15154.029999999999,0.1285714285714286,2164.8614285714284
C0467,Furniture,2025-10-13,2,0.05,Furniture 2,3808.71,3149.47,659.24,48,Male,West,10,3,147,0,7,27924.32,0.12142857142857144,3989.1885714285713
C0246,Beauty,2025-01-31,9,0.05,Beauty 5,2409.86,2038.08,371.78,57,Male,South,34,0,287,1,8,28256.02,0.037500000000000006,3532.0025
C0035,Grocery,2025-04-23,4,0.2,Grocery 3,440.61,242.98,197.63,21,Female,East,34,3,23,0,7,25360.25,0.09285714285714286,3622.8928571428573
C0563,Electronics,2025-05-28,7,0.1,Electronics 2,6917.27,4747.5,2169.77,27,Male,West,4,0,163,0,9,27501.960000000003,0.03888888888888889,3055.7733333333335
C0659,Furniture,2025-02-06,6,0.0,Furniture 2,10889.36,9777.82,1111.54,32,Female,West,17,0,279,0,3,13501.560000000001,0.13333333333333333,4500.52
C0584,Beauty,2024-01-26,9,0.0,Beauty 5,2739.74,2071.96,667.78,39,Male,East,43,0,30,0,2,10484.51,0.0,5242.255
C0336,Clothing,2025-11-02,9,0.2,Clothing 4,3351.94,2191.06,1160.88,68,Female,South,34,2,206,1,9,34270.3,0.11666666666666667,3807.8111111111116
C0522,Electronics,2024-12-12,7,0.2,Electronics 4,7134.9,4895.6,2239.3,27,Female,East,8,2,296,1,8,34039.2,0.13125,4254.9
C0331,Furniture,2025-04-23,6,0.05,Furniture 4,12309.61,8160.01,4149.6,37,Female,South,31,1,130,0,7,37008.130000000005,0.09285714285714286,5286.875714285715
C0286,Clothing,2025-02-08,2,0.2,Clothing 5,766.79,541.86,224.93,26,Female,East,15,0,30,1,7,29938.910000000003,0.12142857142857144,4276.987142857143
C0261,Furniture,2025-04-25,1,0.0,Furniture 4,1865.79,1316.45,549.34,26,Female,South,46,0,5,0,5,13105.98,0.1,2621.196
C0168,Furniture,2024-09-15,5,0.2,Furniture 3,7855.38,5714.02,2141.36,35,Female,North,23,1,208,0,6,26366.82,0.13333333333333333,4394.47
C0775,Clothing,2025-09-07,7,0.0,Clothing 2,3767.1,2684.35,1082.75,67,Male,West,33,3,94,1,6,18054.95,0.041666666666666664,3009.1583333333333
C0532,Electronics,2024-06-12,7,0.1,Electronics 1,7408.53,5412.97,1995.56,26,Male,East,10,1,108,0,7,24829.2,0.15,3547.0285714285715
C0139,Grocery,2025-04-21,3,0.2,Grocery 4,331.8,185.74,146.06,40,Female,North,30,2,16,0,8,11108.94,0.1,1388.6175
C0692,Grocery,2025-02-25,5,0.1,Grocery 5,740.43,421.34,319.09,66,Male,North,43,0,222,0,5,6455.82,0.09,1291.164
C0121,Beauty,2025-01-02,8,0.2,Beauty 4,1919.88,1305.33,614.55,52,Female,East,3,2,354,1,5,32208.82,0.12000000000000002,6441.764
C0474,Clothing,2024-01-17,1,0.05,Clothing 3,460.03,395.5,64.53,50,Female,East,23,0,318,1,5,6499.9800000000005,0.11000000000000001,1299.996
C0132,Clothing,2024-10-11,4,0.05,Clothing 1,2049.58,1694.57,355.01,22,Male,East,55,1,32,0,4,7259.38,0.0875,1814.845
C0288,Beauty,2024-02-04,9,0.05,Beauty 4,2784.26,1638.69,1145.57,46,Female,North,38,0,165,1,3,12022.08,0.09999999999999999,4007.36
C0526,Furniture,2025-01-02,2,0.0,Furniture 2,3997.44,2890.91,1106.53,66,Female,South,37,0,11,0,8,48302.36,0.05625,6037.795
C0799,Furniture,2025-05-17,3,0.05,Furniture 4,5479.66,4173.34,1306.32,41,Female,East,16,0,107,0,7,15556.59,0.14285714285714285,2222.37
C0793,Beauty,2025-01-16,5,0.0,Beauty 2,1494.79,1073.88,420.91,60,Male,North,12,0,143,0,5,26255.34,0.06000000000000001,5251.068
C0716,Furniture,2025-07-06,7,0.2,Furniture 5,10571.19,8395.09,2176.1,44,Male,North,38,2,59,0,4,17335.36,0.2,4333.84
C0188,Beauty,2024-09-20,3,0.0,Beauty 5,896.08,805.61,90.47,30,Male,South,58,2,59,0,6,12464.88,0.10833333333333334,2077.48
C0074,Furniture,2024-08-11,8,0.0,Furniture 2,15134.18,8834.82,6299.36,53,Female,East,7,0,170,1,4,39514.93,0.05,9878.7325
C0724,Grocery,2024-11-23,3,0.1,Grocery 2,414.9,303.06,111.84,58,Female,East,27,2,103,1,3,3696.73,0.11666666666666668,1232.2433333333333
C0738,Electronics,2024-06-16,4,0.1,Electronics 5,4544.54,3314.47,1230.07,56,Female,North,28,0,156,0,4,17906.63,0.1,4476.6575
C0222,Furniture,2025-08-08,6,0.0,Furniture 1,13126.63,9803.39,3323.24,54,Female,South,7,1,173,1,3,32091.289999999997,0.05000000000000001,10697.096666666666
C0015,Furniture,2025-08-14,1,0.1,Furniture 3,1923.33,1170.23,753.1,58,Female,North,29,1,35,1,6,13034.72,0.06666666666666667,2172.4533333333334
C0518,Beauty,2024-10-31,7,0.0,Beauty 1,1926.18,1489.76,436.42,42,Male,East,51,1,342,0,4,17413.14,0.05,4353.285
C0060,Furniture,2025-08-01,7,0.2,Furniture 3,10553.81,5968.38,4585.43,65,Female,East,21,2,305,1,6,33614.03,0.05833333333333334,5602.338333333333
C0032,Grocery,2024-01-19,8,0.0,Grocery 1,1207.61,977.43,230.18,22,Male,North,10,0,32,0,7,26049.53,0.07857142857142858,3721.3614285714284
C0749,Grocery,2024-04-22,3,0.1,Grocery 1,385.36,301.39,83.97,26,Male,East,7,1,355,1,7,20021.2,0.1285714285714286,2860.171428571429
C0396,Electronics,2024-07-25,4,0.1,Electronics 3,3900.41,2596.3,1304.11,20,Female,East,52,2,191,1,4,19140.54,0.15000000000000002,4785.135
C0089,Electronics,2024-10-10,9,0.05,Electronics 1,10782.83,9662.99,1119.84,61,Male,North,22,2,60,1,4,14090.09,0.05,3522.5225
C0523,Electronics,2024-06-18,1,0.1,Electronics 4,1049.28,881.47,167.81,60,Female,East,32,2,204,1,4,11297.240000000002,0.07500000000000001,2824.3100000000004
C0295,Beauty,2025-01-08,5,0.05,Beauty 3,1301.34,961.48,339.86,45,Male,West,22,2,322,1,3,11738.34,0.10000000000000002,3912.78
C0429,Furniture,2025-08-02,5,0.1,Furniture 3,9015.91,8084.37,931.54,55,Male,South,8,0,320,1,5,18514.11,0.07,3702.822
C0719,Clothing,2024-11-29,5,0.0,Clothing 3,2738.6,2301.88,436.72,49,Male,West,52,0,311,1,4,4455.63,0.037500000000000006,1113.9075
C0190,Grocery,2024-11-23,4,0.1,Grocery 5,559.28,334.61,224.67,53,Male,East,5,0,306,1,7,19137.16,0.1,2733.88
C0517,Grocery,2024-02-13,7,0.2,Grocery 5,782.67,592.38,190.29,21,Female,East,56,1,120,0,5,12866.14,0.08,2573.228
C0662,Clothing,2024-07-23,2,0.2,Clothing 1,802.29,604.37,197.92,19,Male,North,23,0,222,1,4,3775.9,0.125,943.975
C0339,Grocery,2025-08-12,9,0.05,Grocery 4,1385.54,1078.69,306.85,67,Female,North,21,1,243,0,5,22016.73,0.07,4403.346
C0776,Clothing,2025-08-14,9,0.05,Clothing 3,3893.88,3423.75,470.13,40,Female,West,37,1,266,1,5,19128.57,0.04,3825.714
C0358,Furniture,2024-03-17,2,0.05,Furniture 4,3904.8,2820.09,1084.71,22,Male,East,22,0,136,0,5,22788.23,0.11000000000000001,4557.646
C0367,Furniture,2024-01-15,9,0.2,Furniture 4,15037.27,8677.76,6359.51,34,Male,South,59,1,60,0,4,22130.24,0.125,5532.56
C0707,Electronics,2025-08-29,3,0.2,Electronics 4,2997.51,2151.51,846.0,47,Male,North,22,3,82,0,9,17932.65,0.07777777777777778,1992.5166666666669
C0508,Grocery,2024-05-07,1,0.1,Grocery 4,125.55,103.67,21.88,31,Male,South,8,1,38,0,7,27352.89,0.05,3907.555714285714
C0694,Beauty,2025-02-23,4,0.2,Beauty 2,1038.2,701.32,336.88,22,Male,East,54,0,260,0,7,6780.91,0.042857142857142864,968.7014285714286
C0632,Beauty,2025-08-26,8,0.0,Beauty 5,2314.69,1295.04,1019.65,40,Male,West,34,1,271,1,3,10634.91,0.03333333333333333,3544.97
C0569,Furniture,2025-07-28,8,0.2,Furniture 4,11652.46,7645.59,4006.87,47,Female,West,38,1,202,1,7,41412.94,0.12142857142857144,5916.134285714286
C0193,Furniture,2025-02-05,6,0.2,Furniture 2,8799.78,6940.85,1858.93,36,Male,South,6,1,229,1,6,26047.59,0.06666666666666667,4341.265
C0319,Electronics,2024-10-01,8,0.1,Electronics 2,8566.69,4969.57,3597.12,57,Male,East,10,0,143,0,2,9524.1,0.1,4762.05
C0691,Beauty,2025-07-18,3,0.1,Beauty 3,735.48,501.29,234.19,59,Male,South,24,0,290,1,7,17522.11,0.08571428571428573,2503.1585714285716
C0492,Furniture,2025-05-22,8,0.2,Furniture 2,13515.65,8063.38,5452.27,57,Male,West,22,0,361,1,6,50652.009999999995,0.13333333333333333,8442.001666666665
C0224,Beauty,2025-09-03,6,0.1,Beauty 4,1738.53,1245.79,492.74,55,Female,West,55,2,163,0,7,10123.789999999999,0.1,1446.2557142857142
C0261,Beauty,2025-01-10,2,0.2,Beauty 3,433.28,259.76,173.52,26,Female,South,46,0,5,0,5,13105.98,0.1,2621.196
C0620,Clothing,2025-11-18,2,0.0,Clothing 1,1062.0,624.63,437.37,40,Female,West,21,0,328,1,7,17893.73,0.0642857142857143,2556.247142857143
C0142,Electronics,2025-07-15,3,0.1,Electronics 2,3551.82,2820.96,730.86,32,Female,South,57,0,58,0,5,21772.43,0.030000000000000006,4354.486
C0089,Furniture,2024-02-16,1,0.05,Furniture 5,1721.54,1042.05,679.49,61,Male,North,22,2,60,1,4,14090.09,0.05,3522.5225
C0612,Grocery,2024-08-02,3,0.2,Grocery 5,376.2,227.29,148.91,58,Male,East,3,1,85,1,3,4777.1,0.15,1592.3666666666668
C0230,Electronics,2025-08-06,9,0.2,Electronics 2,9502.43,7196.97,2305.46,42,Male,South,56,1,123,0,7,22226.55,0.08571428571428573,3175.2214285714285
C0612,Clothing,2024-03-25,3,0.2,Clothing 4,1271.31,718.62,552.69,58,Male,East,3,1,85,1,3,4777.1,0.15,1592.3666666666668
C0426,Beauty,2025-06-01,6,0.0,Beauty 1,1801.93,1011.87,790.06,62,Male,East,22,2,182,1,7,12738.29,0.1,1819.7557142857145
C0798,Clothing,2024-09-05,9,0.05,Clothing 5,4604.02,3227.45,1376.57,34,Female,South,58,2,142,0,4,10869.01,0.1,2717.2525
C0419,Clothing,2024-05-31,3,0.0,Clothing 4,1562.38,1058.96,503.42,44,Male,South,42,3,236,1,5,45789.270000000004,0.05,9157.854000000001
C0693,Furniture,2025-01-29,7,0.2,Furniture 1,10735.09,7950.59,2784.5,67,Male,East,15,1,84,1,1,10735.09,0.2,10735.09
C0680,Furniture,2025-11-11,5,0.05,Furniture 4,8976.21,8058.12,918.09,55,Male,West,26,0,177,0,6,28823.52,0.05833333333333334,4803.92
C0169,Clothing,2025-10-17,3,0.1,Clothing 3,1353.39,950.28,403.11,19,Male,North,55,0,257,1,4,15212.48,0.1,3803.12
C0796,Beauty,2024-10-22,9,0.05,Beauty 5,2499.84,1878.93,620.91,68,Female,West,14,0,272,1,4,11684.39,0.0625,2921.0975
C0596,Grocery,2024-01-03,6,0.2,Grocery 2,695.44,606.24,89.2,48,Female,South,18,0,288,1,7,22800.28,0.1642857142857143,3257.182857142857
C0085,Electronics,2025-10-09,4,0.2,Electronics 5,3592.65,2583.52,1009.13,54,Female,East,22,1,189,0,8,32791.37,0.09375,4098.92125
C0004,Clothing,2025-10-16,8,0.2,Clothing 5,3420.98,2816.81,604.17,40,Female,North,23,1,90,1,12,47598.26,0.08750000000000001,3966.521666666667
C0217,Beauty,2025-03-17,9,0.1,Beauty 2,2529.64,1877.06,652.58,23,Male,South,4,2,175,1,5,13070.380000000001,0.04,2614.076
C0012,Electronics,2025-04-03,8,0.0,Electronics 3,9276.14,7170.67,2105.47,56,Female,East,55,1,94,0,6,19923.39,0.07500000000000001,3320.565
C0286,Electronics,2025-01-19,8,0.2,Electronics 4,7277.06,6377.44,899.62,26,Female,East,15,0,30,1,7,29938.910000000003,0.12142857142857144,4276.987142857143
C0797,Furniture,2024-01-10,3,0.0,Furniture 2,5553.77,3055.94,2497.83,41,Female,South,48,0,284,1,11,29578.27,0.08181818181818182,2688.933636363636
C0383,Grocery,2024-04-26,4,0.05,Grocery 5,525.83,455.02,70.81,30,Male,West,50,1,316,1,6,14407.539999999999,0.075,2401.2566666666667
C0019,Clothing,2024-04-14,3,0.05,Clothing 1,1460.76,1057.87,402.89,41,Female,West,25,1,340,1,5,7449.74,0.07,1489.9479999999999
C0395,Grocery,2025-10-29,7,0.05,Grocery 2,919.46,700.97,218.49,63,Female,North,55,0,344,1,5,17745.1,0.07,3549.0199999999995
C0175,Electronics,2024-02-06,8,0.2,Electronics 3,8386.89,5933.89,2453.0,42,Male,North,20,2,195,0,9,27782.17,0.061111111111111116,3086.9077777777775
C0684,Clothing,2025-02-10,6,0.0,Clothing 3,2867.48,1838.98,1028.5,26,Male,East,21,1,10,0,3,5329.110000000001,0.03333333333333333,1776.3700000000001
C0072,Clothing,2024-09-21,6,0.1,Clothing 1,2443.93,1400.62,1043.31,42,Male,South,25,3,358,1,4,14569.25,0.125,3642.3125
C0616,Grocery,2024-01-05,7,0.0,Grocery 5,1124.62,990.56,134.06,30,Female,South,32,1,124,1,4,9030.880000000001,0.05,2257.7200000000003
C0356,Furniture,2025-11-02,2,0.2,Furniture 2,3115.26,2393.63,721.63,25,Male,East,53,0,145,0,6,16028.41,0.10833333333333334,2671.4016666666666
C0015,Beauty,2024-01-14,4,0.1,Beauty 1,1046.08,895.15,150.93,58,Female,North,29,1,35,1,6,13034.72,0.06666666666666667,2172.4533333333334
C0538,Electronics,2025-09-16,7,0.05,Electronics 3,7371.32,4804.5,2566.82,46,Female,East,54,1,29,0,3,16851.23,0.016666666666666666,5617.076666666667
C0364,Clothing,2025-07-21,1,0.0,Clothing 5,516.04,334.03,182.01,24,Female,West,13,1,316,1,8,42545.5,0.11875000000000001,5318.1875
C0617,Clothing,2025-08-02,9,0.0,Clothing 1,4372.91,2919.02,1453.89,31,Male,West,13,1,143,1,6,22553.73,0.041666666666666664,3758.955
C0494,Grocery,2024-04-28,2,0.0,Grocery 3,319.38,201.49,117.89,33,Female,North,16,0,162,0,4,5910.54,0.07500000000000001,1477.635
C0629,Grocery,2025-10-05,8,0.05,Grocery 5,1169.78,847.26,322.52,37,Female,West,53,1,262,0,4,13942.71,0.08750000000000001,3485.6775
C0368,Beauty,2025-03-13,6,0.2,Beauty 5,1549.41,1359.89,189.52,19,Female,West,29,1,133,1,7,25568.27,0.1285714285714286,3652.61
C0006,Beauty,2024-10-20,8,0.0,Beauty 1,2458.83,2106.29,352.54,22,Female,North,22,2,178,0,1,2458.83,0.0,2458.83
C0104,Furniture,2025-05-12,7,0.1,Furniture 4,13303.78,9622.43,3681.35,59,Male,West,4,1,260,1,6,35176.99,0.06666666666666667,5862.831666666666
C0367,Electronics,2024-09-06,5,0.05,Electronics 5,5924.05,3981.36,1942.69,34,Male,South,59,1,60,0,4,22130.24,0.125,5532.56
C0317,Electronics,2024-07-22,7,0.0,Electronics 4,8337.16,6370.35,1966.81,55,Female,South,41,0,282,0,5,14552.81,0.04,2910.562
C0635,Beauty,2024-07-29,4,0.1,Beauty 4,1120.75,856.58,264.17,53,Male,West,57,0,295,0,6,15135.01,0.10000000000000002,2522.5016666666666
C0329,Beauty,2025-02-19,6,0.1,Beauty 4,1673.01,1320.54,352.47,46,Female,West,28,1,181,1,10,27679.47,0.085,2767.947
C0688,Clothing,2025-03-14,9,0.2,Clothing 3,3244.83,2392.93,851.9,41,Male,West,14,0,229,1,4,11235.51,0.08750000000000001,2808.8775
C0150,Electronics,2024-06-24,1,0.1,Electronics 1,1122.91,628.12,494.79,62,Male,West,39,2,24,0,5,11792.529999999999,0.09,2358.506
C0307,Furniture,2024-06-28,4,0.05,Furniture 4,7238.48,4173.83,3064.65,46,Female,North,18,2,38,0,8,20996.61,0.125,2624.57625
C0605,Grocery,2025-11-21,1,0.2,Grocery 4,121.0,107.79,13.21,45,Male,West,22,1,312,1,5,17155.93,0.13,3431.186
C0099,Beauty,2025-01-10,5,0.0,Beauty 5,1383.4,1122.19,261.21,25,Female,West,55,0,118,0,11,40467.1,0.05909090909090909,3678.8272727272724
C0257,Grocery,2025-09-19,8,0.1,Grocery 5,976.97,861.58,115.39,23,Female,East,16,0,32,0,9,16867.92,0.09444444444444446,1874.2133333333331
C0601,Furniture,2024-08-29,1,0.2,Furniture 2,1444.84,966.36,478.48,58,Male,North,40,0,215,0,6,10347.54,0.09166666666666667,1724.5900000000001
C0471,Furniture,2024-07-29,5,0.0,Furniture 5,9316.39,6868.34,2448.05,59,Male,East,58,0,193,0,3,13762.439999999999,0.08333333333333333,4587.48
C0622,Electronics,2024-07-25,4,0.2,Electronics 1,3471.28,2300.36,1170.92,26,Female,North,23,1,354,1,3,7810.93,0.13333333333333333,2603.6433333333334
C0412,Electronics,2025-01-21,8,0.0,Electronics 5,8894.2,7721.3,1172.9,32,Male,North,12,1,310,1,3,13130.330000000002,0.03333333333333333,4376.776666666668
C0687,Furniture,2025-07-22,2,0.05,Furniture 1,3844.97,2501.95,1343.02,48,Male,West,11,1,60,0,4,7659.2,0.0625,1914.8
C0701,Electronics,2024-12-31,2,0.05,Electronics 4,2234.52,1771.6,462.92,50,Male,North,8,1,324,1,8,22130.11,0.1,2766.26375
C0779,Clothing,2024-08-03,1,0.0,Clothing 4,548.07,335.02,213.05,62,Female,East,11,0,27,0,5,20705.03,0.06000000000000001,4141.005999999999
C0097,Furniture,2025-12-01,4,0.1,Furniture 4,7644.52,4486.09,3158.43,53,Male,North,53,0,130,0,5,12034.1,0.07,2406.82
C0472,Clothing,2025-02-21,5,0.05,Clothing 5,2207.22,1334.2,873.02,40,Female,South,49,1,247,1,5,17261.51,0.05,3452.3019999999997
C0091,Electronics,2024-10-14,9,0.1,Electronics 3,9558.24,7028.26,2529.98,59,Female,West,16,0,49,0,5,18604.64,0.08,3720.928
C0183,Electronics,2024-01-08,5,0.05,Electronics 1,5621.31,4753.32,867.99,54,Female,West,39,0,13,0,5,27281.52,0.12000000000000002,5456.304
C0240,Grocery,2025-02-14,2,0.1,Grocery 4,262.55,236.23,26.32,25,Female,South,15,0,43,0,2,1117.49,0.1,558.745
C0516,Furniture,2025-03-29,7,0.2,Furniture 2,11190.12,8593.33,2596.79,63,Female,West,37,1,96,0,8,56319.619999999995,0.1125,7039.952499999999
C0344,Furniture,2025-11-08,1,0.1,Furniture 4,1861.15,1371.22,489.93,65,Male,South,12,0,101,0,5,9996.99,0.11000000000000001,1999.398
C0691,Beauty,2024-06-17,4,0.0,Beauty 2,1233.81,1018.4,215.41,59,Male,South,24,0,290,1,7,17522.11,0.08571428571428573,2503.1585714285716
C0238,Furniture,2024-04-28,6,0.05,Furniture 1,11074.19,6337.87,4736.32,34,Male,North,9,1,117,0,9,26140.66,0.08888888888888889,2904.5177777777776
C0493,Furniture,2025-12-30,3,0.05,Furniture 4,5933.75,4944.53,989.22,49,Male,North,54,1,120,0,12,41259.65,0.09166666666666667,3438.304166666667
C0610,Clothing,2025-02-05,6,0.0,Clothing 1,2873.69,2343.3,530.39,61,Male,East,22,0,209,1,7,9692.55,0.08571428571428573,1384.6499999999999
C0784,Clothing,2024-01-20,5,0.0,Clothing 2,2667.73,1961.69,706.04,42,Female,North,38,1,229,0,8,39552.1,0.10625000000000001,4944.0125
C0196,Clothing,2024-03-18,9,0.0,Clothing 4,4917.93,2744.43,2173.5,35,Female,West,30,3,14,0,6,24081.08,0.075,4013.513333333334
C0586,Electronics,2024-12-13,3,0.2,Electronics 5,2761.77,1714.42,1047.35,53,Female,South,45,0,329,1,8,29057.98,0.125,3632.2475
C0067,Beauty,2025-03-26,9,0.05,Beauty 2,2711.05,1841.89,869.16,37,Female,East,41,1,254,1,5,7380.18,0.06000000000000001,1476.036
C0434,Clothing,2024-06-26,6,0.2,Clothing 2,2550.44,2242.93,307.51,40,Female,West,23,2,135,0,6,10327.23,0.10833333333333334,1721.205
C0331,Grocery,2024-09-23,7,0.1,Grocery 2,943.25,729.58,213.67,37,Female,South,31,1,130,0,7,37008.130000000005,0.09285714285714286,5286.875714285715
C0766,Clothing,2025-06-21,2,0.1,Clothing 3,825.79,601.61,224.18,49,Female,South,45,1,324,0,4,14927.94,0.08750000000000001,3731.985
C0618,Electronics,2025-12-07,1,0.2,Electronics 1,1014.95,731.73,283.22,21,Female,South,36,0,152,0,6,9129.689999999999,0.06666666666666667,1521.6149999999998
C0741,Beauty,2024-12-24,7,0.1,Beauty 3,1855.03,1526.67,328.36,57,Male,South,25,0,259,0,3,3259.9900000000002,0.16666666666666666,1086.6633333333334
C0680,Clothing,2024-10-30,5,0.0,Clothing 5,2354.04,1561.37,792.67,55,Male,West,26,0,177,0,6,28823.52,0.05833333333333334,4803.92
C0328,Electronics,2024-09-20,3,0.05,Electronics 1,3506.63,2044.66,1461.97,25,Female,North,35,2,73,0,6,23693.44,0.125,3948.9066666666663
C0586,Clothing,2024-04-09,9,0.1,Clothing 5,3998.92,3147.01,851.91,53,Female,South,45,0,329,1,8,29057.98,0.125,3632.2475
C0024,Electronics,2024-02-08,3,0.0,Electronics 3,3303.05,2197.04,1106.01,58,Female,East,21,0,296,1,7,31354.340000000004,0.08571428571428573,4479.191428571429
C0446,Beauty,2025-08-31,4,0.0,Beauty 4,1316.08,873.82,442.26,34,Female,South,51,2,196,1,7,22460.99,0.028571428571428574,3208.7128571428575
C0037,Electronics,2024-01-28,7,0.0,Electronics 4,7971.03,5652.66,2318.37,61,Male,East,40,2,40,0,7,39181.15,0.05,5597.307142857143
C0579,Clothing,2025-08-22,9,0.1,Clothing 5,4058.88,2577.21,1481.67,23,Female,South,29,2,206,1,5,8709.880000000001,0.08,1741.976
C0773,Clothing,2024-06-29,9,0.05,Clothing 4,4418.03,3855.15,562.88,55,Female,South,21,0,299,0,8,40324.2,0.1125,5040.525
C0545,Electronics,2025-05-22,6,0.0,Electronics 5,6645.73,5625.21,1020.52,20,Female,South,7,1,3,1,8,20033.53,0.07500000000000001,2504.19125
C0671,Electronics,2025-11-25,1,0.1,Electronics 2,1131.71,1015.01,116.7,49,Female,South,29,0,158,0,6,19854.58,0.05000000000000001,3309.096666666667
C0187,Grocery,2025-06-30,1,0.1,Grocery 2,139.0,123.38,15.62,37,Male,North,19,1,35,1,4,12407.68,0.05,3101.92
C0795,Clothing,2025-06-16,7,0.1,Clothing 4,3146.06,2076.59,1069.47,33,Male,East,11,1,177,0,7,13222.75,0.10714285714285714,1888.9642857142858
C0440,Electronics,2024-07-12,5,0.0,Electronics 1,6034.0,4122.48,1911.52,68,Female,South,26,0,288,1,6,14036.65,0.08333333333333333,2339.4416666666666
C0539,Clothing,2025-03-12,2,0.2,Clothing 1,872.77,693.32,179.45,19,Male,South,10,1,289,0,4,7078.430000000001,0.07500000000000001,1769.6075000000003
C0616,Clothing,2025-04-13,7,0.0,Clothing 2,3787.63,2104.2,1683.43,30,Female,South,32,1,124,1,4,9030.880000000001,0.05,2257.7200000000003
C0511,Grocery,2024-11-06,9,0.1,Grocery 2,1120.71,1006.24,114.47,56,Male,East,6,1,123,0,5,9038.16,0.08,1807.632
C0253,Beauty,2024-01-28,1,0.1,Beauty 1,262.91,145.6,117.31,35,Female,North,23,1,269,1,7,26987.69,0.15714285714285717,3855.3842857142854
C0489,Clothing,2025-10-28,8,0.0,Clothing 4,4013.42,2953.96,1059.46,49,Female,North,12,1,28,0,12,31217.78,0.08750000000000001,2601.4816666666666
C0523,Furniture,2024-05-23,4,0.05,Furniture 3,8238.36,6459.25,1779.11,60,Female,East,32,2,204,1,4,11297.240000000002,0.07500000000000001,2824.3100000000004
C0685,Furniture,2025-12-11,4,0.0,Furniture 2,8506.5,7400.24,1106.26,59,Female,West,22,0,173,1,11,24208.12,0.06818181818181818,2200.7381818181816
C0385,Electronics,2025-11-11,7,0.05,Electronics 2,7798.83,6047.58,1751.25,24,Male,West,7,1,336,1,4,16207.529999999999,0.0625,4051.8824999999997
C0401,Grocery,2024-01-14,3,0.1,Grocery 5,436.28,331.11,105.17,58,Male,North,27,0,51,0,9,32108.64,0.1111111111111111,3567.6266666666666
C0402,Grocery,2025-06-23,2,0.05,Grocery 5,278.05,182.16,95.89,34,Female,South,59,0,145,1,3,7821.58,0.11666666666666668,2607.193333333333
C0091,Grocery,2025-04-07,9,0.1,Grocery 1,1159.4,877.46,281.94,59,Female,West,16,0,49,0,5,18604.64,0.08,3720.928
C0072,Electronics,2024-06-17,4,0.2,Electronics 4,3924.4,3188.17,736.23,42,Male,South,25,3,358,1,4,14569.25,0.125,3642.3125
C0016,Grocery,2025-08-16,2,0.0,Grocery 2,291.35,212.82,78.53,44,Male,West,37,4,206,1,5,11302.56,0.030000000000000006,2260.5119999999997
C0532,Electronics,2024-03-22,7,0.05,Electronics 2,8175.36,6727.28,1448.08,26,Male,East,10,1,108,0,7,24829.2,0.15,3547.0285714285715
C0335,Beauty,2024-06-30,2,0.0,Beauty 3,589.16,338.39,250.77,60,Male,North,9,1,175,1,5,33719.04,0.030000000000000006,6743.808
C0692,Grocery,2025-11-23,7,0.1,Grocery 5,1000.9,667.98,332.92,66,Male,North,43,0,222,0,5,6455.82,0.09,1291.164
C0561,Electronics,2025-06-26,1,0.0,Electronics 3,1309.03,1159.72,149.31,20,Male,North,25,0,160,0,5,29337.889999999996,0.13,5867.5779999999995
C0113,Grocery,2024-03-22,5,0.2,Grocery 5,572.44,379.65,192.79,41,Female,East,45,0,126,0,6,30657.06,0.10000000000000002,5109.51
C0080,Beauty,2024-04-15,4,0.05,Beauty 5,1142.28,876.87,265.41,66,Male,West,39,3,62,0,7,15139.73,0.08571428571428573,2162.8185714285714
C0292,Furniture,2024-07-06,9,0.1,Furniture 4,16927.16,12390.0,4537.16,67,Female,West,54,1,122,0,8,56584.34,0.06875,7073.0425
C0736,Clothing,2024-02-21,5,0.0,Clothing 4,2329.26,2044.67,284.59,55,Male,South,35,0,187,1,6,25372.66,0.05833333333333334,4228.776666666667
C0038,Beauty,2024-05-13,9,0.05,Beauty 4,2716.8,1649.02,1067.78,32,Male,North,50,0,358,1,6,25765.35,0.06666666666666667,4294.224999999999
C0149,Electronics,2025-02-21,3,0.0,Electronics 2,3659.74,2396.35,1263.39,21,Male,East,8,1,124,0,4,13203.16,0.025,3300.79
C0023,Clothing,2024-01-06,5,0.1,Clothing 5,2092.38,1782.36,310.02,66,Female,North,49,0,336,0,5,25399.019999999997,0.09,5079.803999999999
C0330,Electronics,2024-07-28,8,0.0,Electronics 5,10307.0,8072.14,2234.86,46,Male,North,57,2,110,0,7,45737.399999999994,0.1142857142857143,6533.914285714285
C0791,Beauty,2024-08-17,2,0.0,Beauty 4,591.2,437.53,153.67,41,Male,North,41,2,292,1,5,13708.57,0.06999999999999999,2741.714
C0546,Furniture,2025-12-09,9,0.1,Furniture 4,15152.25,10428.01,4724.24,40,Female,North,35,1,141,0,5,21251.06,0.05,4250.212
C0394,Grocery,2025-12-12,7,0.1,Grocery 5,887.43,615.84,271.59,55,Female,West,5,0,342,1,2,5754.13,0.07500000000000001,2877.065
C0115,Furniture,2025-09-09,7,0.05,Furniture 1,14059.45,12333.27,1726.18,47,Male,West,49,1,292,1,3,20988.89,0.15,6996.296666666666
C0284,Clothing,2024-09-06,3,0.05,Clothing 1,1549.18,1215.91,333.27,40,Male,East,30,2,253,0,3,10535.48,0.03333333333333333,3511.8266666666664
C0419,Electronics,2025-01-19,8,0.05,Electronics 5,8897.93,7787.33,1110.6,44,Male,South,42,3,236,1,5,45789.270000000004,0.05,9157.854000000001
C0219,Beauty,2025-01-03,8,0.2,Beauty 3,1758.27,1565.33,192.94,64,Male,South,56,1,10,0,6,30035.83,0.10000000000000002,5005.971666666667
C0564,Beauty,2025-09-19,3,0.05,Beauty 4,786.74,583.33,203.41,64,Female,West,44,1,289,1,4,23765.64,0.0875,5941.41
C0784,Electronics,2025-06-28,6,0.2,Electronics 3,5937.96,4533.4,1404.56,42,Female,North,38,1,229,0,8,39552.1,0.10625000000000001,4944.0125
C0164,Electronics,2025-10-23,1,0.0,Electronics 3,1168.98,911.49,257.49,39,Female,East,26,1,64,0,7,29374.199999999997,0.0642857142857143,4196.314285714286
C0201,Grocery,2025-02-06,4,0.0,Grocery 1,591.14,498.75,92.39,65,Female,South,13,0,129,0,7,19291.8,0.07857142857142858,2755.9714285714285
C0100,Electronics,2025-11-02,2,0.05,Electronics 2,2205.69,1721.93,483.76,61,Male,South,42,0,240,1,5,34117.05,0.05,6823.410000000001
C0580,Furniture,2025-06-26,6,0.0,Furniture 1,11917.29,7032.71,4884.58,22,Female,East,43,2,104,0,6,22614.32,0.10000000000000002,3769.0533333333333
C0369,Beauty,2025-06-23,5,0.1,Beauty 3,1388.76,1221.9,166.86,58,Female,North,57,1,185,0,5,32652.550000000003,0.11000000000000001,6530.51
C0227,Clothing,2025-04-27,5,0.05,Clothing 1,2394.54,1870.92,523.62,48,Male,West,1,1,364,1,8,34385.47,0.08750000000000001,4298.18375
C0175,Clothing,2024-09-02,7,0.05,Clothing 5,3101.72,2650.33,451.39,42,Male,North,20,2,195,0,9,27782.17,0.061111111111111116,3086.9077777777775
C0056,Beauty,2025-03-20,9,0.1,Beauty 2,2425.77,1694.78,730.99,46,Male,West,50,2,298,1,5,16616.16,0.05,3323.232
C0380,Clothing,2024-09-17,2,0.0,Clothing 4,992.12,710.51,281.61,18,Female,East,19,1,13,0,7,33203.7,0.08571428571428573,4743.385714285714
C0546,Clothing,2025-04-19,2,0.05,Clothing 1,958.69,758.42,200.27,40,Female,North,35,1,141,0,5,21251.06,0.05,4250.212
C0188,Electronics,2024-07-04,2,0.2,Electronics 1,1770.5,1454.89,315.61,30,Male,South,58,2,59,0,6,12464.88,0.10833333333333334,2077.48
C0001,Beauty,2025-08-06,9,0.1,Beauty 3,2261.61,1305.99,955.62,58,Male,East,34,2,71,0,4,15625.63,0.07500000000000001,3906.4075
C0378,Beauty,2025-02-21,1,0.1,Beauty 4,271.63,188.12,83.51,37,Male,North,23,1,109,0,9,32337.16,0.07777777777777778,3593.0177777777776
C0540,Electronics,2025-06-02,1,0.1,Electronics 5,1031.49,845.25,186.24,54,Female,East,43,1,94,0,4,5028.03,0.125,1257.0075
C0275,Beauty,2024-06-10,2,0.05,Beauty 3,584.71,524.65,60.06,43,Male,North,36,2,309,1,9,26887.16,0.13333333333333336,2987.4622222222224
C0200,Electronics,2025-07-31,7,0.2,Electronics 4,6548.98,3628.63,2920.35,37,Female,North,51,1,169,1,5,26373.339999999997,0.09,5274.668
C0123,Electronics,2025-08-08,6,0.2,Electronics 4,5438.29,3495.1,1943.19,42,Male,East,24,0,202,0,4,7867.7,0.15000000000000002,1966.925
C0596,Clothing,2024-04-16,9,0.05,Clothing 4,4408.72,3142.08,1266.64,48,Female,South,18,0,288,1,7,22800.28,0.1642857142857143,3257.182857142857
C0689,Grocery,2024-09-12,2,0.2,Grocery 4,234.91,147.53,87.38,58,Female,South,28,3,257,1,4,9021.35,0.1,2255.3375
C0615,Beauty,2025-05-09,4,0.0,Beauty 1,1117.83,625.34,492.49,51,Female,South,28,1,277,1,9,17085.88,0.1,1898.4311111111112
C0414,Furniture,2025-09-29,5,0.05,Furniture 3,10086.74,7452.49,2634.25,18,Male,East,12,1,266,1,6,40812.37,0.06666666666666667,6802.061666666667
C0579,Electronics,2025-06-22,1,0.05,Electronics 5,1124.44,874.02,250.42,23,Female,South,29,2,206,1,5,8709.880000000001,0.08,1741.976
C0317,Grocery,2024-12-10,9,0.1,Grocery 3,1315.86,915.34,400.52,55,Female,South,41,0,282,0,5,14552.81,0.04,2910.562
C0019,Beauty,2024-08-06,8,0.1,Beauty 1,2027.55,1377.63,649.92,41,Female,West,25,1,340,1,5,7449.74,0.07,1489.9479999999999
C0294,Furniture,2025-10-26,2,0.05,Furniture 4,4086.03,3656.85,429.18,46,Male,North,56,1,205,0,7,26075.54,0.09285714285714286,3725.077142857143
C0562,Clothing,2025-09-30,8,0.05,Clothing 2,4040.09,2897.29,1142.8,43,Male,South,58,1,184,0,6,23595.16,0.075,3932.5266666666666
C0517,Electronics,2025-10-16,5,0.1,Electronics 3,4972.23,4123.59,848.64,21,Female,East,56,1,120,0,5,12866.14,0.08,2573.228
C0792,Grocery,2024-08-10,4,0.05,Grocery 3,573.61,373.14,200.47,55,Male,East,40,1,362,1,7,22320.11,0.09999999999999999,3188.587142857143
C0797,Grocery,2024-11-14,9,0.05,Grocery 4,1321.92,1111.16,210.76,41,Female,South,48,0,284,1,11,29578.27,0.08181818181818182,2688.933636363636
C0194,Clothing,2024-06-26,5,0.05,Clothing 5,2372.85,1989.15,383.7,67,Female,South,19,0,50,0,8,26820.29,0.125,3352.53625
C0007,Electronics,2025-11-27,3,0.2,Electronics 4,2816.79,1813.16,1003.63,54,Male,East,42,1,255,0,5,10840.54,0.12000000000000002,2168.108
C0219,Electronics,2025-09-24,8,0.1,Electronics 5,9406.96,7333.19,2073.77,64,Male,South,56,1,10,0,6,30035.83,0.10000000000000002,5005.971666666667
C0700,Grocery,2024-05-06,7,0.0,Grocery 1,1092.17,861.4,230.77,45,Female,South,22,0,125,1,7,22232.55,0.07857142857142858,3176.078571428571
C0650,Beauty,2024-06-29,2,0.2,Beauty 4,524.72,369.88,154.84,43,Male,East,50,1,325,1,5,5509.32,0.06000000000000001,1101.864
C0079,Grocery,2025-02-06,7,0.1,Grocery 3,1010.44,829.39,181.05,52,Female,East,8,0,176,0,3,1803.49,0.10000000000000002,601.1633333333333
C0128,Grocery,2024-10-30,6,0.05,Grocery 4,909.23,597.74,311.49,47,Male,South,6,2,246,0,7,37329.119999999995,0.12142857142857144,5332.731428571428
C0450,Beauty,2024-12-01,3,0.1,Beauty 1,846.55,609.09,237.46,67,Male,North,12,0,225,1,4,15560.59,0.025,3890.1475
C0528,Furniture,2024-09-25,4,0.0,Furniture 3,8233.73,7381.98,851.75,65,Female,North,11,1,58,0,7,38804.64,0.0642857142857143,5543.5199999999995
C0785,Furniture,2025-05-06,8,0.0,Furniture 1,17237.96,10558.88,6679.08,48,Male,West,57,2,147,1,8,45318.29,0.1,5664.78625
C0604,Grocery,2025-10-17,2,0.05,Grocery 4,291.46,175.38,116.08,60,Male,South,42,0,349,1,5,7526.349999999999,0.09,1505.27
C0169,Furniture,2025-10-31,7,0.2,Furniture 2,10248.65,6146.83,4101.82,19,Male,North,55,0,257,1,4,15212.48,0.1,3803.12
C0029,Grocery,2024-11-28,8,0.05,Grocery 1,1158.82,1042.17,116.65,41,Male,North,16,0,338,0,7,14168.71,0.07142857142857142,2024.1014285714284
C0506,Furniture,2025-08-27,9,0.05,Furniture 1,15741.7,9538.99,6202.71,45,Male,West,37,2,321,1,9,35410.65,0.09444444444444446,3934.516666666667
C0443,Furniture,2025-05-21,3,0.2,Furniture 2,5231.33,3225.55,2005.78,43,Male,East,29,0,49,0,10,24585.21,0.155,2458.5209999999997
C0737,Furniture,2024-05-23,3,0.2,Furniture 5,4940.8,3918.92,1021.88,35,Male,West,29,1,227,0,7,30951.19,0.05714285714285715,4421.598571428572
C0460,Beauty,2025-08-02,9,0.05,Beauty 5,2593.55,2115.88,477.67,55,Male,West,12,0,104,0,3,11619.72,0.06666666666666667,3873.24
C0400,Clothing,2024-09-12,5,0.0,Clothing 1,2348.91,1725.21,623.7,69,Female,West,47,2,320,0,10,43060.21,0.12,4306.021
C0242,Furniture,2025-04-03,6,0.1,Furniture 5,10834.06,9684.94,1149.12,22,Male,West,12,1,294,1,6,24524.019999999997,0.041666666666666664,4087.336666666666
C0069,Electronics,2025-06-10,5,0.1,Electronics 3,5229.93,2947.68,2282.25,42,Male,East,13,0,51,1,6,35650.3,0.075,5941.716666666667
C0701,Grocery,2025-11-19,5,0.2,Grocery 2,621.05,476.52,144.53,50,Male,North,8,1,324,1,8,22130.11,0.1,2766.26375
C0660,Beauty,2025-11-23,6,0.2,Beauty 5,1470.07,1120.58,349.49,27,Female,North,15,1,193,1,8,38404.75,0.11875000000000001,4800.59375
C0130,Furniture,2025-08-08,4,0.1,Furniture 2,7199.0,4768.87,2430.13,47,Female,West,55,0,101,0,5,18071.14,0.07,3614.228
C0563,Clothing,2025-01-04,4,0.0,Clothing 1,1901.1,1644.08,257.02,27,Male,West,4,0,163,0,9,27501.960000000003,0.03888888888888889,3055.7733333333335
C0291,Furniture,2024-10-19,4,0.0,Furniture 2,8041.19,5978.69,2062.5,31,Male,North,36,4,128,0,8,43569.14,0.07500000000000001,5446.1425
C0349,Clothing,2024-11-18,6,0.1,Clothing 1,2679.32,1704.63,974.69,26,Female,South,58,1,115,1,5,9824.79,0.06000000000000001,1964.958
C0678,Grocery,2025-11-25,8,0.1,Grocery 3,1155.87,671.47,484.4,45,Male,South,13,2,353,1,5,27483.4,0.1,5496.68
C0673,Clothing,2024-05-29,5,0.05,Clothing 1,2562.31,1505.34,1056.97,22,Male,South,47,1,40,0,8,37772.36,0.0625,4721.545
C0152,Furniture,2025-01-17,7,0.05,Furniture 2,13989.6,12087.93,1901.67,65,Female,East,13,2,182,0,5,38516.16,0.12000000000000002,7703.232000000001
C0246,Electronics,2025-05-11,4,0.1,Electronics 2,4164.17,2655.11,1509.06,57,Male,South,34,0,287,1,8,28256.02,0.037500000000000006,3532.0025
C0657,Grocery,2024-01-17,7,0.05,Grocery 4,905.35,785.35,120.0,50,Male,East,9,1,198,1,8,27158.62,0.043750000000000004,3394.8275
C0733,Beauty,2025-04-08,4,0.0,Beauty 5,1302.08,770.89,531.19,58,Male,West,5,0,182,1,8,20982.43,0.07500000000000001,2622.80375
C0063,Furniture,2024-07-08,4,0.2,Furniture 1,7029.78,6287.28,742.5,68,Female,East,35,2,296,1,4,12794.279999999999,0.08750000000000001,3198.5699999999997
C0666,Grocery,2024-07-23,1,0.05,Grocery 4,131.87,110.99,20.88,44,Female,East,49,2,217,1,5,3883.89,0.07,776.778
C0391,Beauty,2025-03-29,3,0.05,Beauty 1,886.74,523.78,362.96,27,Male,South,10,2,250,1,10,21076.36,0.075,2107.636
C0472,Electronics,2024-01-07,7,0.0,Electronics 5,8274.25,4800.06,3474.19,40,Female,South,49,1,247,1,5,17261.51,0.05,3452.3019999999997
C0060,Beauty,2024-04-24,1,0.05,Beauty 2,264.97,220.24,44.73,65,Female,East,21,2,305,1,6,33614.03,0.05833333333333334,5602.338333333333
C0544,Clothing,2024-11-28,3,0.2,Clothing 5,1319.54,761.8,557.74,61,Male,South,49,1,127,0,10,52400.32,0.1,5240.032
C0542,Beauty,2025-03-02,7,0.0,Beauty 4,2281.96,1464.48,817.48,28,Male,West,46,3,172,1,6,33018.34,0.08333333333333333,5503.056666666666
C0530,Beauty,2024-03-20,8,0.0,Beauty 2,2631.65,2185.42,446.23,49,Male,East,11,0,231,0,6,16701.18,0.11666666666666668,2783.53
C0632,Furniture,2024-09-20,4,0.0,Furniture 2,7430.23,6446.86,983.37,40,Male,West,34,1,271,1,3,10634.91,0.03333333333333333,3544.97
C0756,Furniture,2024-08-12,4,0.0,Furniture 2,7987.08,6538.85,1448.23,56,Female,South,46,0,206,0,1,7987.08,0.0,7987.08
C0679,Furniture,2025-01-25,5,0.1,Furniture 3,9712.39,8366.86,1345.53,66,Male,East,27,0,177,0,10,32462.629999999997,0.135,3246.263
C0595,Clothing,2024-08-07,7,0.05,Clothing 3,3441.48,2567.21,874.27,59,Female,West,38,3,272,1,6,11292.99,0.09166666666666667,1882.165
C0785,Electronics,2024-01-02,5,0.2,Electronics 4,4737.22,3898.09,839.13,48,Male,West,57,2,147,1,8,45318.29,0.1,5664.78625
C0539,Clothing,2025-01-21,2,0.05,Clothing 3,953.17,639.07,314.1,19,Male,South,10,1,289,0,4,7078.430000000001,0.07500000000000001,1769.6075000000003
C0537,Grocery,2025-09-11,4,0.1,Grocery 4,490.17,404.3,85.87,24,Male,North,43,2,8,0,7,15154.029999999999,0.1285714285714286,2164.8614285714284
C0433,Furniture,2025-03-02,3,0.0,Furniture 3,6133.82,4832.89,1300.93,24,Female,East,33,1,188,0,2,14882.449999999999,0.025,7441.224999999999
C0615,Clothing,2024-09-21,7,0.05,Clothing 2,3564.21,2677.4,886.81,51,Female,South,28,1,277,1,9,17085.88,0.1,1898.4311111111112
C0057,Grocery,2024-12-18,2,0.05,Grocery 2,256.66,230.3,26.36,26,Male,West,56,0,103,0,3,13354.36,0.15,4451.453333333334
C0404,Electronics,2024-04-12,6,0.0,Electronics 4,6710.35,4794.03,1916.32,43,Female,West,11,4,88,1,7,35907.72,0.05714285714285715,5129.674285714286
C0340,Electronics,2024-06-21,2,0.05,Electronics 1,2288.2,1754.45,533.75,51,Female,North,11,0,314,1,4,17315.66,0.05,4328.915
C0730,Beauty,2024-11-15,9,0.05,Beauty 2,2596.27,1891.3,704.97,55,Male,North,22,0,15,0,6,17868.489999999998,0.11666666666666668,2978.0816666666665
C0058,Beauty,2025-03-08,6,0.05,Beauty 2,1656.43,1062.07,594.36,56,Female,West,29,0,28,0,6,25699.71,0.13333333333333333,4283.285
C0515,Beauty,2024-12-20,2,0.1,Beauty 4,489.02,325.51,163.51,23,Male,North,26,2,276,1,9,37369.950000000004,0.08333333333333333,4152.216666666667
C0147,Clothing,2025-12-03,9,0.2,Clothing 1,3775.39,3369.82,405.57,30,Male,South,35,1,174,0,7,22123.09,0.07857142857142858,3160.441428571429
C0706,Grocery,2025-04-10,6,0.2,Grocery 3,682.98,469.37,213.61,18,Female,South,51,1,163,0,6,15398.68,0.125,2566.4466666666667
C0681,Furniture,2024-01-17,6,0.0,Furniture 4,12346.99,9726.86,2620.13,25,Male,South,49,0,18,0,4,15437.92,0.037500000000000006,3859.48
C0188,Clothing,2025-01-17,1,0.1,Clothing 5,455.32,340.8,114.52,30,Male,South,58,2,59,0,6,12464.88,0.10833333333333334,2077.48
C0697,Furniture,2025-03-01,2,0.2,Furniture 3,3155.74,2718.45,437.29,48,Female,South,19,3,57,1,6,31332.699999999997,0.075,5222.116666666666
C0397,Furniture,2024-02-01,8,0.2,Furniture 5,13031.14,10622.87,2408.27,28,Female,West,34,1,160,0,1,13031.14,0.2,13031.14
C0776,Grocery,2024-10-08,5,0.05,Grocery 4,740.29,428.06,312.23,40,Female,West,37,1,266,1,5,19128.57,0.04,3825.714
C0583,Grocery,2025-09-28,6,0.2,Grocery 4,730.4,492.59,237.81,20,Female,East,49,1,257,1,9,64267.66,0.08333333333333333,7140.851111111111
C0027,Clothing,2024-09-17,9,0.2,Clothing 2,3641.42,2910.11,731.31,60,Female,East,23,1,237,1,5,9512.630000000001,0.08,1902.5260000000003
C0162,Beauty,2024-11-29,4,0.05,Beauty 5,1125.43,682.55,442.88,39,Female,North,40,3,114,0,3,12851.210000000001,0.08333333333333333,4283.736666666667
C0322,Beauty,2024-06-10,4,0.2,Beauty 2,946.57,687.4,259.17,49,Male,West,7,1,192,0,9,21764.89,0.11666666666666667,2418.321111111111
C0169,Beauty,2024-02-26,8,0.1,Beauty 1,2156.1,1425.65,730.45,19,Male,North,55,0,257,1,4,15212.48,0.1,3803.12
C0105,Furniture,2024-08-20,1,0.2,Furniture 1,1584.66,907.48,677.18,58,Female,West,7,2,335,1,7,43736.840000000004,0.0642857142857143,6248.120000000001
C0782,Clothing,2025-07-18,5,0.1,Clothing 4,2222.56,1998.08,224.48,24,Female,West,45,0,228,0,5,10456.4,0.12000000000000002,2091.2799999999997
C0695,Furniture,2025-12-18,8,0.2,Furniture 4,12058.55,10554.58,1503.97,31,Male,West,45,0,216,1,9,50669.99,0.1111111111111111,5629.998888888888
C0347,Clothing,2025-04-26,3,0.2,Clothing 1,1253.96,1017.76,236.2,66,Female,West,48,0,218,0,9,45544.9,0.07222222222222223,5060.544444444445
C0172,Beauty,2025-08-29,3,0.2,Beauty 5,667.15,413.87,253.28,58,Male,South,44,2,66,1,8,48007.21,0.08750000000000001,6000.90125
C0145,Clothing,2025-04-19,5,0.05,Clothing 2,2569.14,2301.91,267.23,62,Male,West,24,0,27,0,2,3309.34,0.07500000000000001,1654.67
C0732,Grocery,2025-04-25,1,0.1,Grocery 4,138.37,106.65,31.72,65,Female,South,45,1,342,1,8,13503.85,0.0625,1687.98125
C0265,Electronics,2024-11-07,1,0.1,Electronics 3,982.56,872.64,109.92,48,Male,South,32,0,258,1,7,18455.260000000002,0.08571428571428573,2636.4657142857145
C0010,Electronics,2024-02-14,3,0.2,Electronics 3,2971.58,1678.65,1292.93,45,Male,West,32,0,277,1,3,8035.96,0.10000000000000002,2678.653333333333
C0317,Clothing,2024-10-26,9,0.05,Clothing 4,4156.59,2538.49,1618.1,55,Female,South,41,0,282,0,5,14552.81,0.04,2910.562
C0363,Grocery,2025-09-23,2,0.05,Grocery 5,309.5,243.59,65.91,64,Female,West,3,0,14,0,7,31231.93,0.05,4461.704285714286
C0498,Electronics,2025-01-26,7,0.1,Electronics 4,8219.35,7130.39,1088.96,66,Female,West,47,1,217,1,11,77062.63,0.08636363636363636,7005.693636363637
C0270,Beauty,2025-07-10,4,0.2,Beauty 5,1026.42,627.68,398.74,33,Female,North,47,3,73,0,4,18492.22,0.07500000000000001,4623.055
C0738,Electronics,2024-02-06,7,0.2,Electronics 5,6811.19,4502.09,2309.1,56,Female,North,28,0,156,0,4,17906.63,0.1,4476.6575
C0514,Beauty,2024-05-26,3,0.0,Beauty 2,975.45,737.31,238.14,67,Female,East,25,0,255,0,8,18246.14,0.08125,2280.7675
C0789,Clothing,2024-08-06,8,0.2,Clothing 3,3295.88,2965.9,329.98,18,Male,West,50,0,334,1,5,17408.28,0.1,3481.656
C0293,Clothing,2024-09-19,4,0.2,Clothing 1,1720.04,1427.43,292.61,35,Male,East,26,2,191,1,5,11418.38,0.1,2283.676
C0521,Electronics,2025-12-22,8,0.0,Electronics 5,8947.3,7813.2,1134.1,25,Male,West,46,3,252,0,6,25249.6,0.05000000000000001,4208.266666666666
C0292,Beauty,2024-12-03,8,0.0,Beauty 5,2594.01,2039.55,554.46,67,Female,West,54,1,122,0,8,56584.34,0.06875,7073.0425
C0559,Furniture,2025-04-28,4,0.0,Furniture 5,8258.55,7078.24,1180.31,62,Male,South,29,1,352,1,2,21971.61,0.025,10985.805
C0596,Electronics,2025-04-15,7,0.2,Electronics 4,6455.6,4696.23,1759.37,48,Female,South,18,0,288,1,7,22800.28,0.1642857142857143,3257.182857142857
C0257,Electronics,2024-11-01,2,0.2,Electronics 5,2111.16,1252.88,858.28,23,Female,East,16,0,32,0,9,16867.92,0.09444444444444446,1874.2133333333331
C0750,Furniture,2025-12-06,5,0.1,Furniture 4,9336.39,7453.66,1882.73,67,Male,East,43,0,117,0,7,37801.61,0.15714285714285717,5400.2300000000005
C0685,Beauty,2024-06-11,4,0.1,Beauty 2,1168.22,888.45,279.77,59,Female,West,22,0,173,1,11,24208.12,0.06818181818181818,2200.7381818181816
C0715,Electronics,2024-01-26,9,0.05,Electronics 2,9245.46,6655.55,2589.91,59,Female,North,30,0,364,1,4,16959.01,0.05,4239.7525
C0174,Clothing,2025-06-28,9,0.2,Clothing 3,3637.68,2350.84,1286.84,54,Male,West,46,0,152,1,3,22497.04,0.11666666666666668,7499.013333333333
C0574,Grocery,2025-04-22,8,0.0,Grocery 3,1251.01,1031.42,219.59,18,Female,North,2,4,157,1,2,1894.13,0.05,947.065
C0085,Electronics,2024-07-09,9,0.05,Electronics 4,9262.19,7753.78,1508.41,54,Female,East,22,1,189,0,8,32791.37,0.09375,4098.92125
C0084,Clothing,2025-09-25,9,0.0,Clothing 4,4736.3,3208.68,1527.62,50,Female,South,21,1,49,0,6,25906.21,0.10833333333333334,4317.701666666667
C0778,Electronics,2024-04-28,7,0.2,Electronics 5,6923.55,6056.16,867.39,32,Male,West,13,1,57,1,9,37075.880000000005,0.1277777777777778,4119.542222222222
C0122,Grocery,2024-07-02,6,0.1,Grocery 4,773.51,525.53,247.98,52,Male,East,13,2,187,0,4,8609.24,0.0625,2152.31
C0691,Furniture,2024-04-22,2,0.1,Furniture 1,3736.04,2195.47,1540.57,59,Male,South,24,0,290,1,7,17522.11,0.08571428571428573,2503.1585714285716
C0344,Grocery,2024-05-15,8,0.2,Grocery 2,889.13,540.84,348.29,65,Male,South,12,0,101,0,5,9996.99,0.11000000000000001,1999.398
C0242,Clothing,2025-06-16,2,0.0,Clothing 2,1064.81,769.94,294.87,22,Male,West,12,1,294,1,6,24524.019999999997,0.041666666666666664,4087.336666666666
C0058,Grocery,2025-05-28,2,0.2,Grocery 4,257.58,148.87,108.71,56,Female,West,29,0,28,0,6,25699.71,0.13333333333333333,4283.285
C0540,Grocery,2025-04-14,8,0.0,Grocery 2,1196.51,958.94,237.57,54,Female,East,43,1,94,0,4,5028.03,0.125,1257.0075
C0577,Electronics,2025-09-20,2,0.2,Electronics 5,1922.86,1592.67,330.19,45,Female,South,53,0,340,1,3,2840.64,0.16666666666666666,946.88
C0373,Electronics,2024-02-20,2,0.1,Electronics 2,2117.69,1571.99,545.7,37,Male,South,42,1,4,0,2,5003.76,0.15000000000000002,2501.88
C0647,Electronics,2025-03-28,5,0.2,Electronics 3,4651.52,4012.74,638.78,45,Female,North,45,0,354,0,4,17425.05,0.0625,4356.2625
C0258,Beauty,2024-03-24,6,0.0,Beauty 5,1934.24,1709.87,224.37,27,Male,East,40,0,289,1,5,10875.189999999999,0.09,2175.0379999999996
C0441,Furniture,2025-11-28,1,0.2,Furniture 2,1537.56,1086.52,451.04,33,Female,West,42,1,240,1,7,11972.32,0.09285714285714286,1710.3314285714284
C0229,Electronics,2025-04-07,4,0.2,Electronics 1,3765.39,2188.42,1576.97,27,Male,West,3,2,262,1,9,29111.4,0.09444444444444446,3234.6000000000004
C0465,Clothing,2025-07-08,3,0.0,Clothing 2,1439.97,908.54,531.43,68,Male,East,3,4,240,1,5,9379.369999999999,0.05,1875.8739999999998
C0108,Grocery,2025-02-20,3,0.1,Grocery 2,417.69,325.87,91.82,42,Male,North,25,1,49,1,3,5585.83,0.16666666666666666,1861.9433333333334
C0380,Electronics,2024-10-07,2,0.2,Electronics 4,2040.66,1412.19,628.47,18,Female,East,19,1,13,0,7,33203.7,0.08571428571428573,4743.385714285714
C0439,Beauty,2025-05-15,7,0.05,Beauty 4,1861.07,1469.79,391.28,38,Male,South,58,0,37,0,8,14837.23,0.09375,1854.65375
C0445,Beauty,2025-09-02,5,0.05,Beauty 3,1355.1,1061.53,293.57,52,Female,West,27,1,187,1,2,1632.25,0.07500000000000001,816.125
C0357,Clothing,2024-05-09,9,0.05,Clothing 3,3936.51,2999.14,937.37,64,Female,East,38,2,50,1,8,26705.17,0.043750000000000004,3338.14625
C0514,Electronics,2025-09-28,1,0.1,Electronics 3,1006.6,609.24,397.36,67,Female,East,25,0,255,0,8,18246.14,0.08125,2280.7675
C0409,Clothing,2025-06-14,7,0.2,Clothing 1,2747.85,1786.3,961.55,18,Female,East,12,0,270,1,2,4380.8,0.15000000000000002,2190.4
C0226,Grocery,2024-03-03,9,0.1,Grocery 1,1282.04,874.67,407.37,60,Male,North,58,0,317,1,4,4844.049999999999,0.037500000000000006,1211.0124999999998
C0172,Beauty,2025-11-14,5,0.1,Beauty 4,1361.24,1141.46,219.78,58,Male,South,44,2,66,1,8,48007.21,0.08750000000000001,6000.90125
C0518,Clothing,2024-05-11,7,0.2,Clothing 5,2549.83,2011.25,538.58,42,Male,East,51,1,342,0,4,17413.14,0.05,4353.285
C0750,Clothing,2025-03-14,4,0.2,Clothing 3,1640.03,1272.22,367.81,67,Male,East,43,0,117,0,7,37801.61,0.15714285714285717,5400.2300000000005
C0602,Clothing,2024-04-04,6,0.05,Clothing 1,3018.32,2370.13,648.19,56,Male,North,55,0,362,1,9,26142.41,0.05555555555555555,2904.7122222222224
C0510,Electronics,2024-05-23,9,0.2,Electronics 5,8455.91,6140.01,2315.9,69,Female,South,7,2,55,0,6,18899.9,0.1416666666666667,3149.9833333333336
C0737,Electronics,2025-04-14,5,0.05,Electronics 2,5409.31,3050.15,2359.16,35,Male,West,29,1,227,0,7,30951.19,0.05714285714285715,4421.598571428572
C0719,Grocery,2025-05-11,6,0.1,Grocery 4,852.76,529.05,323.71,49,Male,West,52,0,311,1,4,4455.63,0.037500000000000006,1113.9075
C0405,Furniture,2025-05-16,9,0.05,Furniture 5,15471.76,9269.22,6202.54,44,Female,North,58,1,355,1,9,57173.520000000004,0.10555555555555557,6352.613333333334
C0087,Electronics,2024-09-07,5,0.2,Electronics 5,5102.97,2920.93,2182.04,34,Male,South,4,0,37,0,9,15399.86,0.1111111111111111,1711.0955555555556
C0507,Clothing,2025-08-21,2,0.1,Clothing 1,954.77,631.88,322.89,30,Male,North,56,1,133,0,2,5471.91,0.05,2735.955
C0498,Beauty,2024-02-05,7,0.1,Beauty 1,2036.66,1681.68,354.98,66,Female,West,47,1,217,1,11,77062.63,0.08636363636363636,7005.693636363637
C0221,Beauty,2025-09-15,7,0.05,Beauty 4,1831.2,1080.95,750.25,41,Male,West,24,0,344,1,5,20755.550000000003,0.05,4151.110000000001
C0679,Furniture,2024-08-08,3,0.1,Furniture 4,4976.38,2931.08,2045.3,66,Male,East,27,0,177,0,10,32462.629999999997,0.135,3246.263
C0695,Grocery,2025-03-29,7,0.2,Grocery 5,902.62,535.7,366.92,31,Male,West,45,0,216,1,9,50669.99,0.1111111111111111,5629.998888888888
C0264,Grocery,2025-10-23,1,0.05,Grocery 3,141.79,91.37,50.42,69,Female,West,13,1,291,1,7,19385.37,0.07142857142857142,2769.3385714285714
C0381,Clothing,2024-07-05,3,0.2,Clothing 1,1174.16,728.89,445.27,66,Female,East,56,1,105,0,5,22000.81,0.1,4400.162
C0156,Clothing,2024-10-27,8,0.05,Clothing 4,3855.7,2139.48,1716.22,24,Male,South,48,1,126,0,5,15171.55,0.1,3034.31
C0142,Clothing,2025-08-27,6,0.0,Clothing 4,2735.15,1769.03,966.12,32,Female,South,57,0,58,0,5,21772.43,0.030000000000000006,4354.486
C0212,Furniture,2025-09-23,6,0.1,Furniture 3,11110.43,9984.98,1125.45,59,Male,East,11,1,135,1,5,29528.32,0.05,5905.664
C0292,Furniture,2024-06-20,6,0.1,Furniture 4,11761.38,7853.9,3907.48,67,Female,West,54,1,122,0,8,56584.34,0.06875,7073.0425
C0218,Furniture,2025-01-06,2,0.05,Furniture 2,3933.55,2454.3,1479.25,41,Male,North,39,4,49,0,10,22757.11,0.1,2275.7110000000002
C0121,Furniture,2024-08-31,9,0.1,Furniture 5,16085.09,11637.56,4447.53,52,Female,East,3,2,354,1,5,32208.82,0.12000000000000002,6441.764
C0357,Electronics,2025-01-12,3,0.1,Electronics 1,3538.65,2230.34,1308.31,64,Female,East,38,2,50,1,8,26705.17,0.043750000000000004,3338.14625
C0498,Furniture,2024-10-03,8,0.2,Furniture 5,13282.6,9907.17,3375.43,66,Female,West,47,1,217,1,11,77062.63,0.08636363636363636,7005.693636363637
C0260,Beauty,2024-01-04,9,0.2,Beauty 5,1968.61,1358.79,609.82,59,Female,East,26,0,119,0,4,16226.49,0.1125,4056.6225
C0426,Furniture,2025-11-05,3,0.2,Furniture 4,4963.24,4287.72,675.52,62,Male,East,22,2,182,1,7,12738.29,0.1,1819.7557142857145
C0217,Grocery,2025-04-10,6,0.05,Grocery 5,779.71,682.07,97.64,23,Male,South,4,2,175,1,5,13070.380000000001,0.04,2614.076
C0563,Clothing,2024-12-03,1,0.0,Clothing 5,480.72,384.37,96.35,27,Male,West,4,0,163,0,9,27501.960000000003,0.03888888888888889,3055.7733333333335
C0518,Furniture,2024-03-19,6,0.0,Furniture 1,12277.64,7679.58,4598.06,42,Male,East,51,1,342,0,4,17413.14,0.05,4353.285
C0768,Grocery,2024-02-22,4,0.1,Grocery 3,509.29,364.58,144.71,25,Female,North,49,1,103,0,8,16709.489999999998,0.09375,2088.6862499999997
C0042,Clothing,2024-12-15,1,0.1,Clothing 4,408.44,268.3,140.14,54,Female,South,1,2,64,0,5,7061.599999999999,0.08,1412.32
C0682,Grocery,2025-04-18,7,0.1,Grocery 5,967.29,802.27,165.02,67,Male,South,17,3,357,1,2,1942.07,0.15000000000000002,971.035
C0272,Electronics,2024-07-09,9,0.0,Electronics 4,10337.45,5791.15,4546.3,25,Female,East,51,4,340,1,7,19295.25,0.09285714285714286,2756.464285714286
C0052,Beauty,2025-06-27,1,0.1,Beauty 3,271.78,212.5,59.28,36,Female,North,6,1,93,0,4,6461.29,0.1,1615.3225
C0551,Furniture,2024-10-13,9,0.2,Furniture 3,13712.1,9092.9,4619.2,38,Male,South,30,0,289,1,4,17062.06,0.1125,4265.515
C0137,Clothing,2024-01-09,8,0.1,Clothing 1,3734.23,2682.49,1051.74,19,Male,North,30,0,206,1,3,5706.05,0.05000000000000001,1902.0166666666667
C0140,Furniture,2025-01-27,5,0.1,Furniture 2,9712.26,6439.7,3272.56,69,Female,South,18,2,2,0,8,25484.87,0.11875000000000001,3185.60875
C0783,Electronics,2024-05-12,9,0.0,Electronics 3,9906.98,6713.73,3193.25,24,Male,South,4,0,289,1,6,19842.55,0.11666666666666668,3307.0916666666667
C0176,Clothing,2024-01-11,3,0.05,Clothing 5,1506.6,1184.23,322.37,55,Male,South,16,1,52,0,4,9696.47,0.125,2424.1175
C0437,Furniture,2024-04-04,7,0.1,Furniture 5,11733.36,8898.85,2834.51,66,Male,North,54,1,185,0,3,20837.99,0.05000000000000001,6945.996666666667
C0160,Electronics,2024-07-26,7,0.1,Electronics 4,7302.07,4639.96,2662.11,69,Male,South,35,1,342,1,5,36640.45,0.08,7328.089999999999
C0099,Furniture,2025-01-10,6,0.1,Furniture 1,10491.91,5930.8,4561.11,25,Female,West,55,0,118,0,11,40467.1,0.05909090909090909,3678.8272727272724
C0000,Beauty,2025-12-23,8,0.1,Beauty 4,2033.13,1727.36,305.77,22,Male,South,1,1,106,0,4,14739.93,0.08750000000000001,3684.9825
C0012,Grocery,2024-06-08,8,0.1,Grocery 3,988.25,713.82,274.43,56,Female,East,55,1,94,0,6,19923.39,0.07500000000000001,3320.565
C0379,Clothing,2024-02-11,8,0.05,Clothing 4,4004.05,3069.33,934.72,31,Male,West,3,2,348,1,8,12434.26,0.1,1554.2825
C0347,Furniture,2024-05-19,6,0.1,Furniture 3,11434.24,8243.8,3190.44,66,Female,West,48,0,218,0,9,45544.9,0.07222222222222223,5060.544444444445
C0031,Clothing,2024-08-21,9,0.05,Clothing 4,4699.79,3603.0,1096.79,29,Male,West,31,3,152,1,5,25199.07,0.06999999999999999,5039.814
C0279,Furniture,2024-05-29,6,0.05,Furniture 2,12390.9,9534.06,2856.84,22,Female,North,23,0,82,0,6,25297.73,0.09999999999999999,4216.288333333333
C0218,Furniture,2024-08-22,6,0.05,Furniture 1,11250.98,6247.27,5003.71,41,Male,North,39,4,49,0,10,22757.11,0.1,2275.7110000000002
C0457,Electronics,2025-12-08,2,0.1,Electronics 2,2001.62,1474.47,527.15,50,Female,East,47,0,21,0,5,12170.46,0.11000000000000001,2434.0919999999996
C0795,Electronics,2024-10-03,3,0.2,Electronics 5,2598.16,1885.58,712.58,33,Male,East,11,1,177,0,7,13222.75,0.10714285714285714,1888.9642857142858
C0553,Electronics,2025-04-08,9,0.1,Electronics 1,9781.27,5707.72,4073.55,34,Female,East,26,1,226,1,4,24161.11,0.1125,6040.2775
C0734,Electronics,2025-05-14,5,0.0,Electronics 2,6432.68,5217.28,1215.4,28,Female,East,42,1,196,1,7,26770.54,0.07142857142857142,3824.362857142857
C0153,Clothing,2024-04-05,5,0.1,Clothing 2,2145.56,1357.18,788.38,33,Male,South,12,0,69,0,5,25843.85,0.11000000000000001,5168.7699999999995
C0172,Electronics,2024-06-29,8,0.05,Electronics 5,8570.87,4877.54,3693.33,58,Male,South,44,2,66,1,8,48007.21,0.08750000000000001,6000.90125
C0600,Beauty,2024-10-30,3,0.0,Beauty 2,889.01,738.86,150.15,50,Female,South,46,1,108,1,4,16217.7,0.08750000000000001,4054.425
C0248,Beauty,2024-12-01,3,0.0,Beauty 5,970.84,827.93,142.91,58,Female,East,56,0,159,0,7,30919.96,0.0642857142857143,4417.137142857143
C0679,Electronics,2024-01-10,1,0.2,Electronics 5,950.72,602.99,347.73,66,Male,East,27,0,177,0,10,32462.629999999997,0.135,3246.263
C0370,Clothing,2025-04-15,3,0.05,Clothing 4,1488.47,1176.85,311.62,35,Female,West,39,0,265,1,7,22981.32,0.028571428571428574,3283.0457142857144
C0160,Furniture,2024-08-07,5,0.0,Furniture 2,9925.05,5475.97,4449.08,69,Male,South,35,1,342,1,5,36640.45,0.08,7328.089999999999
C0675,Furniture,2024-08-23,7,0.0,Furniture 3,13644.28,10948.2,2696.08,55,Male,South,45,1,56,0,3,22347.920000000002,0.08333333333333333,7449.306666666667
C0440,Grocery,2025-03-16,3,0.1,Grocery 4,400.21,285.22,114.99,68,Female,South,26,0,288,1,6,14036.65,0.08333333333333333,2339.4416666666666
C0642,Beauty,2025-11-23,4,0.2,Beauty 1,1011.53,836.91,174.62,62,Female,South,20,1,220,0,1,1011.53,0.2,1011.53
C0361,Furniture,2025-09-23,2,0.05,Furniture 5,3993.35,2745.68,1247.67,64,Male,West,26,0,325,0,8,21297.59,0.07500000000000001,2662.19875
C0100,Furniture,2025-12-16,8,0.0,Furniture 3,15781.63,10619.09,5162.54,61,Male,South,42,0,240,1,5,34117.05,0.05,6823.410000000001
C0544,Grocery,2024-10-28,5,0.05,Grocery 5,679.39,573.59,105.8,61,Male,South,49,1,127,0,10,52400.32,0.1,5240.032
C0099,Grocery,2024-03-28,2,0.1,Grocery 4,250.51,141.17,109.34,25,Female,West,55,0,118,0,11,40467.1,0.05909090909090909,3678.8272727272724
C0530,Clothing,2024-06-06,6,0.0,Clothing 5,2700.82,1662.38,1038.44,49,Male,East,11,0,231,0,6,16701.18,0.11666666666666668,2783.53
C0333,Grocery,2024-09-07,4,0.05,Grocery 1,525.91,365.11,160.8,61,Female,West,13,2,205,0,5,27158.33,0.02,5431.666
C0633,Beauty,2024-08-07,8,0.0,Beauty 1,2239.03,1698.79,540.24,37,Female,North,7,0,181,1,4,7455.89,0.0125,1863.9725
C0696,Clothing,2024-05-31,3,0.05,Clothing 1,1479.13,816.17,662.96,55,Female,North,11,1,296,0,4,15478.710000000001,0.0625,3869.6775000000002
C0325,Electronics,2024-04-20,8,0.0,Electronics 5,10210.4,7671.09,2539.31,29,Female,North,37,0,15,0,3,14366.039999999999,0.13333333333333333,4788.679999999999
C0705,Grocery,2024-05-16,7,0.0,Grocery 5,1099.76,750.56,349.2,47,Male,North,18,0,323,1,4,9176.47,0.125,2294.1175
C0088,Furniture,2025-04-25,2,0.0,Furniture 5,4178.59,3219.61,958.98,57,Male,West,31,1,188,1,7,18238.84,0.028571428571428574,2605.5485714285714
C0085,Beauty,2024-12-24,7,0.1,Beauty 2,2076.85,1801.54,275.31,54,Female,East,22,1,189,0,8,32791.37,0.09375,4098.92125
C0794,Grocery,2024-01-28,7,0.05,Grocery 2,1089.79,767.54,322.25,40,Female,South,44,2,42,0,5,39552.6,0.09,7910.5199999999995
C0459,Furniture,2025-02-15,5,0.2,Furniture 2,7630.16,5677.62,1952.54,23,Female,South,27,1,310,1,6,35829.26,0.125,5971.543333333334
C0360,Clothing,2025-09-06,2,0.05,Clothing 5,882.57,628.37,254.2,61,Female,West,8,1,1,0,7,12345.460000000001,0.07857142857142858,1763.637142857143
C0124,Grocery,2024-11-06,5,0.0,Grocery 2,697.99,412.85,285.14,62,Male,East,4,0,151,0,9,33364.44,0.061111111111111116,3707.1600000000003
C0231,Grocery,2024-08-20,6,0.0,Grocery 3,971.21,803.76,167.45,62,Male,West,41,2,18,0,8,29938.63,0.10625000000000001,3742.32875
C0548,Clothing,2024-07-17,2,0.2,Clothing 4,736.38,633.15,103.23,44,Female,West,32,1,267,1,6,24719.54,0.08333333333333333,4119.923333333333
C0657,Furniture,2024-10-03,4,0.1,Furniture 2,6969.81,5812.91,1156.9,50,Male,East,9,1,198,1,8,27158.62,0.043750000000000004,3394.8275
C0733,Beauty,2024-07-22,7,0.05,Beauty 3,2007.11,1769.59,237.52,58,Male,West,5,0,182,1,8,20982.43,0.07500000000000001,2622.80375
C0326,Clothing,2025-11-05,5,0.1,Clothing 4,2301.05,1642.51,658.54,30,Female,South,9,2,9,0,4,14380.069999999998,0.11250000000000002,3595.0174999999995
C0363,Electronics,2025-12-25,9,0.1,Electronics 4,9906.1,7710.04,2196.06,64,Female,West,3,0,14,0,7,31231.93,0.05,4461.704285714286
C0130,Beauty,2024-09-07,2,0.0,Beauty 1,634.37,386.28,248.09,47,Female,West,55,0,101,0,5,18071.14,0.07,3614.228
C0066,Beauty,2025-11-05,8,0.1,Beauty 3,2190.97,1954.09,236.88,65,Female,West,18,3,106,1,3,8539.539999999999,0.08333333333333333,2846.513333333333
C0350,Beauty,2025-09-15,4,0.0,Beauty 1,1284.25,967.29,316.96,45,Male,West,15,0,251,1,7,12059.78,0.04285714285714286,1722.8257142857144
C0463,Clothing,2024-02-25,3,0.0,Clothing 1,1375.39,882.43,492.96,39,Female,East,37,1,125,0,4,32790.259999999995,0.037500000000000006,8197.564999999999
C0083,Furniture,2024-12-24,9,0.1,Furniture 4,17363.05,14443.99,2919.06,61,Male,West,19,0,41,0,4,30469.11,0.05,7617.2775
C0326,Furniture,2025-04-24,6,0.05,Furniture 3,11605.21,8765.09,2840.12,30,Female,South,9,2,9,0,4,14380.069999999998,0.11250000000000002,3595.0174999999995
C0513,Furniture,2024-11-04,5,0.0,Furniture 2,9445.87,8334.91,1110.96,60,Female,West,14,0,248,1,5,27670.420000000002,0.1,5534.084000000001
C0648,Beauty,2024-11-29,3,0.0,Beauty 1,985.99,808.01,177.98,67,Female,North,10,3,163,1,4,17471.45,0.08750000000000001,4367.8625
C0750,Beauty,2024-12-26,8,0.1,Beauty 5,2349.97,2014.02,335.95,67,Male,East,43,0,117,0,7,37801.61,0.15714285714285717,5400.2300000000005
C0272,Grocery,2025-05-17,1,0.1,Grocery 5,144.33,107.0,37.33,25,Female,East,51,4,340,1,7,19295.25,0.09285714285714286,2756.464285714286
C0313,Electronics,2024-08-02,2,0.0,Electronics 5,2597.57,1898.97,698.6,32,Male,West,31,0,290,1,5,26620.8,0.06000000000000001,5324.16
C0699,Electronics,2025-03-11,2,0.05,Electronics 1,2226.26,1814.54,411.72,22,Female,West,17,1,111,0,8,23589.2,0.08750000000000001,2948.65
C0554,Beauty,2024-06-26,6,0.05,Beauty 1,1616.91,948.73,668.18,69,Male,East,17,2,142,1,6,29599.15,0.05833333333333334,4933.191666666667
C0218,Beauty,2025-10-11,1,0.2,Beauty 2,224.78,127.88,96.9,41,Male,North,39,4,49,0,10,22757.11,0.1,2275.7110000000002
C0548,Electronics,2024-03-02,8,0.2,Electronics 1,8254.1,7381.61,872.49,44,Female,West,32,1,267,1,6,24719.54,0.08333333333333333,4119.923333333333
C0126,Clothing,2024-02-18,2,0.05,Clothing 3,1012.06,881.2,130.86,22,Female,West,28,3,346,1,7,11018.18,0.08571428571428572,1574.0257142857142
C0359,Clothing,2024-01-28,7,0.1,Clothing 4,3452.99,3054.11,398.88,56,Male,North,26,0,161,1,3,13417.04,0.08333333333333333,4472.346666666667
C0245,Clothing,2024-09-12,8,0.2,Clothing 1,3422.88,1957.3,1465.58,22,Male,East,1,1,199,1,7,21723.61,0.1142857142857143,3103.3728571428574
C0794,Furniture,2025-03-18,8,0.05,Furniture 2,15602.39,10051.93,5550.46,40,Female,South,44,2,42,0,5,39552.6,0.09,7910.5199999999995
C0027,Grocery,2025-12-20,3,0.0,Grocery 3,417.81,361.63,56.18,60,Female,East,23,1,237,1,5,9512.630000000001,0.08,1902.5260000000003
C0685,Grocery,2024-11-27,1,0.05,Grocery 2,132.95,77.29,55.66,59,Female,West,22,0,173,1,11,24208.12,0.06818181818181818,2200.7381818181816
C0224,Grocery,2024-05-13,7,0.1,Grocery 3,940.03,665.54,274.49,55,Female,West,55,2,163,0,7,10123.789999999999,0.1,1446.2557142857142
C0028,Furniture,2024-09-25,5,0.2,Furniture 3,8428.47,5642.46,2786.01,46,Female,South,45,0,192,0,4,19896.6,0.125,4974.15
C0528,Furniture,2024-04-02,9,0.05,Furniture 5,15982.6,13712.23,2270.37,65,Female,North,11,1,58,0,7,38804.64,0.0642857142857143,5543.5199999999995
C0542,Electronics,2024-12-10,2,0.0,Electronics 2,2599.45,1901.05,698.4,28,Male,West,46,3,172,1,6,33018.34,0.08333333333333333,5503.056666666666
C0113,Electronics,2025-06-16,6,0.0,Electronics 1,7464.66,4864.2,2600.46,41,Female,East,45,0,126,0,6,30657.06,0.10000000000000002,5109.51
C0030,Clothing,2024-01-26,2,0.05,Clothing 5,914.34,670.67,243.67,41,Male,East,8,2,309,1,7,16535.11,0.0642857142857143,2362.1585714285716
C0089,Grocery,2025-07-21,5,0.0,Grocery 3,807.86,476.12,331.74,61,Male,North,22,2,60,1,4,14090.09,0.05,3522.5225
C0327,Beauty,2024-06-15,1,0.0,Beauty 3,305.92,246.55,59.37,19,Female,North,3,2,120,1,1,305.92,0.0,305.92
C0105,Beauty,2025-05-05,7,0.1,Beauty 4,1978.13,1516.07,462.06,58,Female,West,7,2,335,1,7,43736.840000000004,0.0642857142857143,6248.120000000001
C0562,Furniture,2025-08-18,6,0.2,Furniture 5,9380.05,7131.16,2248.89,43,Male,South,58,1,184,0,6,23595.16,0.075,3932.5266666666666
C0062,Electronics,2025-07-20,1,0.0,Electronics 1,1174.45,825.93,348.52,37,Male,North,28,3,197,1,4,11632.83,0.08750000000000001,2908.2075
C0631,Electronics,2025-05-04,5,0.1,Electronics 5,4873.63,3182.41,1691.22,35,Male,North,17,1,207,1,4,20336.190000000002,0.1125,5084.047500000001
C0699,Grocery,2025-05-21,4,0.1,Grocery 4,544.09,311.7,232.39,22,Female,West,17,1,111,0,8,23589.2,0.08750000000000001,2948.65
C0573,Grocery,2024-05-16,7,0.1,Grocery 3,994.29,876.43,117.86,20,Male,West,58,2,301,1,8,19877.23,0.125,2484.65375
C0755,Furniture,2024-04-09,5,0.2,Furniture 5,8750.12,6088.28,2661.84,40,Male,South,51,1,176,0,5,16464.54,0.06000000000000001,3292.9080000000004
C0751,Electronics,2024-10-05,5,0.2,Electronics 2,5176.54,3745.6,1430.94,25,Female,West,14,1,296,1,3,6691.28,0.13333333333333333,2230.4266666666667
C0037,Beauty,2025-03-20,8,0.05,Beauty 4,2091.67,1425.51,666.16,61,Male,East,40,2,40,0,7,39181.15,0.05,5597.307142857143
C0273,Grocery,2025-03-27,5,0.2,Grocery 3,657.66,589.1,68.56,67,Female,West,12,2,148,1,6,20487.23,0.10000000000000002,3414.5383333333334
C0608,Grocery,2025-07-21,8,0.0,Grocery 5,1115.88,924.69,191.19,68,Male,North,38,1,135,1,8,44574.15,0.06875,5571.76875
C0271,Electronics,2024-08-13,8,0.2,Electronics 3,6975.15,4070.11,2905.04,19,Male,North,51,1,309,1,5,21962.05,0.11000000000000001,4392.41
C0589,Beauty,2025-09-23,8,0.0,Beauty 4,2519.49,1922.02,597.47,61,Female,East,26,0,255,0,3,4974.36,0.08333333333333333,1658.12
C0619,Grocery,2024-11-23,9,0.0,Grocery 3,1459.59,1050.35,409.24,25,Male,North,44,1,311,1,7,10426.970000000001,0.05714285714285715,1489.567142857143
C0797,Clothing,2024-06-28,7,0.0,Clothing 2,3814.85,3157.45,657.4,41,Female,South,48,0,284,1,11,29578.27,0.08181818181818182,2688.933636363636
C0263,Clothing,2025-06-20,6,0.0,Clothing 2,3194.99,2872.49,322.5,66,Female,South,30,0,158,0,4,8224.86,0.07500000000000001,2056.215
C0278,Clothing,2024-04-03,5,0.05,Clothing 5,2234.83,1811.35,423.48,21,Male,East,35,0,211,0,4,5968.8,0.025,1492.2
C0019,Electronics,2024-10-22,2,0.1,Electronics 5,2010.53,1714.43,296.1,41,Female,West,25,1,340,1,5,7449.74,0.07,1489.9479999999999
C0228,Beauty,2025-07-24,8,0.1,Beauty 2,1969.47,1429.68,539.79,46,Female,East,37,1,31,0,4,18832.12,0.125,4708.03
C0224,Beauty,2025-07-16,7,0.0,Beauty 5,2134.43,1453.03,681.4,55,Female,West,55,2,163,0,7,10123.789999999999,0.1,1446.2557142857142
C0362,Beauty,2024-07-06,8,0.05,Beauty 3,2274.17,1762.82,511.35,29,Female,North,22,1,193,0,6,29037.17,0.05833333333333334,4839.528333333333
C0336,Clothing,2024-05-01,7,0.0,Clothing 1,3226.5,2620.87,605.63,68,Female,South,34,2,206,1,9,34270.3,0.11666666666666667,3807.8111111111116
C0685,Grocery,2024-01-24,5,0.0,Grocery 4,744.72,468.9,275.82,59,Female,West,22,0,173,1,11,24208.12,0.06818181818181818,2200.7381818181816
C0619,Grocery,2024-03-06,3,0.1,Grocery 1,410.45,298.06,112.39,25,Male,North,44,1,311,1,7,10426.970000000001,0.05714285714285715,1489.567142857143
C0582,Grocery,2025-08-25,9,0.1,Grocery 5,1269.18,748.6,520.58,23,Male,East,48,1,124,0,5,6254.299999999999,0.08,1250.86
C0004,Grocery,2025-07-26,7,0.0,Grocery 3,1031.98,645.73,386.25,40,Female,North,23,1,90,1,12,47598.26,0.08750000000000001,3966.521666666667
C0377,Grocery,2025-01-04,8,0.05,Grocery 5,1098.58,943.3,155.28,56,Male,South,54,1,166,1,3,16931.09,0.05000000000000001,5643.696666666667
C0583,Furniture,2025-02-20,6,0.2,Furniture 3,9918.1,5957.37,3960.73,20,Female,East,49,1,257,1,9,64267.66,0.08333333333333333,7140.851111111111
C0195,Electronics,2024-08-26,5,0.1,Electronics 1,5598.96,4669.38,929.58,22,Female,North,10,0,154,0,5,8704.460000000001,0.09,1740.8920000000003
C0339,Electronics,2024-05-20,1,0.0,Electronics 4,1144.9,779.0,365.9,67,Female,North,21,1,243,0,5,22016.73,0.07,4403.346
C0581,Beauty,2024-01-09,1,0.2,Beauty 4,216.95,169.71,47.24,61,Male,North,4,2,161,0,6,34150.950000000004,0.11666666666666668,5691.825000000001
C0635,Beauty,2025-05-05,7,0.0,Beauty 2,2287.19,1986.69,300.5,53,Male,West,57,0,295,0,6,15135.01,0.10000000000000002,2522.5016666666666
C0683,Beauty,2024-01-26,3,0.05,Beauty 2,898.65,739.87,158.78,67,Male,West,15,1,7,0,7,32122.43,0.07142857142857142,4588.918571428571
C0343,Clothing,2024-03-17,1,0.1,Clothing 5,423.1,355.01,68.09,44,Female,North,56,3,127,1,8,46164.85,0.09375,5770.60625
C0319,Grocery,2025-08-01,7,0.1,Grocery 4,957.41,614.08,343.33,57,Male,East,10,0,143,0,2,9524.1,0.1,4762.05
C0306,Electronics,2025-03-01,6,0.0,Electronics 2,7336.72,4963.92,2372.8,33,Male,South,42,0,70,0,3,18037.010000000002,0.016666666666666666,6012.336666666667
C0534,Clothing,2024-12-23,2,0.2,Clothing 4,740.16,596.92,143.24,48,Female,South,48,1,73,0,8,31290.120000000003,0.10625000000000001,3911.2650000000003
C0335,Furniture,2024-06-08,5,0.0,Furniture 2,9383.31,7713.38,1669.93,60,Male,North,9,1,175,1,5,33719.04,0.030000000000000006,6743.808
C0320,Clothing,2024-04-19,5,0.1,Clothing 1,2455.52,2029.53,425.99,34,Male,South,37,0,325,1,3,3999.27,0.16666666666666666,1333.09
C0134,Grocery,2024-12-06,1,0.05,Grocery 4,142.73,115.47,27.26,59,Male,West,48,1,295,0,7,24940.86,0.07142857142857142,3562.98
C0382,Electronics,2024-09-18,6,0.2,Electronics 5,5404.54,3410.63,1993.91,67,Female,North,45,2,51,0,5,15247.529999999999,0.09,3049.506
C0189,Grocery,2025-01-24,4,0.2,Grocery 5,508.57,331.17,177.4,33,Female,West,21,2,70,0,12,57799.59,0.125,4816.6325
C0419,Furniture,2024-04-30,8,0.2,Furniture 3,12724.67,11194.07,1530.6,44,Male,South,42,3,236,1,5,45789.270000000004,0.05,9157.854000000001
C0710,Grocery,2024-06-17,2,0.2,Grocery 1,246.64,183.46,63.18,53,Male,South,32,0,238,1,2,1844.6100000000001,0.2,922.3050000000001
C0620,Grocery,2024-03-23,8,0.1,Grocery 3,1036.26,843.58,192.68,40,Female,West,21,0,328,1,7,17893.73,0.0642857142857143,2556.247142857143
C0382,Beauty,2024-11-05,1,0.0,Beauty 4,273.47,207.76,65.71,67,Female,North,45,2,51,0,5,15247.529999999999,0.09,3049.506
C0782,Clothing,2024-07-20,7,0.1,Clothing 5,2938.91,2567.36,371.55,24,Female,West,45,0,228,0,5,10456.4,0.12000000000000002,2091.2799999999997
C0784,Clothing,2024-06-12,8,0.05,Clothing 1,4159.51,3552.53,606.98,42,Female,North,38,1,229,0,8,39552.1,0.10625000000000001,4944.0125
C0355,Furniture,2025-02-05,4,0.1,Furniture 4,7377.97,4732.83,2645.14,69,Female,South,52,0,236,0,4,24220.870000000003,0.1,6055.217500000001
C0610,Grocery,2024-12-29,3,0.0,Grocery 3,479.8,412.46,67.34,61,Male,East,22,0,209,1,7,9692.55,0.08571428571428573,1384.6499999999999
C0273,Beauty,2024-06-02,2,0.1,Beauty 3,488.32,319.86,168.46,67,Female,West,12,2,148,1,6,20487.23,0.10000000000000002,3414.5383333333334
C0702,Electronics,2025-05-25,4,0.05,Electronics 1,4802.1,3382.33,1419.77,26,Male,East,1,2,267,1,7,19026.28,0.09285714285714286,2718.04
C0298,Electronics,2024-09-07,7,0.1,Electronics 1,7537.25,6391.07,1146.18,32,Male,East,8,1,329,1,3,19213.83,0.03333333333333333,6404.610000000001
C0206,Clothing,2024-09-06,7,0.05,Clothing 4,3434.93,2278.76,1156.17,57,Female,North,32,1,199,0,3,9150.259999999998,0.03333333333333333,3050.086666666666
C0107,Grocery,2024-12-14,2,0.05,Grocery 1,276.92,180.49,96.43,52,Male,West,37,1,110,1,6,14448.84,0.03333333333333333,2408.14
C0674,Beauty,2024-04-11,1,0.0,Beauty 4,307.25,240.89,66.36,50,Female,North,35,0,340,1,8,26619.81,0.1,3327.47625
C0237,Grocery,2024-11-02,6,0.2,Grocery 1,653.13,587.74,65.39,40,Male,South,44,1,219,1,4,8098.14,0.125,2024.535
C0650,Grocery,2025-03-01,6,0.0,Grocery 5,818.21,487.55,330.66,43,Male,East,50,1,325,1,5,5509.32,0.06000000000000001,1101.864
C0069,Electronics,2024-04-03,9,0.0,Electronics 2,11445.49,9103.41,2342.08,42,Male,East,13,0,51,1,6,35650.3,0.075,5941.716666666667
C0400,Grocery,2025-02-16,7,0.05,Grocery 3,922.58,677.57,245.01,69,Female,West,47,2,320,0,10,43060.21,0.12,4306.021
C0342,Grocery,2024-01-29,5,0.0,Grocery 2,677.1,469.72,207.38,50,Female,West,31,0,65,0,7,5817.150000000001,0.07142857142857142,831.0214285714286
C0351,Grocery,2025-03-16,6,0.2,Grocery 3,779.39,633.22,146.17,20,Female,East,5,1,121,1,7,16545.36,0.10714285714285714,2363.6228571428574
C0133,Furniture,2024-01-26,6,0.05,Furniture 3,10865.41,8085.96,2779.45,47,Female,West,11,1,37,0,4,17717.98,0.08750000000000001,4429.495
C0059,Grocery,2024-05-07,5,0.0,Grocery 4,762.36,632.17,130.19,53,Female,South,4,1,121,0,8,38746.31,0.08750000000000001,4843.28875
C0277,Electronics,2024-09-12,7,0.05,Electronics 4,8520.91,6904.91,1616.0,58,Male,West,52,3,185,1,9,40737.85,0.07777777777777778,4526.427777777778
C0376,Electronics,2025-03-24,2,0.0,Electronics 5,2518.04,2253.12,264.92,56,Male,West,31,0,192,0,3,16304.630000000001,0.016666666666666666,5434.876666666667
C0634,Electronics,2025-06-08,8,0.1,Electronics 1,7856.57,6550.83,1305.74,27,Male,East,6,0,157,1,2,8082.41,0.15000000000000002,4041.205
C0369,Furniture,2024-12-08,8,0.05,Furniture 5,15385.28,8821.61,6563.67,58,Female,North,57,1,185,0,5,32652.550000000003,0.11000000000000001,6530.51
C0196,Beauty,2024-04-05,4,0.0,Beauty 4,1210.03,995.68,214.35,35,Female,West,30,3,14,0,6,24081.08,0.075,4013.513333333334
C0209,Beauty,2024-10-09,5,0.2,Beauty 2,1164.02,904.9,259.12,58,Female,West,49,0,178,0,6,21187.34,0.15,3531.2233333333334
C0489,Clothing,2025-07-28,5,0.1,Clothing 5,2364.1,1374.55,989.55,49,Female,North,12,1,28,0,12,31217.78,0.08750000000000001,2601.4816666666666
C0348,Electronics,2024-03-06,8,0.05,Electronics 4,9966.35,7593.57,2372.78,27,Female,North,25,3,46,0,3,11199.12,0.08333333333333333,3733.0400000000004
C0720,Furniture,2025-06-06,2,0.1,Furniture 1,3345.97,2719.54,626.43,25,Female,North,37,3,168,1,5,8832.93,0.1,1766.586
C0351,Electronics,2024-10-08,4,0.1,Electronics 1,4013.47,2484.41,1529.06,20,Female,East,5,1,121,1,7,16545.36,0.10714285714285714,2363.6228571428574
C0453,Furniture,2024-01-03,6,0.0,Furniture 4,12563.37,8822.24,3741.13,19,Female,West,6,0,226,0,7,24341.58,0.05,3477.3685714285716
C0051,Clothing,2025-05-22,7,0.2,Clothing 4,2774.47,2052.75,721.72,28,Female,North,53,2,273,1,8,39738.32,0.08125,4967.29
C0155,Beauty,2024-01-20,3,0.05,Beauty 1,905.48,628.95,276.53,52,Female,South,7,2,278,1,6,9692.74,0.11666666666666668,1615.4566666666667
C0680,Furniture,2024-09-26,2,0.0,Furniture 4,3712.86,3180.44,532.42,55,Male,West,26,0,177,0,6,28823.52,0.05833333333333334,4803.92
C0275,Furniture,2024-05-22,5,0.1,Furniture 3,8171.74,4977.54,3194.2,43,Male,North,36,2,309,1,9,26887.16,0.13333333333333336,2987.4622222222224
C0336,Grocery,2025-03-02,6,0.2,Grocery 5,748.5,613.8,134.7,68,Female,South,34,2,206,1,9,34270.3,0.11666666666666667,3807.8111111111116
C0472,Beauty,2024-02-10,7,0.1,Beauty 4,2077.0,1707.98,369.02,40,Female,South,49,1,247,1,5,17261.51,0.05,3452.3019999999997
C0046,Grocery,2024-03-07,1,0.05,Grocery 5,130.95,92.56,38.39,41,Male,South,46,1,355,1,4,14537.330000000002,0.075,3634.3325000000004
C0405,Furniture,2025-01-22,1,0.05,Furniture 1,2038.45,1506.04,532.41,44,Female,North,58,1,355,1,9,57173.520000000004,0.10555555555555557,6352.613333333334
C0276,Clothing,2025-12-26,4,0.1,Clothing 4,1758.7,1061.81,696.89,42,Female,North,57,1,324,1,5,7593.35,0.08,1518.67
C0118,Grocery,2024-01-29,6,0.0,Grocery 2,813.02,502.69,310.33,30,Male,South,9,1,110,0,5,24960.2,0.04,4992.04
C0334,Beauty,2024-12-02,1,0.2,Beauty 3,240.48,177.01,63.47,41,Female,North,27,3,341,1,2,1200.97,0.15000000000000002,600.485
C0357,Clothing,2025-08-08,2,0.05,Clothing 5,907.98,570.79,337.19,64,Female,East,38,2,50,1,8,26705.17,0.043750000000000004,3338.14625
C0149,Electronics,2024-07-31,4,0.0,Electronics 5,4985.67,4149.39,836.28,21,Male,East,8,1,124,0,4,13203.16,0.025,3300.79
C0434,Clothing,2024-12-25,3,0.0,Clothing 2,1436.35,1099.78,336.57,40,Female,West,23,2,135,0,6,10327.23,0.10833333333333334,1721.205
C0596,Clothing,2025-09-04,7,0.1,Clothing 2,3138.47,1788.31,1350.16,48,Female,South,18,0,288,1,7,22800.28,0.1642857142857143,3257.182857142857
C0213,Grocery,2025-06-15,1,0.0,Grocery 4,141.02,95.22,45.8,41,Male,South,36,0,276,1,2,12477.36,0.025,6238.68
C0773,Electronics,2024-08-02,8,0.2,Electronics 5,8183.96,6960.04,1223.92,55,Female,South,21,0,299,0,8,40324.2,0.1125,5040.525
C0489,Electronics,2025-07-02,2,0.2,Electronics 4,2083.37,1348.16,735.21,49,Female,North,12,1,28,0,12,31217.78,0.08750000000000001,2601.4816666666666
C0618,Clothing,2025-05-08,4,0.0,Clothing 1,1961.33,1572.79,388.54,21,Female,South,36,0,152,0,6,9129.689999999999,0.06666666666666667,1521.6149999999998
C0056,Grocery,2025-01-04,9,0.0,Grocery 1,1336.2,778.78,557.42,46,Male,West,50,2,298,1,5,16616.16,0.05,3323.232
C0613,Electronics,2024-11-18,6,0.2,Electronics 4,6316.05,5530.88,785.17,38,Female,North,44,2,262,1,8,28748.38,0.15000000000000002,3593.5475
C0269,Clothing,2025-11-06,9,0.0,Clothing 4,4177.9,2954.91,1222.99,48,Male,West,57,0,220,1,3,9372.5,0.10000000000000002,3124.1666666666665
C0568,Clothing,2025-09-30,1,0.05,Clothing 5,504.32,364.14,140.18,51,Female,West,43,1,137,0,3,10507.82,0.03333333333333333,3502.6066666666666
C0643,Electronics,2025-12-23,7,0.2,Electronics 3,6810.42,5104.0,1706.42,43,Male,North,32,1,258,0,6,33046.79,0.075,5507.798333333333
C0200,Clothing,2025-05-08,1,0.0,Clothing 3,538.07,364.38,173.69,37,Female,North,51,1,169,1,5,26373.339999999997,0.09,5274.668
C0207,Clothing,2024-09-19,6,0.1,Clothing 1,2587.91,2080.29,507.62,68,Female,South,16,1,179,0,7,36856.619999999995,0.08571428571428573,5265.231428571428
C0047,Electronics,2024-03-21,3,0.05,Electronics 4,3280.57,1821.06,1459.51,64,Male,East,39,1,215,1,4,21100.94,0.125,5275.235
C0484,Furniture,2024-04-01,7,0.05,Furniture 5,12836.68,7788.93,5047.75,42,Male,North,21,0,329,1,6,40064.729999999996,0.09166666666666667,6677.454999999999
C0619,Electronics,2025-11-25,2,0.2,Electronics 1,1734.39,1068.54,665.85,25,Male,North,44,1,311,1,7,10426.970000000001,0.05714285714285715,1489.567142857143
C0328,Grocery,2024-09-22,9,0.1,Grocery 3,1134.78,876.47,258.31,25,Female,North,35,2,73,0,6,23693.44,0.125,3948.9066666666663
C0128,Furniture,2024-03-21,5,0.05,Furniture 2,10439.71,8996.01,1443.7,47,Male,South,6,2,246,0,7,37329.119999999995,0.12142857142857144,5332.731428571428
C0253,Beauty,2024-06-12,5,0.2,Beauty 4,1139.75,652.25,487.5,35,Female,North,23,1,269,1,7,26987.69,0.15714285714285717,3855.3842857142854
C0322,Grocery,2024-01-16,6,0.1,Grocery 4,732.23,621.2,111.03,49,Male,West,7,1,192,0,9,21764.89,0.11666666666666667,2418.321111111111
C0732,Grocery,2025-01-22,1,0.0,Grocery 2,143.36,119.97,23.39,65,Female,South,45,1,342,1,8,13503.85,0.0625,1687.98125
C0099,Furniture,2025-03-07,3,0.05,Furniture 5,5595.56,3227.63,2367.93,25,Female,West,55,0,118,0,11,40467.1,0.05909090909090909,3678.8272727272724
C0274,Beauty,2024-10-03,7,0.0,Beauty 1,2120.07,1272.32,847.75,39,Male,South,55,1,34,0,7,39397.979999999996,0.07142857142857142,5628.282857142856
C0510,Clothing,2025-06-27,9,0.1,Clothing 4,3700.54,2488.67,1211.87,69,Female,South,7,2,55,0,6,18899.9,0.1416666666666667,3149.9833333333336
C0189,Furniture,2024-12-16,9,0.2,Furniture 4,15236.44,8991.55,6244.89,33,Female,West,21,2,70,0,12,57799.59,0.125,4816.6325
C0707,Grocery,2025-12-01,5,0.0,Grocery 1,798.83,651.37,147.46,47,Male,North,22,3,82,0,9,17932.65,0.07777777777777778,1992.5166666666669
C0727,Electronics,2025-07-11,3,0.2,Electronics 4,2714.78,1972.08,742.7,22,Male,North,54,2,189,0,4,15543.86,0.15000000000000002,3885.965
C0304,Furniture,2024-02-24,5,0.2,Furniture 2,8477.47,5881.39,2596.08,46,Male,South,5,3,137,0,3,23929.989999999998,0.10000000000000002,7976.663333333333
C0596,Beauty,2024-07-19,5,0.2,Beauty 2,1166.74,937.75,228.99,48,Female,South,18,0,288,1,7,22800.28,0.1642857142857143,3257.182857142857
C0604,Electronics,2025-07-04,4,0.1,Electronics 1,4253.57,2775.51,1478.06,60,Male,South,42,0,349,1,5,7526.349999999999,0.09,1505.27
C0545,Electronics,2025-01-27,4,0.05,Electronics 4,4957.99,4239.26,718.73,20,Female,South,7,1,3,1,8,20033.53,0.07500000000000001,2504.19125
C0149,Beauty,2025-07-03,8,0.0,Beauty 5,2588.11,2015.85,572.26,21,Male,East,8,1,124,0,4,13203.16,0.025,3300.79
C0039,Grocery,2024-09-01,4,0.2,Grocery 3,468.01,314.16,153.85,50,Female,South,4,0,35,0,4,6845.96,0.1125,1711.49
C0277,Clothing,2024-01-28,1,0.05,Clothing 4,473.87,350.17,123.7,58,Male,West,52,3,185,1,9,40737.85,0.07777777777777778,4526.427777777778
C0104,Furniture,2025-07-27,7,0.05,Furniture 2,12732.15,8158.85,4573.3,59,Male,West,4,1,260,1,6,35176.99,0.06666666666666667,5862.831666666666
C0233,Clothing,2025-07-27,6,0.1,Clothing 3,2708.33,2423.26,285.07,57,Male,North,34,1,23,1,6,13548.13,0.08333333333333333,2258.0216666666665
C0510,Clothing,2025-04-11,4,0.1,Clothing 4,1865.49,1310.43,555.06,69,Female,South,7,2,55,0,6,18899.9,0.1416666666666667,3149.9833333333336
C0471,Clothing,2024-10-22,6,0.2,Clothing 3,2204.48,1904.39,300.09,59,Male,East,58,0,193,0,3,13762.439999999999,0.08333333333333333,4587.48
C0167,Grocery,2024-01-07,9,0.2,Grocery 4,1170.69,1044.62,126.07,26,Male,South,38,0,259,1,4,11009.8,0.1625,2752.45
C0014,Electronics,2025-06-15,9,0.2,Electronics 1,9018.21,6651.18,2367.03,55,Female,North,22,0,211,0,5,39154.17,0.07,7830.834
C0180,Clothing,2025-04-26,8,0.0,Clothing 3,3677.4,2962.14,715.26,66,Female,North,23,1,232,0,8,25715.29,0.09375,3214.41125
C0363,Clothing,2025-05-02,6,0.0,Clothing 5,3221.39,2416.97,804.42,64,Female,West,3,0,14,0,7,31231.93,0.05,4461.704285714286
C0623,Electronics,2024-05-04,1,0.0,Electronics 4,1258.48,732.5,525.98,39,Female,South,12,1,208,1,5,14613.78,0.030000000000000006,2922.7560000000003
C0292,Furniture,2025-06-17,5,0.1,Furniture 2,8663.63,7652.99,1010.64,67,Female,West,54,1,122,0,8,56584.34,0.06875,7073.0425
C0228,Electronics,2025-06-12,8,0.1,Electronics 3,8677.04,6159.16,2517.88,46,Female,East,37,1,31,0,4,18832.12,0.125,4708.03
C0441,Beauty,2025-09-17,8,0.2,Beauty 4,2058.29,1776.14,282.15,33,Female,West,42,1,240,1,7,11972.32,0.09285714285714286,1710.3314285714284
C0057,Electronics,2025-02-18,7,0.2,Electronics 5,7349.16,5728.39,1620.77,26,Male,West,56,0,103,0,3,13354.36,0.15,4451.453333333334
C0180,Clothing,2025-06-18,9,0.2,Clothing 5,3442.38,2020.05,1422.33,66,Female,North,23,1,232,0,8,25715.29,0.09375,3214.41125
C0029,Electronics,2024-10-20,5,0.0,Electronics 5,6180.67,4301.55,1879.12,41,Male,North,16,0,338,0,7,14168.71,0.07142857142857142,2024.1014285714284
C0420,Clothing,2025-05-23,1,0.1,Clothing 4,482.42,298.4,184.02,66,Female,South,32,1,310,1,4,5615.14,0.0625,1403.785
C0354,Furniture,2025-05-21,5,0.2,Furniture 2,8781.07,5351.63,3429.44,68,Male,West,59,0,120,0,7,34790.13,0.09285714285714286,4970.018571428571
C0466,Electronics,2025-07-23,3,0.2,Electronics 2,2632.73,2106.92,525.81,26,Male,East,19,2,40,0,5,8530.95,0.12000000000000002,1706.19
C0493,Grocery,2025-09-17,8,0.05,Grocery 3,1140.83,639.44,501.39,49,Male,North,54,1,120,0,12,41259.65,0.09166666666666667,3438.304166666667
C0316,Furniture,2024-01-03,7,0.2,Furniture 3,12037.01,10690.66,1346.35,55,Female,South,26,3,322,1,7,36075.950000000004,0.1142857142857143,5153.7071428571435
C0695,Grocery,2025-07-22,4,0.05,Grocery 5,513.36,363.19,150.17,31,Male,West,45,0,216,1,9,50669.99,0.1111111111111111,5629.998888888888
C0734,Electronics,2025-08-01,4,0.0,Electronics 5,4739.75,3419.33,1320.42,28,Female,East,42,1,196,1,7,26770.54,0.07142857142857142,3824.362857142857
C0088,Furniture,2025-02-02,2,0.05,Furniture 5,3863.99,2530.14,1333.85,57,Male,West,31,1,188,1,7,18238.84,0.028571428571428574,2605.5485714285714
C0736,Electronics,2025-01-14,1,0.05,Electronics 4,1146.04,664.66,481.38,55,Male,South,35,0,187,1,6,25372.66,0.05833333333333334,4228.776666666667
C0157,Electronics,2025-06-11,3,0.2,Electronics 1,3014.08,2278.3,735.78,46,Female,East,52,0,347,0,3,11402.26,0.10000000000000002,3800.7533333333336
C0198,Grocery,2024-11-28,3,0.0,Grocery 1,410.9,275.58,135.32,35,Female,South,58,2,49,0,7,15585.45,0.07142857142857142,2226.4928571428572
C0423,Clothing,2024-10-29,3,0.0,Clothing 2,1585.63,1218.44,367.19,48,Female,East,58,1,304,1,7,20767.87,0.05,2966.8385714285714
C0023,Electronics,2025-08-09,9,0.1,Electronics 4,9298.48,6922.9,2375.58,66,Female,North,49,0,336,0,5,25399.019999999997,0.09,5079.803999999999
C0291,Furniture,2025-07-29,7,0.1,Furniture 2,13417.06,8397.99,5019.07,31,Male,North,36,4,128,0,8,43569.14,0.07500000000000001,5446.1425
C0155,Grocery,2024-05-31,5,0.1,Grocery 4,664.13,472.58,191.55,52,Female,South,7,2,278,1,6,9692.74,0.11666666666666668,1615.4566666666667
C0386,Beauty,2025-08-28,2,0.0,Beauty 5,545.15,358.61,186.54,21,Male,West,17,0,243,1,4,5253.56,0.025,1313.39
C0651,Grocery,2024-08-26,8,0.05,Grocery 2,1245.77,789.7,456.07,51,Male,East,11,1,275,1,6,8477.02,0.08333333333333333,1412.8366666666668
C0739,Grocery,2024-04-10,6,0.2,Grocery 5,760.4,623.07,137.33,64,Female,North,30,5,188,0,6,18522.94,0.08333333333333333,3087.1566666666663
C0169,Beauty,2025-10-03,5,0.0,Beauty 3,1454.34,805.95,648.39,19,Male,North,55,0,257,1,4,15212.48,0.1,3803.12
C0435,Electronics,2024-06-22,5,0.2,Electronics 5,4579.23,2949.52,1629.71,24,Male,West,33,1,92,0,2,20780.260000000002,0.125,10390.130000000001
C0379,Clothing,2024-05-28,5,0.0,Clothing 1,2544.48,1872.43,672.05,31,Male,West,3,2,348,1,8,12434.26,0.1,1554.2825
C0332,Furniture,2024-07-16,8,0.0,Furniture 2,17559.34,12583.92,4975.42,34,Female,West,55,2,206,1,4,37341.92,0.07500000000000001,9335.48
C0506,Clothing,2024-12-24,7,0.2,Clothing 5,2682.49,2358.06,324.43,45,Male,West,37,2,321,1,9,35410.65,0.09444444444444446,3934.516666666667
C0791,Beauty,2024-05-01,5,0.05,Beauty 5,1552.76,1312.52,240.24,41,Male,North,41,2,292,1,5,13708.57,0.06999999999999999,2741.714
C0324,Clothing,2024-04-26,7,0.1,Clothing 3,3043.14,2474.26,568.88,68,Female,South,47,1,326,1,5,10439.68,0.11000000000000001,2087.936
C0052,Grocery,2024-10-13,9,0.05,Grocery 1,1334.85,974.34,360.51,36,Female,North,6,1,93,0,4,6461.29,0.1,1615.3225
C0732,Beauty,2024-06-08,3,0.1,Beauty 1,790.84,553.68,237.16,65,Female,South,45,1,342,1,8,13503.85,0.0625,1687.98125
C0745,Clothing,2024-05-20,9,0.05,Clothing 3,3920.22,2206.3,1713.92,36,Female,South,33,1,330,1,5,12800.32,0.07,2560.064
C0257,Beauty,2025-10-27,6,0.05,Beauty 5,1859.18,1557.22,301.96,23,Female,East,16,0,32,0,9,16867.92,0.09444444444444446,1874.2133333333331
C0401,Electronics,2025-03-10,2,0.2,Electronics 2,1790.95,1255.01,535.94,58,Male,North,27,0,51,0,9,32108.64,0.1111111111111111,3567.6266666666666
C0690,Clothing,2024-01-11,9,0.1,Clothing 5,4410.2,2921.05,1489.15,69,Male,South,21,3,109,1,7,12271.98,0.09285714285714286,1753.1399999999999
C0403,Grocery,2024-03-15,7,0.1,Grocery 3,870.02,663.24,206.78,68,Female,South,4,1,255,1,5,8037.49,0.05,1607.498
C0384,Grocery,2025-08-17,4,0.2,Grocery 1,457.63,372.49,85.14,19,Male,East,54,1,176,1,3,12605.429999999998,0.13333333333333333,4201.8099999999995
C0737,Beauty,2024-07-16,2,0.05,Beauty 3,617.99,453.03,164.96,35,Male,West,29,1,227,0,7,30951.19,0.05714285714285715,4421.598571428572
C0663,Beauty,2024-04-21,9,0.2,Beauty 2,2228.49,1342.34,886.15,28,Male,East,8,1,317,1,5,14129.300000000001,0.13,2825.86
C0405,Furniture,2025-04-30,8,0.1,Furniture 2,13505.71,11784.76,1720.95,44,Female,North,58,1,355,1,9,57173.520000000004,0.10555555555555557,6352.613333333334
C0129,Furniture,2025-09-03,1,0.2,Furniture 4,1629.47,960.57,668.9,51,Female,North,35,4,14,0,4,5384.83,0.1125,1346.2075
C0350,Clothing,2024-10-17,6,0.05,Clothing 2,2667.82,2372.63,295.19,45,Male,West,15,0,251,1,7,12059.78,0.04285714285714286,1722.8257142857144
C0541,Beauty,2025-06-26,2,0.1,Beauty 5,580.44,409.13,171.31,20,Male,West,56,2,165,0,4,5969.79,0.1,1492.4475
C0217,Furniture,2024-11-03,3,0.0,Furniture 5,5459.79,4811.81,647.98,23,Male,South,4,2,175,1,5,13070.380000000001,0.04,2614.076
C0429,Electronics,2024-03-20,6,0.0,Electronics 4,7242.88,6302.23,940.65,55,Male,South,8,0,320,1,5,18514.11,0.07,3702.822
C0527,Beauty,2025-08-05,3,0.0,Beauty 1,821.43,568.59,252.84,25,Male,East,19,1,13,0,6,19644.43,0.041666666666666664,3274.0716666666667
C0068,Clothing,2025-11-01,5,0.1,Clothing 5,2337.76,1940.36,397.4,21,Male,East,2,1,69,0,5,6105.99,0.06000000000000001,1221.1979999999999
C0455,Grocery,2025-12-19,4,0.05,Grocery 3,619.68,360.29,259.39,46,Male,South,5,1,287,1,5,17865.11,0.08,3573.022
C0590,Grocery,2024-03-14,6,0.05,Grocery 4,911.61,527.78,383.83,59,Male,South,27,2,73,0,3,1990.1,0.06666666666666667,663.3666666666667
C0171,Beauty,2025-02-16,8,0.1,Beauty 1,2104.59,1419.72,684.87,22,Male,South,56,1,299,1,3,3526.7400000000002,0.13333333333333333,1175.5800000000002
C0438,Clothing,2025-03-31,2,0.05,Clothing 4,900.01,687.09,212.92,22,Male,West,13,0,264,1,4,13649.95,0.05,3412.4875
C0567,Clothing,2024-02-27,8,0.0,Clothing 2,3696.82,2045.31,1651.51,30,Male,West,14,1,150,1,4,7306.51,0.07500000000000001,1826.6275
C0035,Electronics,2025-11-25,3,0.1,Electronics 4,3482.11,2543.02,939.09,21,Female,East,34,3,23,0,7,25360.25,0.09285714285714286,3622.8928571428573
C0515,Clothing,2024-03-16,1,0.1,Clothing 2,412.3,367.56,44.74,23,Male,North,26,2,276,1,9,37369.950000000004,0.08333333333333333,4152.216666666667
C0207,Electronics,2024-07-15,5,0.0,Electronics 5,6154.6,5234.22,920.38,68,Female,South,16,1,179,0,7,36856.619999999995,0.08571428571428573,5265.231428571428
C0317,Grocery,2025-12-08,3,0.05,Grocery 4,416.15,262.74,153.41,55,Female,South,41,0,282,0,5,14552.81,0.04,2910.562
C0518,Beauty,2025-02-09,2,0.0,Beauty 3,659.49,484.61,174.88,42,Male,East,51,1,342,0,4,17413.14,0.05,4353.285
C0003,Grocery,2025-05-10,4,0.1,Grocery 3,540.95,329.98,210.97,40,Female,South,33,1,10,0,5,8771.34,0.11000000000000001,1754.268
C0013,Beauty,2024-12-26,8,0.0,Beauty 1,2423.42,1556.18,867.24,57,Male,East,36,1,203,1,3,6884.2300000000005,0.016666666666666666,2294.7433333333333
C0357,Beauty,2025-07-03,6,0.0,Beauty 2,1950.44,1702.83,247.61,64,Female,East,38,2,50,1,8,26705.17,0.043750000000000004,3338.14625
C0759,Electronics,2024-02-29,7,0.05,Electronics 4,8729.54,7849.8,879.74,55,Female,North,52,1,112,0,5,26976.82,0.1,5395.364
C0004,Grocery,2025-05-08,2,0.05,Grocery 5,289.77,183.97,105.8,40,Female,North,23,1,90,1,12,47598.26,0.08750000000000001,3966.521666666667
C0631,Grocery,2024-02-18,1,0.2,Grocery 5,127.11,79.35,47.76,35,Male,North,17,1,207,1,4,20336.190000000002,0.1125,5084.047500000001
C0059,Clothing,2024-05-11,4,0.0,Clothing 1,2053.91,1405.59,648.32,53,Female,South,4,1,121,0,8,38746.31,0.08750000000000001,4843.28875
C0391,Beauty,2025-01-04,7,0.2,Beauty 2,1655.61,1168.94,486.67,27,Male,South,10,2,250,1,10,21076.36,0.075,2107.636
C0344,Clothing,2024-11-23,8,0.05,Clothing 4,3463.56,2013.15,1450.41,65,Male,South,12,0,101,0,5,9996.99,0.11000000000000001,1999.398
C0374,Electronics,2024-04-21,1,0.05,Electronics 2,1189.65,715.81,473.84,64,Male,East,33,2,240,1,7,18780.43,0.09285714285714286,2682.9185714285713
C0065,Grocery,2025-08-05,5,0.0,Grocery 2,780.04,545.01,235.03,34,Female,South,12,0,277,1,3,3039.98,0.06666666666666667,1013.3266666666667
C0602,Clothing,2024-08-08,4,0.05,Clothing 2,1754.35,1109.45,644.9,56,Male,North,55,0,362,1,9,26142.41,0.05555555555555555,2904.7122222222224
C0220,Clothing,2025-09-24,7,0.05,Clothing 5,3145.5,2660.23,485.27,24,Male,South,50,0,50,0,10,35275.33,0.06000000000000001,3527.5330000000004
C0616,Grocery,2024-01-11,2,0.1,Grocery 5,282.53,229.71,52.82,30,Female,South,32,1,124,1,4,9030.880000000001,0.05,2257.7200000000003
C0524,Furniture,2024-06-22,5,0.2,Furniture 1,7439.54,5488.29,1951.25,34,Female,East,25,1,233,0,6,18907.57,0.1416666666666667,3151.2616666666668
C0441,Clothing,2024-08-04,8,0.1,Clothing 5,3737.47,2621.54,1115.93,33,Female,West,42,1,240,1,7,11972.32,0.09285714285714286,1710.3314285714284
C0246,Clothing,2025-03-11,5,0.0,Clothing 3,2608.99,2193.76,415.23,57,Male,South,34,0,287,1,8,28256.02,0.037500000000000006,3532.0025
C0521,Electronics,2024-10-19,8,0.05,Electronics 5,8852.5,5383.19,3469.31,25,Male,West,46,3,252,0,6,25249.6,0.05000000000000001,4208.266666666666
C0798,Clothing,2024-04-24,6,0.1,Clothing 4,2569.42,2211.21,358.21,34,Female,South,58,2,142,0,4,10869.01,0.1,2717.2525
C0738,Grocery,2025-02-20,6,0.1,Grocery 4,789.43,447.75,341.68,56,Female,North,28,0,156,0,4,17906.63,0.1,4476.6575
C0733,Furniture,2025-11-30,3,0.1,Furniture 3,5247.93,4582.43,665.5,58,Male,West,5,0,182,1,8,20982.43,0.07500000000000001,2622.80375
C0175,Clothing,2024-04-07,9,0.1,Clothing 4,4136.69,2476.15,1660.54,42,Male,North,20,2,195,0,9,27782.17,0.061111111111111116,3086.9077777777775
C0468,Electronics,2024-07-03,3,0.1,Electronics 5,3398.01,2834.74,563.27,27,Female,South,51,0,126,0,3,7873.13,0.10000000000000002,2624.3766666666666
C0318,Grocery,2024-12-15,9,0.2,Grocery 3,1158.14,644.29,513.85,66,Female,South,35,1,120,0,5,7313.46,0.09,1462.692
C0773,Furniture,2025-06-14,9,0.1,Furniture 1,14677.18,12259.52,2417.66,55,Female,South,21,0,299,0,8,40324.2,0.1125,5040.525
C0760,Electronics,2024-04-09,5,0.1,Electronics 1,5644.68,4258.49,1386.19,27,Male,East,7,0,66,0,4,25134.18,0.17500000000000002,6283.545
C0694,Grocery,2024-06-17,8,0.05,Grocery 3,1097.63,611.01,486.62,22,Male,East,54,0,260,0,7,6780.91,0.042857142857142864,968.7014285714286
C0130,Electronics,2024-06-20,7,0.05,Electronics 3,8520.47,6995.08,1525.39,47,Female,West,55,0,101,0,5,18071.14,0.07,3614.228
C0255,Grocery,2025-03-25,7,0.1,Grocery 5,864.81,506.39,358.42,25,Female,West,34,1,38,0,5,17583.96,0.02,3516.792
C0569,Furniture,2024-03-01,1,0.2,Furniture 1,1616.38,1194.45,421.93,47,Female,West,38,1,202,1,7,41412.94,0.12142857142857144,5916.134285714286
C0599,Furniture,2025-04-26,2,0.2,Furniture 5,3231.15,2152.6,1078.55,51,Male,North,40,0,182,0,7,13250.95,0.10714285714285714,1892.9928571428572
C0280,Furniture,2024-11-06,1,0.1,Furniture 1,1737.54,1417.33,320.21,32,Female,South,7,1,25,0,6,15234.330000000002,0.05833333333333334,2539.0550000000003
C0109,Furniture,2024-08-27,1,0.2,Furniture 3,1750.5,1485.52,264.98,54,Male,North,8,2,42,0,8,23565.15,0.07500000000000001,2945.64375
C0109,Clothing,2025-09-21,8,0.0,Clothing 3,3685.54,2625.94,1059.6,54,Male,North,8,2,42,0,8,23565.15,0.07500000000000001,2945.64375
C0547,Beauty,2025-08-20,2,0.05,Beauty 3,528.55,430.92,97.63,48,Female,West,30,1,105,0,5,12097.619999999999,0.06000000000000001,2419.524
C0363,Clothing,2025-08-09,1,0.0,Clothing 1,514.43,447.98,66.45,64,Female,West,3,0,14,0,7,31231.93,0.05,4461.704285714286
C0392,Clothing,2025-10-08,9,0.1,Clothing 4,4061.58,3213.6,847.98,37,Male,South,43,2,352,1,5,12291.17,0.13,2458.234
C0652,Furniture,2024-06-19,3,0.2,Furniture 1,4573.89,3031.1,1542.79,28,Male,North,45,1,334,1,5,16356.960000000001,0.1,3271.3920000000003
C0013,Clothing,2025-09-16,8,0.0,Clothing 4,3843.42,2737.13,1106.29,57,Male,East,36,1,203,1,3,6884.2300000000005,0.016666666666666666,2294.7433333333333
C0603,Electronics,2024-05-08,9,0.0,Electronics 3,10059.17,6342.3,3716.87,24,Male,South,57,2,1,0,4,30723.25,0.125,7680.8125
C0219,Furniture,2024-08-29,5,0.05,Furniture 5,10198.75,7245.63,2953.12,64,Male,South,56,1,10,0,6,30035.83,0.10000000000000002,5005.971666666667
C0744,Furniture,2025-02-09,9,0.2,Furniture 5,14600.21,9286.63,5313.58,59,Male,East,46,0,28,0,4,17382.0,0.1375,4345.5
C0764,Grocery,2025-06-27,9,0.0,Grocery 5,1281.11,1066.57,214.54,36,Female,West,8,1,85,0,2,10468.800000000001,0.05,5234.400000000001
C0401,Electronics,2025-02-25,2,0.2,Electronics 3,1879.07,1434.62,444.45,58,Male,North,27,0,51,0,9,32108.64,0.1111111111111111,3567.6266666666666
C0252,Furniture,2025-02-12,2,0.0,Furniture 3,4325.35,3337.6,987.75,27,Female,South,59,0,71,0,4,17053.68,0.037500000000000006,4263.42
C0186,Electronics,2024-10-01,4,0.05,Electronics 4,4912.8,2891.64,2021.16,26,Female,North,22,1,38,0,1,4912.8,0.05,4912.8
C0145,Grocery,2025-03-08,6,0.1,Grocery 4,740.2,407.49,332.71,62,Male,West,24,0,27,0,2,3309.34,0.07500000000000001,1654.67
C0799,Grocery,2024-12-12,8,0.1,Grocery 4,1113.29,919.82,193.47,41,Female,East,16,0,107,0,7,15556.59,0.14285714285714285,2222.37
C0150,Furniture,2024-12-14,2,0.2,Furniture 3,2977.9,2203.07,774.83,62,Male,West,39,2,24,0,5,11792.529999999999,0.09,2358.506
C0357,Beauty,2025-03-03,2,0.0,Beauty 3,565.31,495.24,70.07,64,Female,East,38,2,50,1,8,26705.17,0.043750000000000004,3338.14625
C0383,Electronics,2025-03-14,3,0.0,Electronics 1,3862.23,2850.46,1011.77,30,Male,West,50,1,316,1,6,14407.539999999999,0.075,2401.2566666666667
C0543,Electronics,2024-08-28,3,0.05,Electronics 1,3690.31,2306.95,1383.36,27,Female,East,12,1,288,1,3,19443.06,0.05000000000000001,6481.02
C0674,Grocery,2024-04-09,9,0.1,Grocery 5,1113.59,884.71,228.88,50,Female,North,35,0,340,1,8,26619.81,0.1,3327.47625
C0446,Beauty,2024-08-06,4,0.05,Beauty 5,1225.25,974.5,250.75,34,Female,South,51,2,196,1,7,22460.99,0.028571428571428574,3208.7128571428575
C0606,Electronics,2024-10-25,8,0.1,Electronics 4,9034.84,5176.39,3858.45,34,Male,North,36,1,193,1,6,36021.72,0.13333333333333333,6003.62
C0453,Grocery,2024-04-27,1,0.05,Grocery 2,150.36,119.2,31.16,19,Female,West,6,0,226,0,7,24341.58,0.05,3477.3685714285716
C0349,Grocery,2024-05-09,1,0.2,Grocery 1,127.0,79.3,47.7,26,Female,South,58,1,115,1,5,9824.79,0.06000000000000001,1964.958
C0126,Clothing,2025-11-25,8,0.0,Clothing 1,4005.79,2560.03,1445.76,22,Female,West,28,3,346,1,7,11018.18,0.08571428571428572,1574.0257142857142
C0166,Furniture,2024-07-23,3,0.1,Furniture 4,5882.66,3300.14,2582.52,34,Female,East,48,0,252,1,6,20821.87,0.041666666666666664,3470.3116666666665
C0345,Clothing,2025-06-23,1,0.1,Clothing 4,423.03,325.56,97.47,31,Male,North,24,0,213,1,7,9859.71,0.07857142857142858,1408.53
C0036,Grocery,2024-04-03,6,0.0,Grocery 2,900.89,726.21,174.68,62,Female,North,38,2,77,0,5,26673.96,0.11000000000000001,5334.7919999999995
C0253,Beauty,2025-12-10,2,0.1,Beauty 1,520.4,328.2,192.2,35,Female,North,23,1,269,1,7,26987.69,0.15714285714285717,3855.3842857142854
C0370,Clothing,2024-06-04,1,0.0,Clothing 1,532.24,440.37,91.87,35,Female,West,39,0,265,1,7,22981.32,0.028571428571428574,3283.0457142857144
C0378,Electronics,2024-10-14,4,0.1,Electronics 4,3959.45,3233.73,725.72,37,Male,North,23,1,109,0,9,32337.16,0.07777777777777778,3593.0177777777776
C0651,Beauty,2025-07-24,5,0.1,Beauty 4,1332.09,923.7,408.39,51,Male,East,11,1,275,1,6,8477.02,0.08333333333333333,1412.8366666666668
C0774,Clothing,2024-05-27,5,0.0,Clothing 2,2636.74,1513.17,1123.57,62,Male,East,59,1,154,0,4,9953.529999999999,0.0125,2488.3824999999997
C0583,Furniture,2025-02-05,6,0.0,Furniture 4,11549.62,7484.9,4064.72,20,Female,East,49,1,257,1,9,64267.66,0.08333333333333333,7140.851111111111
C0063,Furniture,2025-07-27,1,0.05,Furniture 5,1801.38,1095.06,706.32,68,Female,East,35,2,296,1,4,12794.279999999999,0.08750000000000001,3198.5699999999997
C0326,Grocery,2024-01-18,3,0.2,Grocery 3,342.9,303.67,39.23,30,Female,South,9,2,9,0,4,14380.069999999998,0.11250000000000002,3595.0174999999995
C0583,Electronics,2024-01-19,4,0.0,Electronics 2,5005.05,4185.28,819.77,20,Female,East,49,1,257,1,9,64267.66,0.08333333333333333,7140.851111111111
C0475,Beauty,2025-07-29,3,0.2,Beauty 1,689.3,398.02,291.28,58,Female,South,31,0,320,1,5,6342.639999999999,0.15,1268.5279999999998
C0366,Furniture,2024-07-10,6,0.1,Furniture 4,10589.8,7727.49,2862.31,42,Male,South,22,1,5,0,4,13221.569999999998,0.125,3305.3924999999995
C0348,Grocery,2025-10-25,3,0.2,Grocery 3,363.29,233.74,129.55,27,Female,North,25,3,46,0,3,11199.12,0.08333333333333333,3733.0400000000004
C0324,Beauty,2025-11-07,6,0.2,Beauty 2,1566.94,879.43,687.51,68,Female,South,47,1,326,1,5,10439.68,0.11000000000000001,2087.936
C0463,Furniture,2025-10-04,9,0.05,Furniture 1,18106.67,12001.2,6105.47,39,Female,East,37,1,125,0,4,32790.259999999995,0.037500000000000006,8197.564999999999
C0143,Furniture,2025-12-28,6,0.1,Furniture 5,10120.21,6018.03,4102.18,39,Male,North,23,1,254,1,6,43827.92,0.15833333333333335,7304.653333333333
C0414,Electronics,2025-08-23,4,0.1,Electronics 5,4650.98,2920.61,1730.37,18,Male,East,12,1,266,1,6,40812.37,0.06666666666666667,6802.061666666667
C0164,Furniture,2024-10-06,4,0.0,Furniture 3,8551.63,5680.76,2870.87,39,Female,East,26,1,64,0,7,29374.199999999997,0.0642857142857143,4196.314285714286
C0544,Clothing,2025-12-25,6,0.1,Clothing 2,2832.42,1963.18,869.24,61,Male,South,49,1,127,0,10,52400.32,0.1,5240.032
C0691,Electronics,2024-09-09,7,0.05,Electronics 4,8006.98,5716.62,2290.36,59,Male,South,24,0,290,1,7,17522.11,0.08571428571428573,2503.1585714285716
C0406,Clothing,2025-03-04,3,0.0,Clothing 5,1370.94,1003.62,367.32,40,Female,South,18,0,237,1,7,13509.16,0.07142857142857142,1929.8799999999999
C0310,Electronics,2024-01-05,1,0.2,Electronics 3,1000.61,679.91,320.7,52,Female,North,4,0,165,1,8,35223.5,0.1125,4402.9375
C0752,Electronics,2025-12-03,7,0.05,Electronics 1,8009.27,5802.09,2207.18,22,Female,East,12,3,287,1,3,21855.04,0.08333333333333333,7285.013333333333
C0527,Furniture,2025-03-08,6,0.2,Furniture 1,9234.77,6429.71,2805.06,25,Male,East,19,1,13,0,6,19644.43,0.041666666666666664,3274.0716666666667
C0342,Grocery,2025-11-23,1,0.0,Grocery 1,135.3,120.09,15.21,50,Female,West,31,0,65,0,7,5817.150000000001,0.07142857142857142,831.0214285714286
C0023,Clothing,2024-09-14,6,0.1,Clothing 3,2554.77,1465.61,1089.16,66,Female,North,49,0,336,0,5,25399.019999999997,0.09,5079.803999999999
C0012,Electronics,2024-08-16,1,0.05,Electronics 3,1164.1,878.99,285.11,56,Female,East,55,1,94,0,6,19923.39,0.07500000000000001,3320.565
C0177,Furniture,2025-01-16,6,0.2,Furniture 3,8855.63,5470.8,3384.83,26,Female,North,27,0,118,0,3,13567.009999999998,0.20000000000000004,4522.336666666666
C0189,Furniture,2025-09-22,7,0.2,Furniture 4,11548.14,7868.94,3679.2,33,Female,West,21,2,70,0,12,57799.59,0.125,4816.6325
C0577,Grocery,2025-02-04,1,0.2,Grocery 1,127.67,94.64,33.03,45,Female,South,53,0,340,1,3,2840.64,0.16666666666666666,946.88
C0400,Electronics,2025-08-01,7,0.2,Electronics 5,6475.63,5283.68,1191.95,69,Female,West,47,2,320,0,10,43060.21,0.12,4306.021
C0799,Electronics,2024-06-05,2,0.2,Electronics 2,1759.48,1569.82,189.66,41,Female,East,16,0,107,0,7,15556.59,0.14285714285714285,2222.37
C0432,Electronics,2025-07-20,3,0.05,Electronics 3,3173.55,2293.74,879.81,60,Female,North,18,0,151,1,4,19662.530000000002,0.0875,4915.632500000001
C0722,Electronics,2025-06-18,7,0.2,Electronics 2,6529.03,4178.21,2350.82,61,Male,South,28,1,236,1,2,8201.44,0.15000000000000002,4100.72
C0441,Beauty,2025-10-16,4,0.1,Beauty 2,1147.7,949.21,198.49,33,Female,West,42,1,240,1,7,11972.32,0.09285714285714286,1710.3314285714284
C0286,Clothing,2024-02-12,9,0.05,Clothing 5,4389.81,2754.83,1634.98,26,Female,East,15,0,30,1,7,29938.910000000003,0.12142857142857144,4276.987142857143
C0571,Furniture,2024-10-07,9,0.0,Furniture 1,19324.4,14063.22,5261.18,39,Male,East,3,1,158,1,4,32847.48,0.08750000000000001,8211.87
C0359,Beauty,2024-03-05,9,0.1,Beauty 3,2670.29,2260.0,410.29,56,Male,North,26,0,161,1,3,13417.04,0.08333333333333333,4472.346666666667
C0219,Beauty,2024-10-19,1,0.05,Beauty 3,268.05,185.31,82.74,64,Male,South,56,1,10,0,6,30035.83,0.10000000000000002,5005.971666666667
C0378,Clothing,2025-07-07,2,0.1,Clothing 3,935.07,696.57,238.5,37,Male,North,23,1,109,0,9,32337.16,0.07777777777777778,3593.0177777777776
C0531,Grocery,2025-04-12,2,0.0,Grocery 2,297.99,176.36,121.63,26,Female,West,40,1,285,0,3,16381.02,0.05000000000000001,5460.34
C0300,Grocery,2025-07-03,6,0.1,Grocery 2,808.94,460.76,348.18,36,Male,East,52,0,69,0,5,30862.08,0.08,6172.416
C0563,Electronics,2025-06-22,4,0.1,Electronics 5,4169.3,3732.35,436.95,27,Male,West,4,0,163,0,9,27501.960000000003,0.03888888888888889,3055.7733333333335
C0784,Furniture,2025-12-25,7,0.1,Furniture 2,12203.13,7475.8,4727.33,42,Female,North,38,1,229,0,8,39552.1,0.10625000000000001,4944.0125
C0329,Grocery,2025-10-04,3,0.1,Grocery 3,419.28,279.85,139.43,46,Female,West,28,1,181,1,10,27679.47,0.085,2767.947
C0236,Clothing,2025-03-03,2,0.2,Clothing 2,819.33,595.36,223.97,52,Female,West,20,0,172,1,4,7221.17,0.0625,1805.2925
C0321,Grocery,2025-10-01,6,0.2,Grocery 4,693.86,472.56,221.3,23,Male,East,40,1,12,0,3,32662.55,0.10000000000000002,10887.516666666666
C0670,Furniture,2024-02-04,6,0.05,Furniture 5,10530.36,6150.45,4379.91,67,Female,South,25,0,361,0,9,60218.12,0.10555555555555557,6690.902222222223
C0143,Electronics,2025-06-10,7,0.2,Electronics 5,6825.16,4224.23,2600.93,39,Male,North,23,1,254,1,6,43827.92,0.15833333333333335,7304.653333333333
C0778,Furniture,2025-01-16,3,0.2,Furniture 1,5029.82,3635.08,1394.74,32,Male,West,13,1,57,1,9,37075.880000000005,0.1277777777777778,4119.542222222222
C0331,Beauty,2025-11-29,5,0.0,Beauty 1,1517.59,1067.75,449.84,37,Female,South,31,1,130,0,7,37008.130000000005,0.09285714285714286,5286.875714285715
C0673,Furniture,2025-01-02,9,0.05,Furniture 2,15402.49,12774.33,2628.16,22,Male,South,47,1,40,0,8,37772.36,0.0625,4721.545
C0629,Furniture,2024-05-10,6,0.1,Furniture 3,10329.8,6808.64,3521.16,37,Female,West,53,1,262,0,4,13942.71,0.08750000000000001,3485.6775
C0626,Electronics,2025-06-12,9,0.1,Electronics 1,10261.56,9021.04,1240.52,35,Female,West,7,1,223,1,7,38175.159999999996,0.10714285714285714,5453.594285714285
C0727,Furniture,2025-11-24,4,0.0,Furniture 5,8388.08,5443.73,2944.35,22,Male,North,54,2,189,0,4,15543.86,0.15000000000000002,3885.965
C0147,Furniture,2024-01-12,1,0.05,Furniture 5,1713.96,1141.42,572.54,30,Male,South,35,1,174,0,7,22123.09,0.07857142857142858,3160.441428571429
C0474,Grocery,2024-02-16,7,0.05,Grocery 3,991.57,874.82,116.75,50,Female,East,23,0,318,1,5,6499.9800000000005,0.11000000000000001,1299.996
C0079,Grocery,2025-04-27,5,0.1,Grocery 4,666.54,562.67,103.87,52,Female,East,8,0,176,0,3,1803.49,0.10000000000000002,601.1633333333333
C0239,Furniture,2025-02-09,1,0.1,Furniture 3,1854.82,1225.92,628.9,50,Female,East,51,1,27,0,4,8979.36,0.1125,2244.84
C0032,Electronics,2025-02-04,2,0.0,Electronics 4,2219.99,1528.13,691.86,22,Male,North,10,0,32,0,7,26049.53,0.07857142857142858,3721.3614285714284
C0545,Clothing,2024-03-06,3,0.0,Clothing 5,1536.42,1297.95,238.47,20,Female,South,7,1,3,1,8,20033.53,0.07500000000000001,2504.19125
C0486,Furniture,2025-02-21,2,0.05,Furniture 1,4139.66,2401.55,1738.11,35,Female,East,56,2,164,0,5,11655.76,0.12000000000000002,2331.152
C0592,Beauty,2025-02-18,7,0.0,Beauty 2,2046.13,1336.4,709.73,30,Female,South,12,1,80,0,2,3212.71,0.025,1606.355
C0140,Clothing,2025-09-11,6,0.2,Clothing 3,2321.93,1709.04,612.89,69,Female,South,18,2,2,0,8,25484.87,0.11875000000000001,3185.60875
C0265,Grocery,2024-10-11,3,0.05,Grocery 5,387.17,325.27,61.9,48,Male,South,32,0,258,1,7,18455.260000000002,0.08571428571428573,2636.4657142857145
C0541,Beauty,2024-09-10,1,0.1,Beauty 3,246.1,183.99,62.11,20,Male,West,56,2,165,0,4,5969.79,0.1,1492.4475
C0661,Electronics,2024-02-29,1,0.0,Electronics 2,1303.58,940.43,363.15,56,Male,West,19,2,190,1,5,27086.36,0.1,5417.272
C0708,Clothing,2025-02-17,9,0.05,Clothing 1,4681.55,4151.32,530.23,42,Female,South,54,2,50,0,4,13105.630000000001,0.1,3276.4075000000003
C0058,Electronics,2025-04-18,4,0.2,Electronics 3,3460.33,2044.17,1416.16,56,Female,West,29,0,28,0,6,25699.71,0.13333333333333333,4283.285
C0322,Clothing,2024-07-23,1,0.1,Clothing 2,486.06,400.04,86.02,49,Male,West,7,1,192,0,9,21764.89,0.11666666666666667,2418.321111111111
C0008,Furniture,2025-06-17,7,0.05,Furniture 2,12432.73,7390.79,5041.94,28,Male,North,28,0,79,0,4,30234.16,0.075,7558.54
C0654,Clothing,2025-11-15,8,0.1,Clothing 5,3644.18,2938.99,705.19,46,Female,South,47,2,309,1,4,11096.08,0.08750000000000001,2774.02
C0098,Beauty,2024-05-07,2,0.1,Beauty 3,559.24,413.88,145.36,51,Male,South,2,1,262,1,4,19779.879999999997,0.1,4944.969999999999
C0657,Beauty,2025-02-22,9,0.0,Beauty 1,2623.89,1686.18,937.71,50,Male,East,9,1,198,1,8,27158.62,0.043750000000000004,3394.8275
C0124,Beauty,2025-05-21,7,0.2,Beauty 1,1689.74,1250.69,439.05,62,Male,East,4,0,151,0,9,33364.44,0.061111111111111116,3707.1600000000003
C0012,Furniture,2024-01-14,3,0.2,Furniture 2,4922.44,4222.45,699.99,56,Female,East,55,1,94,0,6,19923.39,0.07500000000000001,3320.565
C0703,Furniture,2024-05-10,7,0.1,Furniture 1,11828.69,8460.64,3368.05,26,Male,West,26,1,199,0,9,42204.350000000006,0.1,4689.372222222223
C0351,Grocery,2024-10-15,4,0.0,Grocery 3,659.31,364.14,295.17,20,Female,East,5,1,121,1,7,16545.36,0.10714285714285714,2363.6228571428574
C0339,Beauty,2024-04-10,6,0.05,Beauty 3,1608.73,916.67,692.06,67,Female,North,21,1,243,0,5,22016.73,0.07,4403.346
C0517,Electronics,2024-09-16,2,0.1,Electronics 5,1948.47,1503.09,445.38,21,Female,East,56,1,120,0,5,12866.14,0.08,2573.228
C0219,Furniture,2024-04-17,3,0.2,Furniture 2,5226.51,4114.71,1111.8,64,Male,South,56,1,10,0,6,30035.83,0.10000000000000002,5005.971666666667
C0552,Electronics,2025-10-16,7,0.1,Electronics 2,7452.84,5147.09,2305.75,61,Male,West,56,0,26,0,4,9809.59,0.125,2452.3975
C0343,Clothing,2025-03-13,8,0.0,Clothing 4,3918.9,2488.4,1430.5,44,Female,North,56,3,127,1,8,46164.85,0.09375,5770.60625
C0218,Clothing,2024-08-28,1,0.1,Clothing 4,429.81,344.1,85.71,41,Male,North,39,4,49,0,10,22757.11,0.1,2275.7110000000002
C0315,Furniture,2025-07-22,2,0.0,Furniture 1,3620.67,2376.81,1243.86,52,Male,East,28,1,215,0,4,21084.28,0.1125,5271.07
C0004,Furniture,2024-01-14,6,0.05,Furniture 1,10863.22,6256.17,4607.05,40,Female,North,23,1,90,1,12,47598.26,0.08750000000000001,3966.521666666667
C0241,Electronics,2025-03-11,9,0.1,Electronics 1,9512.58,6595.68,2916.9,48,Female,North,30,0,340,1,7,27081.78,0.09285714285714286,3868.825714285714
C0473,Furniture,2025-05-13,7,0.1,Furniture 4,12651.23,9345.44,3305.79,42,Female,South,13,1,32,0,7,34309.61,0.08571428571428573,4901.372857142857
C0110,Clothing,2025-08-13,7,0.05,Clothing 2,3296.83,2927.49,369.34,32,Female,South,12,2,322,1,7,18509.28,0.10714285714285714,2644.182857142857
C0094,Electronics,2024-06-11,4,0.05,Electronics 5,4905.68,3714.96,1190.72,64,Female,North,25,1,88,1,2,8018.280000000001,0.07500000000000001,4009.1400000000003
C0524,Grocery,2025-03-07,1,0.2,Grocery 3,129.87,80.9,48.97,34,Female,East,25,1,233,0,6,18907.57,0.1416666666666667,3151.2616666666668
C0342,Grocery,2025-07-14,7,0.1,Grocery 5,910.44,765.92,144.52,50,Female,West,31,0,65,0,7,5817.150000000001,0.07142857142857142,831.0214285714286
C0109,Clothing,2025-08-05,8,0.0,Clothing 2,4367.64,2847.78,1519.86,54,Male,North,8,2,42,0,8,23565.15,0.07500000000000001,2945.64375
C0598,Clothing,2024-05-08,4,0.1,Clothing 3,1931.38,1710.71,220.67,50,Male,East,26,0,225,1,5,14698.26,0.09000000000000001,2939.652
C0620,Beauty,2025-12-13,5,0.1,Beauty 1,1465.46,972.86,492.6,40,Female,West,21,0,328,1,7,17893.73,0.0642857142857143,2556.247142857143
C0027,Clothing,2024-07-18,3,0.1,Clothing 5,1405.71,1220.62,185.09,60,Female,East,23,1,237,1,5,9512.630000000001,0.08,1902.5260000000003
C0161,Beauty,2024-10-12,5,0.1,Beauty 3,1268.53,1087.93,180.6,52,Male,South,22,1,350,1,7,20976.74,0.05,2996.6771428571433
C0296,Beauty,2024-05-20,3,0.0,Beauty 1,845.14,720.4,124.74,62,Female,East,8,2,294,0,5,7329.12,0.07,1465.824
C0585,Clothing,2024-04-19,4,0.2,Clothing 4,1730.77,975.78,754.99,66,Male,South,39,0,306,1,6,20009.36,0.13333333333333333,3334.8933333333334
C0059,Grocery,2024-07-05,2,0.2,Grocery 5,240.34,203.68,36.66,53,Female,South,4,1,121,0,8,38746.31,0.08750000000000001,4843.28875
C0644,Furniture,2024-04-08,6,0.0,Furniture 4,12937.12,10381.46,2555.66,58,Male,East,12,0,46,1,1,12937.12,0.0,12937.12
C0255,Grocery,2025-06-18,3,0.0,Grocery 5,469.85,313.39,156.46,25,Female,West,34,1,38,0,5,17583.96,0.02,3516.792
C0100,Grocery,2025-03-12,7,0.0,Grocery 2,989.63,714.05,275.58,61,Male,South,42,0,240,1,5,34117.05,0.05,6823.410000000001
C0690,Clothing,2024-10-11,5,0.2,Clothing 3,1953.9,1512.26,441.64,69,Male,South,21,3,109,1,7,12271.98,0.09285714285714286,1753.1399999999999
C0069,Electronics,2025-02-03,9,0.2,Electronics 5,9448.4,8316.84,1131.56,42,Male,East,13,0,51,1,6,35650.3,0.075,5941.716666666667
C0103,Electronics,2025-03-17,2,0.05,Electronics 4,2060.93,1696.21,364.72,18,Female,North,7,2,205,1,7,25138.02,0.05714285714285715,3591.1457142857143
C0759,Clothing,2024-05-14,3,0.1,Clothing 4,1407.94,985.52,422.42,55,Female,North,52,1,112,0,5,26976.82,0.1,5395.364
C0415,Furniture,2024-08-04,3,0.0,Furniture 4,6574.54,5101.17,1473.37,53,Male,South,6,2,41,1,9,29342.34,0.07777777777777778,3260.26
C0370,Clothing,2025-10-05,6,0.0,Clothing 4,2762.49,1699.08,1063.41,35,Female,West,39,0,265,1,7,22981.32,0.028571428571428574,3283.0457142857144
C0549,Electronics,2024-01-09,1,0.0,Electronics 1,1145.28,799.84,345.44,53,Female,West,31,0,274,0,7,24352.77,0.03571428571428571,3478.967142857143
C0504,Clothing,2025-11-29,7,0.0,Clothing 2,3532.91,2921.56,611.35,32,Female,West,39,1,18,0,4,19246.019999999997,0.05,4811.504999999999
C0490,Grocery,2025-12-04,8,0.2,Grocery 4,1026.0,782.13,243.87,66,Male,West,9,1,55,0,7,55106.509999999995,0.10714285714285714,7872.358571428571
C0018,Clothing,2024-07-03,7,0.2,Clothing 2,2803.65,2310.59,493.06,61,Female,North,18,2,208,1,10,33457.18,0.065,3345.718
C0441,Clothing,2024-08-22,2,0.0,Clothing 4,911.92,664.28,247.64,33,Female,West,42,1,240,1,7,11972.32,0.09285714285714286,1710.3314285714284
C0222,Electronics,2024-05-31,5,0.1,Electronics 3,4997.36,3413.45,1583.91,54,Female,South,7,1,173,1,3,32091.289999999997,0.05000000000000001,10697.096666666666
C0646,Clothing,2025-02-13,5,0.0,Clothing 4,2437.97,1974.49,463.48,41,Female,East,43,0,90,0,4,21706.64,0.025,5426.66
C0404,Clothing,2024-06-05,4,0.1,Clothing 2,1736.11,1011.83,724.28,43,Female,West,11,4,88,1,7,35907.72,0.05714285714285715,5129.674285714286
C0099,Beauty,2025-07-31,5,0.2,Beauty 2,1132.72,1010.97,121.75,25,Female,West,55,0,118,0,11,40467.1,0.05909090909090909,3678.8272727272724
C0708,Beauty,2024-10-09,7,0.2,Beauty 4,1794.28,1582.43,211.85,42,Female,South,54,2,50,0,4,13105.630000000001,0.1,3276.4075000000003
C0227,Clothing,2025-12-07,8,0.2,Clothing 1,2897.2,2486.17,411.03,48,Male,West,1,1,364,1,8,34385.47,0.08750000000000001,4298.18375
C0217,Electronics,2025-09-14,3,0.0,Electronics 2,3837.13,3298.0,539.13,23,Male,South,4,2,175,1,5,13070.380000000001,0.04,2614.076
C0749,Electronics,2024-10-19,3,0.0,Electronics 5,3903.61,2845.22,1058.39,26,Male,East,7,1,355,1,7,20021.2,0.1285714285714286,2860.171428571429
C0620,Clothing,2025-03-11,2,0.0,Clothing 1,1026.02,743.13,282.89,40,Female,West,21,0,328,1,7,17893.73,0.0642857142857143,2556.247142857143
C0687,Grocery,2024-01-18,4,0.0,Grocery 3,615.04,514.81,100.23,48,Male,West,11,1,60,0,4,7659.2,0.0625,1914.8
C0529,Grocery,2024-02-19,5,0.1,Grocery 1,627.62,407.41,220.21,65,Male,South,39,2,361,1,8,29180.22,0.0875,3647.5275
C0728,Clothing,2025-01-04,7,0.1,Clothing 4,3193.04,2706.01,487.03,43,Male,North,30,1,103,0,5,8863.89,0.05,1772.7779999999998
C0092,Clothing,2024-12-11,3,0.2,Clothing 1,1170.04,725.79,444.25,61,Female,East,55,2,164,0,1,1170.04,0.2,1170.04
C0479,Clothing,2024-10-17,2,0.0,Clothing 3,945.81,811.21,134.6,23,Female,North,58,0,300,1,4,11599.08,0.05,2899.77
C0234,Grocery,2024-03-06,1,0.05,Grocery 3,144.87,107.11,37.76,43,Male,South,5,2,75,0,5,7670.210000000001,0.09,1534.0420000000001
C0318,Furniture,2025-09-05,1,0.1,Furniture 4,1620.43,1369.46,250.97,66,Female,South,35,1,120,0,5,7313.46,0.09,1462.692
C0190,Electronics,2024-10-23,1,0.1,Electronics 1,1031.71,745.51,286.2,53,Male,East,5,0,306,1,7,19137.16,0.1,2733.88
C0164,Grocery,2024-12-09,2,0.05,Grocery 3,293.89,224.22,69.67,39,Female,East,26,1,64,0,7,29374.199999999997,0.0642857142857143,4196.314285714286
C0354,Furniture,2024-10-21,7,0.0,Furniture 3,13874.11,12131.18,1742.93,68,Male,West,59,0,120,0,7,34790.13,0.09285714285714286,4970.018571428571
C0734,Furniture,2024-12-29,7,0.05,Furniture 2,12357.4,8605.38,3752.02,28,Female,East,42,1,196,1,7,26770.54,0.07142857142857142,3824.362857142857
C0508,Grocery,2025-04-18,9,0.0,Grocery 2,1215.36,762.15,453.21,31,Male,South,8,1,38,0,7,27352.89,0.05,3907.555714285714
C0279,Grocery,2025-07-11,5,0.1,Grocery 4,644.01,374.71,269.3,22,Female,North,23,0,82,0,6,25297.73,0.09999999999999999,4216.288333333333
C0346,Furniture,2025-02-05,5,0.2,Furniture 3,8078.49,6111.32,1967.17,69,Female,North,14,1,315,1,6,36565.69,0.10833333333333334,6094.281666666667
C0423,Clothing,2024-05-01,9,0.0,Clothing 3,4531.09,3461.21,1069.88,48,Female,East,58,1,304,1,7,20767.87,0.05,2966.8385714285714
C0195,Grocery,2025-09-30,2,0.0,Grocery 5,277.86,213.19,64.67,22,Female,North,10,0,154,0,5,8704.460000000001,0.09,1740.8920000000003
C0416,Clothing,2024-07-26,6,0.1,Clothing 3,2761.4,1554.69,1206.71,68,Female,South,40,2,28,0,7,39994.759999999995,0.07857142857142858,5713.5371428571425
C0556,Grocery,2024-01-12,8,0.0,Grocery 5,1319.74,738.52,581.22,56,Male,South,6,1,176,1,8,44974.68,0.05625000000000001,5621.835
C0194,Electronics,2024-01-29,5,0.2,Electronics 5,4881.47,4214.64,666.83,67,Female,South,19,0,50,0,8,26820.29,0.125,3352.53625
C0467,Clothing,2025-07-19,3,0.2,Clothing 3,1206.63,957.37,249.26,48,Male,West,10,3,147,0,7,27924.32,0.12142857142857144,3989.1885714285713
C0566,Electronics,2024-10-09,6,0.05,Electronics 2,7007.76,4132.2,2875.56,29,Male,South,15,0,171,0,5,20109.56,0.11000000000000001,4021.9120000000003
C0415,Clothing,2024-01-17,9,0.05,Clothing 3,4599.62,2649.95,1949.67,53,Male,South,6,2,41,1,9,29342.34,0.07777777777777778,3260.26
C0233,Grocery,2025-08-15,3,0.05,Grocery 1,465.63,282.47,183.16,57,Male,North,34,1,23,1,6,13548.13,0.08333333333333333,2258.0216666666665
C0443,Grocery,2024-08-10,6,0.05,Grocery 4,776.52,646.39,130.13,43,Male,East,29,0,49,0,10,24585.21,0.155,2458.5209999999997
C0634,Beauty,2025-12-14,1,0.2,Beauty 2,225.84,181.37,44.47,27,Male,East,6,0,157,1,2,8082.41,0.15000000000000002,4041.205
C0177,Electronics,2025-10-04,3,0.2,Electronics 5,2658.68,2056.57,602.11,26,Female,North,27,0,118,0,3,13567.009999999998,0.20000000000000004,4522.336666666666
C0459,Beauty,2024-02-05,7,0.0,Beauty 4,2214.39,1714.55,499.84,23,Female,South,27,1,310,1,6,35829.26,0.125,5971.543333333334
C0544,Clothing,2025-05-19,5,0.0,Clothing 3,2272.78,1933.24,339.54,61,Male,South,49,1,127,0,10,52400.32,0.1,5240.032
C0257,Furniture,2025-03-16,2,0.1,Furniture 1,3889.9,2593.44,1296.46,23,Female,East,16,0,32,0,9,16867.92,0.09444444444444446,1874.2133333333331
C0310,Furniture,2024-05-05,4,0.1,Furniture 1,6509.6,4314.44,2195.16,52,Female,North,4,0,165,1,8,35223.5,0.1125,4402.9375
C0711,Beauty,2024-09-07,2,0.1,Beauty 4,551.08,385.15,165.93,45,Male,North,46,1,172,0,6,10123.13,0.11666666666666668,1687.1883333333333
C0290,Electronics,2024-12-24,8,0.05,Electronics 4,8710.65,7808.11,902.54,59,Female,North,44,1,69,0,4,29622.46,0.0625,7405.615
C0478,Beauty,2024-04-16,9,0.05,Beauty 2,2549.9,1897.67,652.23,52,Male,South,52,1,156,0,6,33776.14,0.05833333333333333,5629.356666666667
C0119,Electronics,2025-06-10,1,0.0,Electronics 1,1186.05,879.36,306.69,23,Female,East,59,1,173,0,4,4702.04,0.07500000000000001,1175.51
C0740,Beauty,2024-07-21,3,0.05,Beauty 2,897.56,747.99,149.57,60,Male,South,30,2,190,1,1,897.56,0.05,897.56
C0477,Furniture,2025-11-15,8,0.1,Furniture 4,14390.33,8811.52,5578.81,18,Female,South,56,2,337,1,5,52962.25,0.09,10592.45
C0608,Grocery,2025-08-08,8,0.05,Grocery 3,1122.04,776.33,345.71,68,Male,North,38,1,135,1,8,44574.15,0.06875,5571.76875
C0482,Clothing,2025-04-08,7,0.05,Clothing 1,3478.13,2693.73,784.4,31,Male,South,34,1,66,0,4,10303.32,0.07500000000000001,2575.83
C0284,Electronics,2024-03-28,7,0.05,Electronics 1,8659.59,7757.31,902.28,40,Male,East,30,2,253,0,3,10535.48,0.03333333333333333,3511.8266666666664
C0272,Beauty,2024-01-19,8,0.2,Beauty 1,2032.87,1227.98,804.89,25,Female,East,51,4,340,1,7,19295.25,0.09285714285714286,2756.464285714286
C0560,Furniture,2024-04-16,4,0.1,Furniture 4,7540.87,5340.51,2200.36,45,Male,West,55,0,297,1,2,9238.619999999999,0.1,4619.3099999999995
C0687,Beauty,2024-12-30,9,0.2,Beauty 4,2154.7,1868.02,286.68,48,Male,West,11,1,60,0,4,7659.2,0.0625,1914.8
C0102,Furniture,2025-07-24,8,0.0,Furniture 3,17280.69,13892.57,3388.12,59,Male,East,45,0,345,1,7,21262.26,0.05714285714285715,3037.465714285714
C0676,Beauty,2024-04-21,3,0.2,Beauty 4,718.03,549.17,168.86,48,Male,North,7,3,138,1,5,5085.52,0.12000000000000002,1017.104
C0664,Beauty,2025-05-31,1,0.0,Beauty 1,325.82,208.52,117.3,49,Female,North,42,2,307,1,4,6465.35,0.05,1616.3375
C0087,Grocery,2024-02-04,5,0.05,Grocery 3,755.67,465.13,290.54,34,Male,South,4,0,37,0,9,15399.86,0.1111111111111111,1711.0955555555556
C0086,Furniture,2024-07-12,7,0.05,Furniture 2,12369.69,8423.44,3946.25,23,Male,South,15,0,134,0,4,33212.73,0.0625,8303.1825
C0556,Clothing,2025-03-12,8,0.0,Clothing 5,3637.59,2325.47,1312.12,56,Male,South,6,1,176,1,8,44974.68,0.05625000000000001,5621.835
C0674,Furniture,2025-08-27,2,0.2,Furniture 3,3354.15,2793.89,560.26,50,Female,North,35,0,340,1,8,26619.81,0.1,3327.47625
C0315,Furniture,2025-07-21,4,0.2,Furniture 5,6637.87,5325.21,1312.66,52,Male,East,28,1,215,0,4,21084.28,0.1125,5271.07
C0512,Grocery,2025-01-23,7,0.1,Grocery 3,964.29,812.24,152.05,61,Female,West,28,0,8,0,11,37494.68,0.10909090909090911,3408.6072727272726
C0799,Furniture,2024-01-27,1,0.05,Furniture 3,2080.97,1269.14,811.83,41,Female,East,16,0,107,0,7,15556.59,0.14285714285714285,2222.37
C0258,Clothing,2024-08-02,7,0.2,Clothing 5,2825.43,1860.52,964.91,27,Male,East,40,0,289,1,5,10875.189999999999,0.09,2175.0379999999996
C0180,Furniture,2025-07-26,3,0.1,Furniture 5,5235.73,4288.03,947.7,66,Female,North,23,1,232,0,8,25715.29,0.09375,3214.41125
C0793,Grocery,2024-02-29,1,0.05,Grocery 3,144.35,87.66,56.69,60,Male,North,12,0,143,0,5,26255.34,0.06000000000000001,5251.068
C0224,Clothing,2025-05-30,3,0.2,Clothing 2,1086.82,653.14,433.68,55,Female,West,55,2,163,0,7,10123.789999999999,0.1,1446.2557142857142
C0378,Beauty,2025-05-28,7,0.0,Beauty 4,2133.29,1459.32,673.97,37,Male,North,23,1,109,0,9,32337.16,0.07777777777777778,3593.0177777777776
C0353,Electronics,2025-07-02,8,0.05,Electronics 1,9854.03,6062.72,3791.31,40,Female,South,39,1,253,1,3,13476.07,0.06666666666666667,4492.0233333333335
C0418,Furniture,2024-06-07,1,0.0,Furniture 2,1801.73,1040.71,761.02,33,Female,East,8,0,175,1,4,5016.08,0.037500000000000006,1254.02
C0214,Clothing,2024-06-27,5,0.0,Clothing 5,2672.65,1762.54,910.11,56,Female,West,7,1,349,1,10,42563.03,0.075,4256.303
C0543,Clothing,2024-05-24,2,0.0,Clothing 5,1060.39,908.18,152.21,27,Female,East,12,1,288,1,3,19443.06,0.05000000000000001,6481.02
C0553,Electronics,2024-10-14,7,0.1,Electronics 3,6964.43,3968.24,2996.19,34,Female,East,26,1,226,1,4,24161.11,0.1125,6040.2775
C0160,Electronics,2025-01-17,8,0.2,Electronics 2,8212.73,6144.25,2068.48,69,Male,South,35,1,342,1,5,36640.45,0.08,7328.089999999999
C0384,Electronics,2024-03-28,9,0.1,Electronics 5,10232.33,7644.08,2588.25,19,Male,East,54,1,176,1,3,12605.429999999998,0.13333333333333333,4201.8099999999995
C0045,Beauty,2025-02-18,4,0.05,Beauty 2,1137.96,837.3,300.66,68,Male,South,53,5,288,1,4,3056.1000000000004,0.125,764.0250000000001
C0176,Beauty,2024-06-23,3,0.05,Beauty 1,811.43,589.85,221.58,55,Male,South,16,1,52,0,4,9696.47,0.125,2424.1175
C0789,Grocery,2025-02-14,3,0.0,Grocery 1,430.93,239.61,191.32,18,Male,West,50,0,334,1,5,17408.28,0.1,3481.656
C0405,Electronics,2024-08-09,7,0.1,Electronics 1,7729.76,4379.74,3350.02,44,Female,North,58,1,355,1,9,57173.520000000004,0.10555555555555557,6352.613333333334
C0498,Beauty,2025-11-27,5,0.0,Beauty 5,1423.89,1037.91,385.98,66,Female,West,47,1,217,1,11,77062.63,0.08636363636363636,7005.693636363637
C0711,Furniture,2024-08-21,1,0.2,Furniture 1,1544.11,1372.57,171.54,45,Male,North,46,1,172,0,6,10123.13,0.11666666666666668,1687.1883333333333
C0570,Grocery,2025-09-28,9,0.05,Grocery 2,1393.01,965.07,427.94,67,Female,North,37,0,251,1,3,20603.4,0.06666666666666667,6867.8
C0633,Beauty,2024-05-07,1,0.05,Beauty 4,298.07,213.21,84.86,37,Female,North,7,0,181,1,4,7455.89,0.0125,1863.9725
C0569,Grocery,2024-03-02,9,0.0,Grocery 4,1413.74,1263.49,150.25,47,Female,West,38,1,202,1,7,41412.94,0.12142857142857144,5916.134285714286
C0399,Clothing,2024-05-17,2,0.0,Clothing 5,1091.19,897.71,193.48,34,Female,South,24,0,98,0,3,10398.87,0.10000000000000002,3466.2900000000004
C0506,Furniture,2024-11-02,5,0.0,Furniture 5,9011.59,7385.34,1626.25,45,Male,West,37,2,321,1,9,35410.65,0.09444444444444446,3934.516666666667
C0230,Grocery,2025-10-20,3,0.1,Grocery 3,384.3,279.25,105.05,42,Male,South,56,1,123,0,7,22226.55,0.08571428571428573,3175.2214285714285
C0712,Furniture,2024-05-08,7,0.05,Furniture 2,13720.21,11857.96,1862.25,55,Female,East,4,1,154,0,3,17191.969999999998,0.03333333333333333,5730.656666666666
C0143,Furniture,2025-07-26,4,0.2,Furniture 1,6320.99,4762.31,1558.68,39,Male,North,23,1,254,1,6,43827.92,0.15833333333333335,7304.653333333333
C0707,Beauty,2025-05-23,4,0.1,Beauty 5,996.37,777.01,219.36,47,Male,North,22,3,82,0,9,17932.65,0.07777777777777778,1992.5166666666669
C0702,Clothing,2024-09-08,5,0.2,Clothing 2,2112.49,1744.17,368.32,26,Male,East,1,2,267,1,7,19026.28,0.09285714285714286,2718.04
C0113,Electronics,2024-09-02,9,0.2,Electronics 5,7857.34,5439.67,2417.67,41,Female,East,45,0,126,0,6,30657.06,0.10000000000000002,5109.51
C0568,Grocery,2025-11-22,3,0.0,Grocery 2,453.95,401.13,52.82,51,Female,West,43,1,137,0,3,10507.82,0.03333333333333333,3502.6066666666666
C0791,Furniture,2025-06-05,2,0.0,Furniture 4,4049.97,3627.97,422.0,41,Male,North,41,2,292,1,5,13708.57,0.06999999999999999,2741.714
C0457,Beauty,2024-06-23,1,0.2,Beauty 4,246.53,186.25,60.28,50,Female,East,47,0,21,0,5,12170.46,0.11000000000000001,2434.0919999999996
C0272,Clothing,2025-10-27,7,0.05,Clothing 4,3202.39,2010.2,1192.19,25,Female,East,51,4,340,1,7,19295.25,0.09285714285714286,2756.464285714286
C0703,Furniture,2024-10-23,7,0.2,Furniture 4,10132.87,8321.27,1811.6,26,Male,West,26,1,199,0,9,42204.350000000006,0.1,4689.372222222223
C0410,Beauty,2024-02-28,6,0.1,Beauty 2,1746.03,1157.18,588.85,27,Female,South,31,0,315,1,8,35139.41,0.07500000000000001,4392.42625
C0097,Beauty,2025-08-16,1,0.1,Beauty 1,293.18,220.47,72.71,53,Male,North,53,0,130,0,5,12034.1,0.07,2406.82
C0199,Beauty,2025-09-26,8,0.05,Beauty 1,2271.79,1318.42,953.37,68,Female,East,23,0,158,0,6,11144.96,0.05833333333333333,1857.493333333333
C0545,Beauty,2024-11-19,8,0.05,Beauty 3,2061.41,1716.3,345.11,20,Female,South,7,1,3,1,8,20033.53,0.07500000000000001,2504.19125
C0364,Furniture,2025-05-28,9,0.1,Furniture 5,16462.02,14580.09,1881.93,24,Female,West,13,1,316,1,8,42545.5,0.11875000000000001,5318.1875
C0173,Clothing,2024-06-20,9,0.0,Clothing 4,4334.34,2526.82,1807.52,55,Male,South,24,4,176,1,3,5982.49,0.10000000000000002,1994.1633333333332
C0639,Grocery,2025-09-12,3,0.05,Grocery 4,400.35,322.71,77.64,67,Female,West,12,0,102,0,7,45632.44,0.09999999999999999,6518.92
C0096,Furniture,2024-09-26,7,0.1,Furniture 2,11765.76,10016.12,1749.64,30,Female,South,48,2,89,0,4,20854.77,0.1,5213.6925
C0175,Clothing,2024-07-14,4,0.0,Clothing 3,1871.7,1101.17,770.53,42,Male,North,20,2,195,0,9,27782.17,0.061111111111111116,3086.9077777777775
C0372,Furniture,2024-12-31,6,0.05,Furniture 3,11014.32,7009.28,4005.04,39,Male,East,13,1,223,1,6,30631.62,0.11666666666666668,5105.2699999999995
C0031,Grocery,2024-07-14,3,0.2,Grocery 1,344.2,236.52,107.68,29,Male,West,31,3,152,1,5,25199.07,0.06999999999999999,5039.814
C0309,Furniture,2025-03-29,6,0.05,Furniture 4,12167.05,10255.19,1911.86,23,Male,West,52,1,184,1,4,17936.87,0.0625,4484.2175
C0727,Grocery,2025-06-29,9,0.2,Grocery 2,1078.99,779.79,299.2,22,Male,North,54,2,189,0,4,15543.86,0.15000000000000002,3885.965
C0752,Furniture,2024-10-23,6,0.2,Furniture 3,9461.08,5657.13,3803.95,22,Female,East,12,3,287,1,3,21855.04,0.08333333333333333,7285.013333333333
C0697,Electronics,2025-07-25,9,0.1,Electronics 3,9031.5,5777.72,3253.78,48,Female,South,19,3,57,1,6,31332.699999999997,0.075,5222.116666666666
C0259,Furniture,2024-11-10,9,0.0,Furniture 1,19353.21,13810.11,5543.1,48,Male,East,10,0,114,0,5,36898.36,0.05,7379.6720000000005
C0051,Beauty,2025-12-09,2,0.0,Beauty 5,546.58,308.13,238.45,28,Female,North,53,2,273,1,8,39738.32,0.08125,4967.29
C0651,Beauty,2024-07-11,9,0.2,Beauty 2,2047.48,1578.3,469.18,51,Male,East,11,1,275,1,6,8477.02,0.08333333333333333,1412.8366666666668
C0298,Beauty,2025-05-29,8,0.0,Beauty 4,2458.31,1373.86,1084.45,32,Male,East,8,1,329,1,3,19213.83,0.03333333333333333,6404.610000000001
C0599,Clothing,2025-01-25,4,0.1,Clothing 4,1872.83,1541.91,330.92,51,Male,North,40,0,182,0,7,13250.95,0.10714285714285714,1892.9928571428572
C0095,Electronics,2025-11-19,6,0.1,Electronics 1,6870.3,5543.29,1327.01,32,Female,East,13,2,104,1,5,14480.93,0.1,2896.186
C0534,Furniture,2024-06-09,6,0.2,Furniture 2,9427.76,8040.97,1386.79,48,Female,South,48,1,73,0,8,31290.120000000003,0.10625000000000001,3911.2650000000003
C0469,Electronics,2024-05-23,8,0.2,Electronics 3,7444.59,4505.46,2939.13,66,Male,South,13,1,57,0,3,24188.32,0.08333333333333333,8062.7733333333335
C0736,Clothing,2025-09-25,8,0.05,Clothing 5,3639.3,2769.16,870.14,55,Male,South,35,0,187,1,6,25372.66,0.05833333333333334,4228.776666666667
C0081,Furniture,2025-10-19,1,0.1,Furniture 4,1824.51,1502.23,322.28,40,Female,North,51,2,160,0,6,21641.68,0.10833333333333334,3606.9466666666667
C0326,Grocery,2025-06-29,1,0.1,Grocery 3,130.91,95.63,35.28,30,Female,South,9,2,9,0,4,14380.069999999998,0.11250000000000002,3595.0174999999995
C0791,Furniture,2024-12-12,3,0.2,Furniture 5,4634.97,2761.43,1873.54,41,Male,North,41,2,292,1,5,13708.57,0.06999999999999999,2741.714
C0311,Furniture,2024-10-26,5,0.1,Furniture 3,8130.4,4753.23,3377.17,52,Male,West,2,1,245,1,4,14388.99,0.08750000000000001,3597.2475
C0526,Electronics,2025-05-01,8,0.0,Electronics 5,10460.77,7971.78,2488.99,66,Female,South,37,0,11,0,8,48302.36,0.05625,6037.795
C0128,Furniture,2025-06-29,6,0.2,Furniture 4,8756.34,6341.01,2415.33,47,Male,South,6,2,246,0,7,37329.119999999995,0.12142857142857144,5332.731428571428
C0582,Grocery,2024-07-20,2,0.1,Grocery 1,257.63,225.52,32.11,23,Male,East,48,1,124,0,5,6254.299999999999,0.08,1250.86
C0220,Grocery,2024-01-06,7,0.0,Grocery 2,1138.5,958.44,180.06,24,Male,South,50,0,50,0,10,35275.33,0.06000000000000001,3527.5330000000004
C0457,Grocery,2024-02-23,5,0.0,Grocery 1,785.3,630.84,154.46,50,Female,East,47,0,21,0,5,12170.46,0.11000000000000001,2434.0919999999996
C0703,Grocery,2024-09-08,4,0.0,Grocery 2,609.38,544.69,64.69,26,Male,West,26,1,199,0,9,42204.350000000006,0.1,4689.372222222223
C0528,Grocery,2025-05-12,7,0.1,Grocery 1,975.39,773.6,201.79,65,Female,North,11,1,58,0,7,38804.64,0.0642857142857143,5543.5199999999995
C0379,Clothing,2024-11-17,3,0.2,Clothing 1,1103.29,642.48,460.81,31,Male,West,3,2,348,1,8,12434.26,0.1,1554.2825
C0152,Clothing,2025-03-27,6,0.05,Clothing 1,3025.93,1746.41,1279.52,65,Female,East,13,2,182,0,5,38516.16,0.12000000000000002,7703.232000000001
C0273,Electronics,2024-12-08,2,0.0,Electronics 4,2280.05,1905.11,374.94,67,Female,West,12,2,148,1,6,20487.23,0.10000000000000002,3414.5383333333334
C0679,Clothing,2024-07-02,4,0.2,Clothing 3,1745.99,1180.72,565.27,66,Male,East,27,0,177,0,10,32462.629999999997,0.135,3246.263
C0172,Clothing,2025-06-30,6,0.1,Clothing 3,2554.94,2231.74,323.2,58,Male,South,44,2,66,1,8,48007.21,0.08750000000000001,6000.90125
C0525,Grocery,2025-06-12,6,0.1,Grocery 4,830.31,491.03,339.28,34,Male,South,11,1,1,0,6,25724.67,0.075,4287.445
C0387,Beauty,2025-12-03,9,0.0,Beauty 5,2724.48,1688.02,1036.46,61,Female,North,4,0,203,1,2,18916.46,0.0,9458.23
C0256,Electronics,2025-08-25,3,0.2,Electronics 3,2674.43,2194.66,479.77,53,Male,South,4,1,36,0,2,21439.87,0.125,10719.935
C0573,Clothing,2024-10-04,9,0.0,Clothing 3,4376.63,3705.33,671.3,20,Male,West,58,2,301,1,8,19877.23,0.125,2484.65375
C0289,Electronics,2025-05-29,8,0.1,Electronics 4,9126.07,7789.27,1336.8,42,Male,South,58,1,134,0,5,15657.279999999999,0.11000000000000001,3131.4559999999997
C0229,Beauty,2024-09-12,4,0.1,Beauty 3,1017.92,595.18,422.74,27,Male,West,3,2,262,1,9,29111.4,0.09444444444444446,3234.6000000000004
C0423,Furniture,2025-09-29,2,0.1,Furniture 3,3933.26,2688.9,1244.36,48,Female,East,58,1,304,1,7,20767.87,0.05,2966.8385714285714
C0606,Clothing,2025-03-21,3,0.1,Clothing 2,1294.78,1005.05,289.73,34,Male,North,36,1,193,1,6,36021.72,0.13333333333333333,6003.62
C0691,Grocery,2025-09-01,6,0.05,Grocery 1,876.67,764.09,112.58,59,Male,South,24,0,290,1,7,17522.11,0.08571428571428573,2503.1585714285716
C0503,Furniture,2024-07-24,8,0.1,Furniture 1,14742.34,9341.56,5400.78,63,Female,North,37,0,69,0,5,22054.96,0.030000000000000006,4410.992
C0529,Beauty,2024-01-11,6,0.05,Beauty 4,1700.01,1292.21,407.8,65,Male,South,39,2,361,1,8,29180.22,0.0875,3647.5275
C0630,Grocery,2024-04-13,7,0.05,Grocery 5,1028.49,617.33,411.16,56,Male,East,44,1,11,0,3,7247.66,0.05000000000000001,2415.8866666666668
C0215,Clothing,2025-01-22,1,0.1,Clothing 3,471.92,382.99,88.93,32,Female,North,40,1,181,1,4,11597.74,0.0625,2899.435
C0200,Furniture,2025-12-02,5,0.1,Furniture 1,9214.21,5479.08,3735.13,37,Female,North,51,1,169,1,5,26373.339999999997,0.09,5274.668
C0387,Furniture,2025-04-02,8,0.0,Furniture 4,16191.98,14572.68,1619.3,61,Female,North,4,0,203,1,2,18916.46,0.0,9458.23
C0504,Furniture,2025-08-13,4,0.2,Furniture 5,6536.48,3806.15,2730.33,32,Female,West,39,1,18,0,4,19246.019999999997,0.05,4811.504999999999
C0516,Electronics,2024-12-08,9,0.0,Electronics 3,10588.22,8363.3,2224.92,63,Female,West,37,1,96,0,8,56319.619999999995,0.1125,7039.952499999999
C0122,Furniture,2025-11-30,2,0.05,Furniture 1,3473.86,2855.39,618.47,52,Male,East,13,2,187,0,4,8609.24,0.0625,2152.31
C0624,Electronics,2025-11-17,9,0.05,Electronics 1,9561.7,6122.32,3439.38,49,Male,South,23,3,141,1,3,13817.53,0.03333333333333333,4605.843333333333
C0291,Beauty,2024-06-08,8,0.05,Beauty 3,2328.66,1488.46,840.2,31,Male,North,36,4,128,0,8,43569.14,0.07500000000000001,5446.1425
C0701,Beauty,2025-09-21,6,0.05,Beauty 5,1856.09,1408.13,447.96,50,Male,North,8,1,324,1,8,22130.11,0.1,2766.26375
C0579,Grocery,2024-01-14,6,0.05,Grocery 1,773.9,596.42,177.48,23,Female,South,29,2,206,1,5,8709.880000000001,0.08,1741.976
C0786,Furniture,2025-03-08,9,0.05,Furniture 4,17250.6,13838.16,3412.44,19,Female,West,46,2,215,0,6,29511.649999999998,0.10833333333333334,4918.608333333333
C0505,Electronics,2024-11-15,4,0.2,Electronics 4,3649.58,2748.51,901.07,41,Female,South,51,1,15,0,5,24785.989999999998,0.08,4957.197999999999
C0421,Beauty,2024-08-07,2,0.2,Beauty 1,485.93,296.93,189.0,54,Female,East,49,1,26,0,5,11107.79,0.11000000000000001,2221.558
C0150,Clothing,2025-11-12,9,0.05,Clothing 2,4488.46,3920.45,568.01,62,Male,West,39,2,24,0,5,11792.529999999999,0.09,2358.506
C0318,Clothing,2025-04-28,1,0.05,Clothing 1,497.37,302.56,194.81,66,Female,South,35,1,120,0,5,7313.46,0.09,1462.692
C0686,Furniture,2024-04-10,6,0.1,Furniture 3,11285.75,8439.86,2845.89,39,Male,West,11,1,2,0,4,17060.61,0.07500000000000001,4265.1525
C0305,Beauty,2024-04-11,3,0.0,Beauty 1,950.21,828.58,121.63,25,Male,North,17,1,58,0,6,34646.350000000006,0.06666666666666667,5774.391666666667
C0042,Grocery,2024-03-26,9,0.05,Grocery 5,1172.87,1019.86,153.01,54,Female,South,1,2,64,0,5,7061.599999999999,0.08,1412.32
C0196,Grocery,2024-08-09,9,0.0,Grocery 1,1352.59,823.41,529.18,35,Female,West,30,3,14,0,6,24081.08,0.075,4013.513333333334
C0476,Grocery,2024-02-20,5,0.1,Grocery 4,642.84,407.25,235.59,62,Female,South,40,1,252,1,9,48798.94,0.07777777777777778,5422.104444444445
C0503,Clothing,2024-07-11,5,0.0,Clothing 4,2710.64,2061.84,648.8,63,Female,North,37,0,69,0,5,22054.96,0.030000000000000006,4410.992
C0787,Grocery,2025-07-12,5,0.2,Grocery 1,633.95,423.48,210.47,53,Male,West,24,0,263,1,5,32141.08,0.1,6428.216
C0747,Beauty,2025-09-29,4,0.05,Beauty 2,1050.52,846.52,204.0,34,Female,West,50,0,68,1,5,13643.189999999999,0.09,2728.638
C0425,Clothing,2025-07-27,9,0.1,Clothing 4,3842.03,2815.6,1026.43,28,Female,South,50,1,191,0,5,12154.42,0.12000000000000002,2430.884
C0443,Furniture,2024-12-28,3,0.1,Furniture 1,5351.64,3441.81,1909.83,43,Male,East,29,0,49,0,10,24585.21,0.155,2458.5209999999997
C0640,Furniture,2025-05-22,9,0.05,Furniture 3,18683.15,12963.55,5719.6,52,Female,North,24,0,189,0,7,28070.89,0.07857142857142858,4010.1271428571426
C0038,Beauty,2025-11-20,6,0.05,Beauty 2,1576.51,1248.42,328.09,32,Male,North,50,0,358,1,6,25765.35,0.06666666666666667,4294.224999999999
C0476,Furniture,2024-02-08,9,0.05,Furniture 1,17332.47,14295.81,3036.66,62,Female,South,40,1,252,1,9,48798.94,0.07777777777777778,5422.104444444445
C0379,Beauty,2025-10-22,6,0.2,Beauty 3,1394.29,947.21,447.08,31,Male,West,3,2,348,1,8,12434.26,0.1,1554.2825
C0626,Furniture,2025-06-12,8,0.1,Furniture 3,14821.46,8696.42,6125.04,35,Female,West,7,1,223,1,7,38175.159999999996,0.10714285714285714,5453.594285714285
C0640,Beauty,2024-10-09,5,0.0,Beauty 2,1544.61,1040.52,504.09,52,Female,North,24,0,189,0,7,28070.89,0.07857142857142858,4010.1271428571426
C0524,Furniture,2024-11-23,5,0.05,Furniture 5,9007.12,6941.47,2065.65,34,Female,East,25,1,233,0,6,18907.57,0.1416666666666667,3151.2616666666668
C0525,Beauty,2024-11-16,3,0.05,Beauty 1,903.87,737.5,166.37,34,Male,South,11,1,1,0,6,25724.67,0.075,4287.445
C0552,Beauty,2024-04-25,2,0.2,Beauty 3,440.76,378.12,62.64,61,Male,West,56,0,26,0,4,9809.59,0.125,2452.3975
C0464,Beauty,2024-06-17,1,0.2,Beauty 1,255.27,226.34,28.93,18,Male,East,6,2,100,0,7,19183.75,0.1285714285714286,2740.535714285714
C0182,Grocery,2024-08-03,4,0.05,Grocery 4,537.16,394.96,142.2,43,Female,North,18,0,173,0,8,32395.14,0.10625000000000001,4049.3925
C0227,Furniture,2024-01-05,9,0.05,Furniture 3,17406.36,14935.92,2470.44,48,Male,West,1,1,364,1,8,34385.47,0.08750000000000001,4298.18375
C0593,Beauty,2024-12-31,9,0.0,Beauty 4,2617.55,1679.75,937.8,68,Female,North,51,3,247,1,4,17603.47,0.1125,4400.8675
C0494,Clothing,2024-12-13,7,0.1,Clothing 1,3219.16,2401.1,818.06,33,Female,North,16,0,162,0,4,5910.54,0.07500000000000001,1477.635
C0190,Electronics,2024-08-28,4,0.0,Electronics 3,4576.72,3381.21,1195.51,53,Male,East,5,0,306,1,7,19137.16,0.1,2733.88
C0702,Beauty,2024-05-08,5,0.2,Beauty 1,1216.55,996.41,220.14,26,Male,East,1,2,267,1,7,19026.28,0.09285714285714286,2718.04
C0784,Furniture,2025-12-08,7,0.1,Furniture 2,11360.66,9322.48,2038.18,42,Female,North,38,1,229,0,8,39552.1,0.10625000000000001,4944.0125
C0500,Grocery,2025-05-10,1,0.0,Grocery 5,146.23,95.03,51.2,23,Female,West,30,1,115,1,9,22976.55,0.061111111111111116,2552.95
C0182,Furniture,2024-12-12,9,0.2,Furniture 4,15340.0,13193.19,2146.81,43,Female,North,18,0,173,0,8,32395.14,0.10625000000000001,4049.3925
C0750,Electronics,2025-06-11,8,0.2,Electronics 1,7623.18,6571.35,1051.83,67,Male,East,43,0,117,0,7,37801.61,0.15714285714285717,5400.2300000000005
C0189,Grocery,2024-09-28,9,0.05,Grocery 2,1282.31,1130.85,151.46,33,Female,West,21,2,70,0,12,57799.59,0.125,4816.6325
C0345,Clothing,2024-06-06,1,0.0,Clothing 5,512.16,363.72,148.44,31,Male,North,24,0,213,1,7,9859.71,0.07857142857142858,1408.53
C0686,Clothing,2025-05-06,9,0.05,Clothing 1,4218.75,3778.29,440.46,39,Male,West,11,1,2,0,4,17060.61,0.07500000000000001,4265.1525
C0416,Beauty,2025-07-16,6,0.05,Beauty 4,1835.54,1513.8,321.74,68,Female,South,40,2,28,0,7,39994.759999999995,0.07857142857142858,5713.5371428571425
C0194,Grocery,2025-04-19,5,0.05,Grocery 2,698.72,544.03,154.69,67,Female,South,19,0,50,0,8,26820.29,0.125,3352.53625
C0064,Electronics,2025-02-17,2,0.2,Electronics 3,2089.94,1465.65,624.29,39,Female,East,28,0,13,0,4,22439.38,0.0625,5609.845
C0288,Clothing,2024-01-02,5,0.2,Clothing 5,2150.78,1817.09,333.69,46,Female,North,38,0,165,1,3,12022.08,0.09999999999999999,4007.36
C0537,Clothing,2025-04-10,4,0.1,Clothing 4,1771.59,1448.18,323.41,24,Male,North,43,2,8,0,7,15154.029999999999,0.1285714285714286,2164.8614285714284
C0571,Beauty,2025-03-27,9,0.2,Beauty 2,2102.03,1586.92,515.11,39,Male,East,3,1,158,1,4,32847.48,0.08750000000000001,8211.87
C0178,Clothing,2024-10-28,4,0.0,Clothing 1,2070.65,1861.52,209.13,64,Male,South,58,1,348,1,6,23259.95,0.09166666666666667,3876.6583333333333
C0126,Clothing,2024-06-26,2,0.0,Clothing 2,1051.06,669.85,381.21,22,Female,West,28,3,346,1,7,11018.18,0.08571428571428572,1574.0257142857142
C0561,Clothing,2025-12-15,9,0.2,Clothing 3,3373.82,2613.41,760.41,20,Male,North,25,0,160,0,5,29337.889999999996,0.13,5867.5779999999995
C0127,Electronics,2024-09-30,2,0.1,Electronics 1,2048.13,1356.67,691.46,57,Male,East,56,3,178,0,6,28598.3,0.10833333333333334,4766.383333333333
C0051,Furniture,2024-07-17,9,0.0,Furniture 5,16726.51,11879.92,4846.59,28,Female,North,53,2,273,1,8,39738.32,0.08125,4967.29
C0389,Grocery,2025-05-30,9,0.2,Grocery 1,1136.31,759.77,376.54,25,Male,West,50,0,74,0,3,7214.45,0.15,2404.8166666666666
C0456,Grocery,2024-12-17,3,0.0,Grocery 3,469.3,313.07,156.23,25,Male,East,34,0,261,1,7,22884.870000000003,0.05,3269.2671428571434
C0194,Clothing,2025-02-10,7,0.2,Clothing 5,2625.87,1790.55,835.32,67,Female,South,19,0,50,0,8,26820.29,0.125,3352.53625
C0168,Furniture,2025-04-18,8,0.2,Furniture 2,12894.4,7347.72,5546.68,35,Female,North,23,1,208,0,6,26366.82,0.13333333333333333,4394.47
C0188,Electronics,2024-09-26,5,0.05,Electronics 3,6001.23,3384.4,2616.83,30,Male,South,58,2,59,0,6,12464.88,0.10833333333333334,2077.48
C0274,Beauty,2024-04-21,7,0.1,Beauty 1,2058.98,1654.85,404.13,39,Male,South,55,1,34,0,7,39397.979999999996,0.07142857142857142,5628.282857142856
C0007,Grocery,2024-05-02,2,0.1,Grocery 4,252.64,166.44,86.2,54,Male,East,42,1,255,0,5,10840.54,0.12000000000000002,2168.108
C0009,Clothing,2025-11-16,5,0.2,Clothing 5,1921.73,1071.22,850.51,22,Female,North,2,2,236,1,3,3073.66,0.16666666666666666,1024.5533333333333
C0296,Grocery,2025-01-04,5,0.1,Grocery 4,654.53,378.66,275.87,62,Female,East,8,2,294,0,5,7329.12,0.07,1465.824
C0015,Beauty,2024-10-31,6,0.05,Beauty 1,1752.74,1084.15,668.59,58,Female,North,29,1,35,1,6,13034.72,0.06666666666666667,2172.4533333333334
C0254,Electronics,2024-08-21,9,0.0,Electronics 2,10014.66,5677.05,4337.61,52,Male,North,51,0,316,0,3,14369.630000000001,0.08333333333333333,4789.876666666667
C0464,Grocery,2025-06-10,8,0.05,Grocery 4,1070.1,942.92,127.18,18,Male,East,6,2,100,0,7,19183.75,0.1285714285714286,2740.535714285714
C0024,Grocery,2025-10-28,6,0.0,Grocery 4,950.48,711.84,238.64,58,Female,East,21,0,296,1,7,31354.340000000004,0.08571428571428573,4479.191428571429
C0494,Beauty,2025-07-15,4,0.1,Beauty 3,1089.08,749.19,339.89,33,Female,North,16,0,162,0,4,5910.54,0.07500000000000001,1477.635
C0496,Grocery,2025-01-25,4,0.05,Grocery 5,531.28,391.26,140.02,24,Male,West,39,3,161,1,4,15731.45,0.05,3932.8625
C0458,Furniture,2024-12-13,1,0.1,Furniture 2,1759.84,1037.4,722.44,61,Female,South,43,0,24,0,4,8946.04,0.1125,2236.51
C0501,Furniture,2025-09-24,5,0.0,Furniture 4,9268.99,7374.83,1894.16,51,Male,East,48,1,97,0,5,39205.880000000005,0.09,7841.176000000001
C0647,Beauty,2025-09-17,3,0.05,Beauty 3,831.52,739.52,92.0,45,Female,North,45,0,354,0,4,17425.05,0.0625,4356.2625
C0056,Clothing,2024-10-11,8,0.05,Clothing 4,3724.15,2218.59,1505.56,46,Male,West,50,2,298,1,5,16616.16,0.05,3323.232
C0135,Furniture,2025-12-04,7,0.0,Furniture 3,12913.91,7792.38,5121.53,33,Female,West,58,0,113,0,3,17779.27,0.03333333333333333,5926.423333333333
C0253,Clothing,2025-08-27,9,0.2,Clothing 3,3283.08,2528.08,755.0,35,Female,North,23,1,269,1,7,26987.69,0.15714285714285717,3855.3842857142854
C0550,Beauty,2025-09-09,9,0.1,Beauty 5,2615.46,1577.58,1037.88,59,Male,South,2,2,34,0,4,13266.27,0.1,3316.5675
C0698,Beauty,2024-02-11,4,0.2,Beauty 5,1034.43,614.57,419.86,20,Male,North,11,1,85,0,2,6574.81,0.15000000000000002,3287.405
C0734,Clothing,2024-04-04,4,0.2,Clothing 5,1440.83,1130.58,310.25,28,Female,East,42,1,196,1,7,26770.54,0.07142857142857142,3824.362857142857
C0465,Grocery,2024-08-05,6,0.0,Grocery 1,925.42,709.36,216.06,68,Male,East,3,4,240,1,5,9379.369999999999,0.05,1875.8739999999998
C0328,Beauty,2025-07-09,4,0.2,Beauty 3,881.99,552.31,329.68,25,Female,North,35,2,73,0,6,23693.44,0.125,3948.9066666666663
C0329,Electronics,2024-02-27,3,0.0,Electronics 4,3823.3,3204.36,618.94,46,Female,West,28,1,181,1,10,27679.47,0.085,2767.947
C0047,Furniture,2024-03-01,7,0.2,Furniture 5,12050.22,7071.52,4978.7,64,Male,East,39,1,215,1,4,21100.94,0.125,5275.235
C0372,Beauty,2024-01-24,5,0.1,Beauty 2,1381.49,920.63,460.86,39,Male,East,13,1,223,1,6,30631.62,0.11666666666666668,5105.2699999999995
C0410,Beauty,2024-05-20,9,0.2,Beauty 4,2208.88,1786.11,422.77,27,Female,South,31,0,315,1,8,35139.41,0.07500000000000001,4392.42625
C0166,Electronics,2025-11-01,2,0.05,Electronics 3,2221.4,1699.07,522.33,34,Female,East,48,0,252,1,6,20821.87,0.041666666666666664,3470.3116666666665
C0614,Furniture,2025-06-10,4,0.0,Furniture 2,7599.15,5775.54,1823.61,53,Female,North,29,1,273,1,3,19742.239999999998,0.016666666666666666,6580.746666666666
C0649,Furniture,2025-06-07,5,0.0,Furniture 5,9998.54,7900.81,2097.73,62,Male,South,42,0,335,1,5,13377.1,0.06000000000000001,2675.42
C0241,Electronics,2024-08-01,9,0.0,Electronics 3,10008.83,7769.47,2239.36,48,Female,North,30,0,340,1,7,27081.78,0.09285714285714286,3868.825714285714
C0731,Furniture,2025-04-01,6,0.2,Furniture 4,9930.67,8500.6,1430.07,39,Male,West,28,0,291,1,4,17627.55,0.17500000000000002,4406.8875
C0085,Furniture,2025-07-22,1,0.1,Furniture 2,1789.23,1340.26,448.97,54,Female,East,22,1,189,0,8,32791.37,0.09375,4098.92125
C0728,Beauty,2025-01-23,4,0.0,Beauty 1,1122.62,775.11,347.51,43,Male,North,30,1,103,0,5,8863.89,0.05,1772.7779999999998
C0614,Electronics,2025-09-16,8,0.0,Electronics 3,9769.56,7992.78,1776.78,53,Female,North,29,1,273,1,3,19742.239999999998,0.016666666666666666,6580.746666666666
C0179,Beauty,2025-02-19,3,0.0,Beauty 4,953.16,610.72,342.44,44,Female,East,34,2,39,0,3,3394.24,0.13333333333333333,1131.4133333333332
C0520,Grocery,2024-08-24,4,0.05,Grocery 2,580.12,473.3,106.82,36,Male,West,20,1,14,0,9,32652.83,0.07777777777777778,3628.0922222222225
C0248,Clothing,2025-04-11,2,0.1,Clothing 5,905.34,586.66,318.68,58,Female,East,56,0,159,0,7,30919.96,0.0642857142857143,4417.137142857143
C0639,Clothing,2025-11-19,7,0.2,Clothing 4,2994.72,2150.61,844.11,67,Female,West,12,0,102,0,7,45632.44,0.09999999999999999,6518.92
C0128,Furniture,2025-08-26,2,0.1,Furniture 4,3247.74,2626.5,621.24,47,Male,South,6,2,246,0,7,37329.119999999995,0.12142857142857144,5332.731428571428
C0195,Beauty,2024-12-29,4,0.2,Beauty 5,982.42,756.15,226.27,22,Female,North,10,0,154,0,5,8704.460000000001,0.09,1740.8920000000003
C0245,Clothing,2025-03-11,7,0.05,Clothing 5,3264.95,1893.64,1371.31,22,Male,East,1,1,199,1,7,21723.61,0.1142857142857143,3103.3728571428574
C0159,Beauty,2025-12-13,9,0.05,Beauty 4,2407.8,1700.62,707.18,58,Male,East,35,0,52,0,3,8048.450000000001,0.09999999999999999,2682.816666666667
C0266,Furniture,2025-06-30,2,0.1,Furniture 5,3945.3,3290.97,654.33,41,Female,North,15,0,52,0,9,35127.93,0.1,3903.1033333333335
C0482,Electronics,2025-01-01,3,0.0,Electronics 4,3530.75,3173.68,357.07,31,Male,South,34,1,66,0,4,10303.32,0.07500000000000001,2575.83
C0506,Grocery,2024-07-24,2,0.2,Grocery 5,232.09,165.57,66.52,45,Male,West,37,2,321,1,9,35410.65,0.09444444444444446,3934.516666666667
C0443,Beauty,2025-10-23,4,0.2,Beauty 1,896.45,520.01,376.44,43,Male,East,29,0,49,0,10,24585.21,0.155,2458.5209999999997
C0151,Electronics,2025-12-14,9,0.0,Electronics 2,11875.17,8053.32,3821.85,32,Male,West,19,0,84,0,4,20297.27,0.025,5074.3175
C0161,Electronics,2024-02-21,3,0.0,Electronics 5,3856.36,2782.26,1074.1,52,Male,South,22,1,350,1,7,20976.74,0.05,2996.6771428571433
C0735,Electronics,2024-01-24,3,0.1,Electronics 3,2961.34,1704.84,1256.5,52,Male,East,1,1,338,1,7,11823.03,0.14285714285714285,1689.0042857142857
C0201,Grocery,2024-03-25,4,0.1,Grocery 1,547.1,466.4,80.7,65,Female,South,13,0,129,0,7,19291.8,0.07857142857142858,2755.9714285714285
C0082,Electronics,2024-10-09,9,0.0,Electronics 5,10038.39,7414.12,2624.27,26,Male,North,11,1,87,0,5,22238.11,0.05,4447.622
C0363,Beauty,2024-04-26,5,0.1,Beauty 4,1408.26,979.64,428.62,64,Female,West,3,0,14,0,7,31231.93,0.05,4461.704285714286
C0005,Electronics,2025-10-05,6,0.05,Electronics 5,6818.23,4697.86,2120.37,62,Female,West,49,0,202,0,2,11600.65,0.025,5800.325
C0274,Electronics,2025-10-29,8,0.1,Electronics 1,7966.75,4460.65,3506.1,39,Male,South,55,1,34,0,7,39397.979999999996,0.07142857142857142,5628.282857142856
C0683,Clothing,2024-05-11,7,0.05,Clothing 1,3362.93,2460.34,902.59,67,Male,West,15,1,7,0,7,32122.43,0.07142857142857142,4588.918571428571
C0213,Furniture,2025-08-28,6,0.05,Furniture 3,12336.34,8838.39,3497.95,41,Male,South,36,0,276,1,2,12477.36,0.025,6238.68
C0563,Beauty,2024-04-13,6,0.05,Beauty 1,1655.69,1111.07,544.62,27,Male,West,4,0,163,0,9,27501.960000000003,0.03888888888888889,3055.7733333333335
C0391,Clothing,2025-07-28,5,0.0,Clothing 3,2275.4,1776.03,499.37,27,Male,South,10,2,250,1,10,21076.36,0.075,2107.636
C0284,Grocery,2024-09-23,2,0.0,Grocery 2,326.71,226.69,100.02,40,Male,East,30,2,253,0,3,10535.48,0.03333333333333333,3511.8266666666664
C0529,Furniture,2024-01-30,4,0.0,Furniture 2,7426.88,5571.03,1855.85,65,Male,South,39,2,361,1,8,29180.22,0.0875,3647.5275
C0476,Furniture,2024-11-08,8,0.2,Furniture 4,12736.13,10950.08,1786.05,62,Female,South,40,1,252,1,9,48798.94,0.07777777777777778,5422.104444444445
C0254,Electronics,2025-08-23,1,0.05,Electronics 1,1150.19,779.09,371.1,52,Male,North,51,0,316,0,3,14369.630000000001,0.08333333333333333,4789.876666666667
C0178,Beauty,2025-11-12,8,0.05,Beauty 5,2160.11,1488.91,671.2,64,Male,South,58,1,348,1,6,23259.95,0.09166666666666667,3876.6583333333333
C0733,Beauty,2024-03-29,6,0.2,Beauty 1,1347.1,1149.17,197.93,58,Male,West,5,0,182,1,8,20982.43,0.07500000000000001,2622.80375
C0134,Furniture,2025-09-02,4,0.2,Furniture 3,5904.82,3987.72,1917.1,59,Male,West,48,1,295,0,7,24940.86,0.07142857142857142,3562.98
C0767,Grocery,2024-08-02,2,0.0,Grocery 5,274.2,192.98,81.22,42,Female,North,16,2,163,1,6,32600.55,0.05833333333333334,5433.425
C0376,Clothing,2024-12-04,7,0.05,Clothing 1,3330.4,2765.18,565.22,56,Male,West,31,0,192,0,3,16304.630000000001,0.016666666666666666,5434.876666666667
C0797,Beauty,2024-03-20,1,0.05,Beauty 5,304.5,230.55,73.95,41,Female,South,48,0,284,1,11,29578.27,0.08181818181818182,2688.933636363636
C0282,Beauty,2025-12-11,5,0.2,Beauty 2,1110.42,973.68,136.74,52,Female,North,23,1,176,1,2,10527.08,0.15000000000000002,5263.54
C0452,Grocery,2025-07-30,2,0.1,Grocery 4,280.83,200.72,80.11,43,Male,South,7,3,159,1,4,6702.72,0.1,1675.68
C0492,Furniture,2025-04-13,9,0.1,Furniture 5,15916.89,11422.9,4493.99,57,Male,West,22,0,361,1,6,50652.009999999995,0.13333333333333333,8442.001666666665
C0270,Clothing,2025-06-14,2,0.0,Clothing 2,907.04,512.5,394.54,33,Female,North,47,3,73,0,4,18492.22,0.07500000000000001,4623.055
C0174,Furniture,2025-09-29,8,0.05,Furniture 2,15309.36,9477.35,5832.01,54,Male,West,46,0,152,1,3,22497.04,0.11666666666666668,7499.013333333333
C0416,Electronics,2024-04-14,6,0.0,Electronics 5,6842.89,5056.89,1786.0,68,Female,South,40,2,28,0,7,39994.759999999995,0.07857142857142858,5713.5371428571425
C0530,Beauty,2024-06-28,1,0.1,Beauty 1,275.68,169.68,106.0,49,Male,East,11,0,231,0,6,16701.18,0.11666666666666668,2783.53
C0209,Grocery,2024-01-28,7,0.2,Grocery 1,814.69,577.41,237.28,58,Female,West,49,0,178,0,6,21187.34,0.15,3531.2233333333334
C0613,Grocery,2024-12-22,8,0.2,Grocery 2,991.96,643.94,348.02,38,Female,North,44,2,262,1,8,28748.38,0.15000000000000002,3593.5475
C0511,Electronics,2024-12-26,2,0.05,Electronics 4,2470.84,1376.96,1093.88,56,Male,East,6,1,123,0,5,9038.16,0.08,1807.632
C0133,Grocery,2024-01-22,9,0.05,Grocery 5,1216.98,871.71,345.27,47,Female,West,11,1,37,0,4,17717.98,0.08750000000000001,4429.495
C0750,Electronics,2025-04-27,8,0.2,Electronics 3,8355.59,6485.56,1870.03,67,Male,East,43,0,117,0,7,37801.61,0.15714285714285717,5400.2300000000005
C0035,Beauty,2024-01-07,7,0.05,Beauty 3,1877.02,1254.57,622.45,21,Female,East,34,3,23,0,7,25360.25,0.09285714285714286,3622.8928571428573
C0522,Furniture,2025-08-01,4,0.2,Furniture 5,5850.49,4807.84,1042.65,27,Female,East,8,2,296,1,8,34039.2,0.13125,4254.9
C0351,Grocery,2025-05-29,2,0.1,Grocery 1,253.41,152.33,101.08,20,Female,East,5,1,121,1,7,16545.36,0.10714285714285714,2363.6228571428574
C0523,Beauty,2025-08-18,4,0.05,Beauty 5,1211.8,705.21,506.59,60,Female,East,32,2,204,1,4,11297.240000000002,0.07500000000000001,2824.3100000000004
C0619,Beauty,2024-03-27,8,0.1,Beauty 2,2236.7,1962.02,274.68,25,Male,North,44,1,311,1,7,10426.970000000001,0.05714285714285715,1489.567142857143
C0549,Electronics,2025-09-27,6,0.0,Electronics 2,7878.0,6874.18,1003.82,53,Female,West,31,0,274,0,7,24352.77,0.03571428571428571,3478.967142857143
C0520,Electronics,2025-02-03,6,0.05,Electronics 5,7127.04,4933.98,2193.06,36,Male,West,20,1,14,0,9,32652.83,0.07777777777777778,3628.0922222222225
C0672,Clothing,2025-09-22,8,0.05,Clothing 4,3733.6,2602.23,1131.37,51,Male,South,15,1,248,1,2,7392.68,0.05,3696.34
C0561,Electronics,2025-05-23,4,0.2,Electronics 3,4141.39,3511.33,630.06,20,Male,North,25,0,160,0,5,29337.889999999996,0.13,5867.5779999999995
C0650,Grocery,2025-04-24,1,0.1,Grocery 2,147.37,108.42,38.95,43,Male,East,50,1,325,1,5,5509.32,0.06000000000000001,1101.864
C0322,Grocery,2024-01-24,8,0.05,Grocery 3,1206.5,713.03,493.47,49,Male,West,7,1,192,0,9,21764.89,0.11666666666666667,2418.321111111111
C0162,Grocery,2025-05-20,6,0.2,Grocery 4,728.16,429.76,298.4,39,Female,North,40,3,114,0,3,12851.210000000001,0.08333333333333333,4283.736666666667
C0187,Electronics,2024-11-23,6,0.05,Electronics 1,7285.65,4341.49,2944.16,37,Male,North,19,1,35,1,4,12407.68,0.05,3101.92
C0489,Beauty,2025-09-11,6,0.2,Beauty 1,1347.56,1109.4,238.16,49,Female,North,12,1,28,0,12,31217.78,0.08750000000000001,2601.4816666666666
C0425,Beauty,2025-05-14,8,0.1,Beauty 2,2332.95,1774.59,558.36,28,Female,South,50,1,191,0,5,12154.42,0.12000000000000002,2430.884
C0061,Grocery,2024-02-24,7,0.2,Grocery 3,923.93,605.1,318.83,56,Female,East,13,1,100,1,4,13832.710000000001,0.1125,3458.1775000000002
C0163,Electronics,2025-10-11,7,0.2,Electronics 5,6941.95,4211.86,2730.09,39,Male,East,25,0,217,0,8,42728.77,0.07500000000000001,5341.09625
C0774,Clothing,2024-02-15,8,0.05,Clothing 2,3568.88,2117.1,1451.78,62,Male,East,59,1,154,0,4,9953.529999999999,0.0125,2488.3824999999997
C0580,Furniture,2024-08-06,3,0.05,Furniture 4,5294.66,4285.95,1008.71,22,Female,East,43,2,104,0,6,22614.32,0.10000000000000002,3769.0533333333333
C0603,Furniture,2024-06-07,7,0.2,Furniture 5,12229.09,10517.65,1711.44,24,Male,South,57,2,1,0,4,30723.25,0.125,7680.8125
C0157,Clothing,2025-12-12,9,0.0,Clothing 3,4834.22,3557.39,1276.83,46,Female,East,52,0,347,0,3,11402.26,0.10000000000000002,3800.7533333333336
C0051,Beauty,2024-04-21,3,0.2,Beauty 5,755.81,620.1,135.71,28,Female,North,53,2,273,1,8,39738.32,0.08125,4967.29
C0233,Beauty,2025-09-08,6,0.0,Beauty 5,1961.68,1273.32,688.36,57,Male,North,34,1,23,1,6,13548.13,0.08333333333333333,2258.0216666666665
C0685,Grocery,2024-06-11,7,0.2,Grocery 4,840.57,634.62,205.95,59,Female,West,22,0,173,1,11,24208.12,0.06818181818181818,2200.7381818181816
C0405,Clothing,2025-04-19,5,0.1,Clothing 2,2424.49,1705.18,719.31,44,Female,North,58,1,355,1,9,57173.520000000004,0.10555555555555557,6352.613333333334
C0627,Grocery,2024-03-06,9,0.1,Grocery 2,1133.07,657.97,475.1,37,Female,West,45,0,235,1,7,52635.6,0.07857142857142858,7519.371428571429
C0389,Electronics,2024-10-13,4,0.05,Electronics 5,4270.72,3077.39,1193.33,25,Male,West,50,0,74,0,3,7214.45,0.15,2404.8166666666666
C0392,Grocery,2025-03-30,2,0.1,Grocery 3,270.67,229.09,41.58,37,Male,South,43,2,352,1,5,12291.17,0.13,2458.234
C0480,Electronics,2025-06-03,2,0.05,Electronics 1,2203.62,1251.93,951.69,32,Female,West,3,1,265,1,4,7087.83,0.1125,1771.9575
C0767,Electronics,2025-09-28,8,0.05,Electronics 4,8996.92,6450.68,2546.24,42,Female,North,16,2,163,1,6,32600.55,0.05833333333333334,5433.425
C0349,Grocery,2025-08-18,7,0.0,Grocery 2,1112.62,952.0,160.62,26,Female,South,58,1,115,1,5,9824.79,0.06000000000000001,1964.958
C0476,Grocery,2025-01-13,6,0.0,Grocery 5,819.61,677.43,142.18,62,Female,South,40,1,252,1,9,48798.94,0.07777777777777778,5422.104444444445
C0735,Beauty,2024-08-09,4,0.2,Beauty 5,1002.4,724.44,277.96,52,Male,East,1,1,338,1,7,11823.03,0.14285714285714285,1689.0042857142857
C0297,Grocery,2024-07-09,4,0.1,Grocery 1,495.53,302.26,193.27,40,Female,West,25,1,107,0,7,24131.82,0.10714285714285714,3447.402857142857
C0671,Beauty,2025-12-25,9,0.05,Beauty 5,2743.27,2323.51,419.76,49,Female,South,29,0,158,0,6,19854.58,0.05000000000000001,3309.096666666667
C0428,Beauty,2025-03-20,7,0.2,Beauty 5,1579.84,953.59,626.25,19,Male,East,37,1,19,0,5,36034.21,0.11000000000000001,7206.842
C0703,Clothing,2025-10-25,9,0.1,Clothing 4,4240.3,2743.0,1497.3,26,Male,West,26,1,199,0,9,42204.350000000006,0.1,4689.372222222223
C0374,Beauty,2024-11-12,8,0.1,Beauty 2,2199.69,1305.51,894.18,64,Male,East,33,2,240,1,7,18780.43,0.09285714285714286,2682.9185714285713
C0503,Grocery,2024-12-20,7,0.0,Grocery 4,1025.98,729.12,296.86,63,Female,North,37,0,69,0,5,22054.96,0.030000000000000006,4410.992
C0258,Grocery,2025-08-25,5,0.1,Grocery 5,643.62,495.73,147.89,27,Male,East,40,0,289,1,5,10875.189999999999,0.09,2175.0379999999996
C0508,Electronics,2025-06-11,3,0.0,Electronics 5,3281.37,2754.68,526.69,31,Male,South,8,1,38,0,7,27352.89,0.05,3907.555714285714
C0260,Clothing,2024-05-26,6,0.1,Clothing 3,2620.83,1864.64,756.19,59,Female,East,26,0,119,0,4,16226.49,0.1125,4056.6225
C0487,Grocery,2025-01-17,7,0.0,Grocery 4,987.11,878.28,108.83,45,Male,East,4,1,91,0,3,5193.46,0.10000000000000002,1731.1533333333334
C0631,Clothing,2024-06-04,5,0.1,Clothing 2,2086.16,1582.46,503.7,35,Male,North,17,1,207,1,4,20336.190000000002,0.1125,5084.047500000001
C0347,Grocery,2025-07-09,1,0.05,Grocery 2,149.3,113.7,35.6,66,Female,West,48,0,218,0,9,45544.9,0.07222222222222223,5060.544444444445
C0343,Electronics,2024-01-22,9,0.0,Electronics 4,10179.03,6222.96,3956.07,44,Female,North,56,3,127,1,8,46164.85,0.09375,5770.60625
C0257,Clothing,2025-08-26,8,0.05,Clothing 3,3589.6,2213.13,1376.47,23,Female,East,16,0,32,0,9,16867.92,0.09444444444444446,1874.2133333333331
C0584,Furniture,2025-11-09,4,0.0,Furniture 2,7744.77,5822.67,1922.1,39,Male,East,43,0,30,0,2,10484.51,0.0,5242.255
C0473,Furniture,2024-01-17,5,0.0,Furniture 4,9925.31,7963.15,1962.16,42,Female,South,13,1,32,0,7,34309.61,0.08571428571428573,4901.372857142857
C0413,Beauty,2025-04-05,2,0.2,Beauty 2,481.32,299.21,182.11,24,Female,West,57,0,28,0,3,3954.0800000000004,0.06666666666666667,1318.0266666666669
C0020,Beauty,2024-02-27,9,0.05,Beauty 3,2649.41,1906.0,743.41,44,Male,South,16,0,196,0,3,6890.4,0.10000000000000002,2296.7999999999997
C0088,Beauty,2024-09-19,3,0.05,Beauty 2,870.14,587.06,283.08,57,Male,West,31,1,188,1,7,18238.84,0.028571428571428574,2605.5485714285714
C0005,Electronics,2024-09-02,4,0.0,Electronics 5,4782.42,3364.75,1417.67,62,Female,West,49,0,202,0,2,11600.65,0.025,5800.325
C0680,Furniture,2025-01-14,4,0.05,Furniture 5,7438.79,4669.67,2769.12,55,Male,West,26,0,177,0,6,28823.52,0.05833333333333334,4803.92
C0681,Clothing,2025-10-31,3,0.05,Clothing 3,1358.25,813.94,544.31,25,Male,South,49,0,18,0,4,15437.92,0.037500000000000006,3859.48
C0054,Clothing,2024-12-02,6,0.1,Clothing 4,2813.37,1862.94,950.43,43,Male,North,49,0,223,1,10,51216.96,0.13,5121.696
C0037,Clothing,2024-10-17,9,0.0,Clothing 1,4335.75,3703.25,632.5,61,Male,East,40,2,40,0,7,39181.15,0.05,5597.307142857143
C0625,Grocery,2024-03-08,8,0.2,Grocery 5,1027.12,854.39,172.73,30,Female,East,37,1,1,0,6,7749.38,0.15,1291.5633333333333
C0419,Electronics,2025-10-09,5,0.0,Electronics 2,6103.39,3574.02,2529.37,44,Male,South,42,3,236,1,5,45789.270000000004,0.05,9157.854000000001
C0247,Grocery,2024-08-17,2,0.1,Grocery 5,277.23,161.0,116.23,39,Female,East,47,1,225,1,6,6553.33,0.10000000000000002,1092.2216666666666
C0491,Electronics,2024-12-03,8,0.0,Electronics 5,9616.88,6948.51,2668.37,63,Female,South,34,0,205,1,4,25284.91,0.07500000000000001,6321.2275
C0189,Grocery,2024-03-08,3,0.2,Grocery 1,390.86,252.92,137.94,33,Female,West,21,2,70,0,12,57799.59,0.125,4816.6325
C0158,Furniture,2024-07-29,9,0.1,Furniture 1,15945.97,13365.9,2580.07,44,Female,East,2,0,119,1,7,57741.77,0.08571428571428573,8248.824285714285
C0293,Electronics,2025-02-07,4,0.2,Electronics 4,3783.91,2725.03,1058.88,35,Male,East,26,2,191,1,5,11418.38,0.1,2283.676
C0716,Electronics,2025-10-19,5,0.2,Electronics 5,5177.29,4392.66,784.63,44,Male,North,38,2,59,0,4,17335.36,0.2,4333.84
C0613,Beauty,2024-08-28,4,0.2,Beauty 4,980.14,576.19,403.95,38,Female,North,44,2,262,1,8,28748.38,0.15000000000000002,3593.5475
C0152,Furniture,2025-02-13,5,0.1,Furniture 1,8908.47,7924.32,984.15,65,Female,East,13,2,182,0,5,38516.16,0.12000000000000002,7703.232000000001
C0449,Clothing,2025-10-01,2,0.2,Clothing 4,761.94,623.64,138.3,32,Female,East,22,3,110,0,7,10621.79,0.1285714285714286,1517.3985714285716
C0707,Beauty,2024-09-20,5,0.0,Beauty 2,1423.51,1147.57,275.94,47,Male,North,22,3,82,0,9,17932.65,0.07777777777777778,1992.5166666666669
C0761,Clothing,2024-08-03,4,0.1,Clothing 5,1908.52,1677.73,230.79,46,Male,West,53,0,278,1,5,22575.31,0.1,4515.062
C0610,Beauty,2024-02-02,8,0.2,Beauty 5,1835.31,1311.52,523.79,61,Male,East,22,0,209,1,7,9692.55,0.08571428571428573,1384.6499999999999
C0103,Electronics,2025-10-24,5,0.05,Electronics 4,5136.54,3092.77,2043.77,18,Female,North,7,2,205,1,7,25138.02,0.05714285714285715,3591.1457142857143
C0192,Furniture,2024-03-21,9,0.2,Furniture 3,13016.05,9422.52,3593.53,49,Male,South,32,0,12,0,3,20525.149999999998,0.13333333333333333,6841.716666666666
C0174,Electronics,2024-06-06,3,0.1,Electronics 2,3550.0,2965.42,584.58,54,Male,West,46,0,152,1,3,22497.04,0.11666666666666668,7499.013333333333
C0120,Electronics,2024-04-11,3,0.05,Electronics 5,3460.93,2944.7,516.23,40,Female,North,27,1,45,0,8,31426.46,0.10625000000000001,3928.3075
C0140,Grocery,2025-05-31,1,0.05,Grocery 1,142.19,102.52,39.67,69,Female,South,18,2,2,0,8,25484.87,0.11875000000000001,3185.60875
C0252,Electronics,2024-09-23,7,0.0,Electronics 1,9102.03,7339.02,1763.01,27,Female,South,59,0,71,0,4,17053.68,0.037500000000000006,4263.42
C0444,Grocery,2025-05-29,1,0.2,Grocery 1,116.44,74.11,42.33,44,Female,South,27,0,197,1,2,3952.19,0.15000000000000002,1976.095
C0318,Clothing,2025-03-19,3,0.1,Clothing 3,1429.65,901.67,527.98,66,Female,South,35,1,120,0,5,7313.46,0.09,1462.692
C0336,Electronics,2024-01-12,9,0.05,Electronics 1,10715.15,8091.98,2623.17,68,Female,South,34,2,206,1,9,34270.3,0.11666666666666667,3807.8111111111116
C0196,Beauty,2024-08-12,6,0.2,Beauty 3,1433.4,999.96,433.44,35,Female,West,30,3,14,0,6,24081.08,0.075,4013.513333333334
C0120,Beauty,2024-01-03,6,0.0,Beauty 1,1898.87,1151.41,747.46,40,Female,North,27,1,45,0,8,31426.46,0.10625000000000001,3928.3075
C0799,Beauty,2024-02-17,8,0.2,Beauty 5,2098.86,1713.67,385.19,41,Female,East,16,0,107,0,7,15556.59,0.14285714285714285,2222.37
C0479,Electronics,2024-12-11,7,0.05,Electronics 3,7502.17,5523.48,1978.69,23,Female,North,58,0,300,1,4,11599.08,0.05,2899.77
C0183,Clothing,2024-07-12,8,0.1,Clothing 1,3252.61,2381.36,871.25,54,Female,West,39,0,13,0,5,27281.52,0.12000000000000002,5456.304
C0647,Clothing,2024-03-06,6,0.0,Clothing 4,3192.87,1967.63,1225.24,45,Female,North,45,0,354,0,4,17425.05,0.0625,4356.2625
C0664,Clothing,2024-10-25,5,0.1,Clothing 2,2206.61,1399.87,806.74,49,Female,North,42,2,307,1,4,6465.35,0.05,1616.3375
C0773,Grocery,2024-11-25,2,0.1,Grocery 2,272.4,215.86,56.54,55,Female,South,21,0,299,0,8,40324.2,0.1125,5040.525
C0127,Grocery,2025-12-25,4,0.2,Grocery 4,453.36,384.52,68.84,57,Male,East,56,3,178,0,6,28598.3,0.10833333333333334,4766.383333333333
C0511,Grocery,2025-04-27,7,0.05,Grocery 5,1065.69,652.23,413.46,56,Male,East,6,1,123,0,5,9038.16,0.08,1807.632
C0784,Clothing,2024-10-13,3,0.0,Clothing 5,1566.36,1306.85,259.51,42,Female,North,38,1,229,0,8,39552.1,0.10625000000000001,4944.0125
C0645,Beauty,2024-12-11,7,0.0,Beauty 3,2290.41,1891.5,398.91,35,Male,West,53,1,360,1,1,2290.41,0.0,2290.41
C0180,Beauty,2024-03-06,2,0.0,Beauty 5,597.03,498.65,98.38,66,Female,North,23,1,232,0,8,25715.29,0.09375,3214.41125
C0714,Clothing,2024-10-09,1,0.05,Clothing 2,520.27,392.08,128.19,65,Male,North,22,0,355,1,2,3224.53,0.025,1612.265
C0337,Clothing,2025-02-28,4,0.2,Clothing 5,1603.47,1079.37,524.1,34,Male,East,12,0,247,0,5,20551.15,0.09,4110.2300000000005
C0391,Grocery,2024-01-16,3,0.0,Grocery 5,460.93,377.9,83.03,27,Male,South,10,2,250,1,10,21076.36,0.075,2107.636
C0446,Clothing,2025-11-02,8,0.0,Clothing 3,4139.3,2971.94,1167.36,34,Female,South,51,2,196,1,7,22460.99,0.028571428571428574,3208.7128571428575
C0617,Beauty,2025-01-11,4,0.0,Beauty 3,1197.55,751.65,445.9,31,Male,West,13,1,143,1,6,22553.73,0.041666666666666664,3758.955
C0096,Grocery,2025-07-28,4,0.05,Grocery 3,577.16,398.72,178.44,30,Female,South,48,2,89,0,4,20854.77,0.1,5213.6925
C0431,Electronics,2024-07-20,4,0.1,Electronics 1,4080.94,2898.29,1182.65,56,Female,North,47,2,296,1,3,16833.34,0.11666666666666668,5611.113333333334
C0653,Electronics,2025-09-02,3,0.05,Electronics 5,3325.86,2417.47,908.39,59,Male,East,22,0,222,1,6,12273.32,0.05000000000000001,2045.5533333333333
C0438,Electronics,2024-09-24,9,0.05,Electronics 4,10674.49,9224.33,1450.16,22,Male,West,13,0,264,1,4,13649.95,0.05,3412.4875
C0219,Clothing,2025-11-08,7,0.0,Clothing 5,3177.29,2204.75,972.54,64,Male,South,56,1,10,0,6,30035.83,0.10000000000000002,5005.971666666667
C0045,Clothing,2025-01-16,2,0.2,Clothing 1,832.07,540.58,291.49,68,Male,South,53,5,288,1,4,3056.1000000000004,0.125,764.0250000000001
C0439,Beauty,2025-04-09,2,0.0,Beauty 5,576.45,511.21,65.24,38,Male,South,58,0,37,0,8,14837.23,0.09375,1854.65375
C0562,Beauty,2024-05-28,1,0.0,Beauty 2,286.31,181.72,104.59,43,Male,South,58,1,184,0,6,23595.16,0.075,3932.5266666666666
C0439,Electronics,2025-12-27,3,0.1,Electronics 5,3365.38,1864.05,1501.33,38,Male,South,58,0,37,0,8,14837.23,0.09375,1854.65375
C0783,Beauty,2024-05-20,6,0.2,Beauty 5,1357.9,1150.74,207.16,24,Male,South,4,0,289,1,6,19842.55,0.11666666666666668,3307.0916666666667
C0482,Grocery,2024-01-25,9,0.05,Grocery 5,1400.92,1238.49,162.43,31,Male,South,34,1,66,0,4,10303.32,0.07500000000000001,2575.83
C0406,Clothing,2024-11-17,5,0.0,Clothing 5,2745.34,2165.38,579.96,40,Female,South,18,0,237,1,7,13509.16,0.07142857142857142,1929.8799999999999
C0044,Grocery,2025-09-01,1,0.1,Grocery 1,133.87,92.73,41.14,21,Male,North,36,0,354,1,5,16385.780000000002,0.06000000000000001,3277.1560000000004
C0446,Grocery,2025-11-03,1,0.05,Grocery 2,139.69,103.41,36.28,34,Female,South,51,2,196,1,7,22460.99,0.028571428571428574,3208.7128571428575
C0134,Electronics,2025-09-17,4,0.05,Electronics 2,4176.08,3512.92,663.16,59,Male,West,48,1,295,0,7,24940.86,0.07142857142857142,3562.98
C0579,Beauty,2025-02-07,3,0.2,Beauty 3,760.06,653.55,106.51,23,Female,South,29,2,206,1,5,8709.880000000001,0.08,1741.976
C0128,Electronics,2025-10-31,6,0.2,Electronics 5,5371.46,3147.05,2224.41,47,Male,South,6,2,246,0,7,37329.119999999995,0.12142857142857144,5332.731428571428
C0725,Electronics,2024-12-25,2,0.05,Electronics 4,2477.47,2115.26,362.21,24,Male,West,53,2,126,0,4,30705.6,0.07500000000000001,7676.4
C0241,Clothing,2024-12-15,3,0.1,Clothing 3,1482.46,1135.67,346.79,48,Female,North,30,0,340,1,7,27081.78,0.09285714285714286,3868.825714285714
C0347,Electronics,2024-05-11,6,0.1,Electronics 5,5990.64,3362.53,2628.11,66,Female,West,48,0,218,0,9,45544.9,0.07222222222222223,5060.544444444445
C0115,Electronics,2025-07-29,3,0.2,Electronics 1,2985.41,1755.33,1230.08,47,Male,West,49,1,292,1,3,20988.89,0.15,6996.296666666666
C0168,Clothing,2024-08-18,4,0.2,Clothing 4,1589.12,899.34,689.78,35,Female,North,23,1,208,0,6,26366.82,0.13333333333333333,4394.47
C0737,Clothing,2024-05-22,2,0.05,Clothing 3,957.82,844.79,113.03,35,Male,West,29,1,227,0,7,30951.19,0.05714285714285715,4421.598571428572
C0226,Electronics,2024-09-26,1,0.0,Electronics 2,1123.1,785.36,337.74,60,Male,North,58,0,317,1,4,4844.049999999999,0.037500000000000006,1211.0124999999998
C0410,Beauty,2025-03-16,4,0.0,Beauty 4,1253.65,1003.5,250.15,27,Female,South,31,0,315,1,8,35139.41,0.07500000000000001,4392.42625
C0785,Beauty,2024-07-16,3,0.0,Beauty 5,839.99,462.5,377.49,48,Male,West,57,2,147,1,8,45318.29,0.1,5664.78625
C0498,Furniture,2024-09-18,9,0.2,Furniture 5,15509.66,12835.95,2673.71,66,Female,West,47,1,217,1,11,77062.63,0.08636363636363636,7005.693636363637
C0033,Grocery,2024-08-28,9,0.1,Grocery 5,1203.82,865.2,338.62,46,Male,West,19,1,2,0,6,21158.34,0.041666666666666664,3526.39
C0285,Beauty,2025-03-11,4,0.2,Beauty 5,985.89,860.94,124.95,66,Female,North,29,1,10,0,7,18497.78,0.09285714285714286,2642.54
C0309,Clothing,2025-06-05,3,0.0,Clothing 3,1626.54,1191.14,435.4,23,Male,West,52,1,184,1,4,17936.87,0.0625,4484.2175
C0220,Grocery,2025-05-08,4,0.0,Grocery 1,628.55,519.23,109.32,24,Male,South,50,0,50,0,10,35275.33,0.06000000000000001,3527.5330000000004
C0192,Electronics,2024-04-13,6,0.0,Electronics 5,7258.82,5591.57,1667.25,49,Male,South,32,0,12,0,3,20525.149999999998,0.13333333333333333,6841.716666666666
C0402,Furniture,2024-09-10,4,0.1,Furniture 3,7059.86,5169.15,1890.71,34,Female,South,59,0,145,1,3,7821.58,0.11666666666666668,2607.193333333333
C0301,Electronics,2025-04-18,7,0.0,Electronics 4,8336.39,7351.74,984.65,60,Male,East,47,2,124,0,7,40411.189999999995,0.05714285714285715,5773.027142857142
C0235,Furniture,2024-06-06,9,0.1,Furniture 1,15687.02,11348.93,4338.09,55,Female,North,2,0,10,0,7,43237.93,0.07857142857142858,6176.847142857143
C0330,Furniture,2024-02-20,4,0.2,Furniture 5,6971.12,6011.45,959.67,46,Male,North,57,2,110,0,7,45737.399999999994,0.1142857142857143,6533.914285714285
C0274,Clothing,2024-08-22,2,0.0,Clothing 5,950.57,534.82,415.75,39,Male,South,55,1,34,0,7,39397.979999999996,0.07142857142857142,5628.282857142856
C0182,Furniture,2025-05-10,2,0.1,Furniture 5,3534.73,2757.43,777.3,43,Female,North,18,0,173,0,8,32395.14,0.10625000000000001,4049.3925
C0362,Clothing,2025-04-29,8,0.1,Clothing 1,3800.32,3302.79,497.53,29,Female,North,22,1,193,0,6,29037.17,0.05833333333333334,4839.528333333333
C0753,Clothing,2024-04-04,4,0.2,Clothing 5,1556.59,1346.06,210.53,66,Female,South,47,0,314,1,5,16986.16,0.17,3397.232
C0404,Grocery,2025-05-09,3,0.0,Grocery 4,484.79,348.94,135.85,43,Female,West,11,4,88,1,7,35907.72,0.05714285714285715,5129.674285714286
C0478,Clothing,2024-05-21,6,0.0,Clothing 1,2845.84,2035.44,810.4,52,Male,South,52,1,156,0,6,33776.14,0.05833333333333333,5629.356666666667
C0787,Furniture,2025-06-25,9,0.0,Furniture 3,16312.84,13599.68,2713.16,53,Male,West,24,0,263,1,5,32141.08,0.1,6428.216
C0490,Clothing,2025-02-17,4,0.1,Clothing 3,1846.35,1231.99,614.36,66,Male,West,9,1,55,0,7,55106.509999999995,0.10714285714285714,7872.358571428571
C0178,Grocery,2024-04-02,3,0.2,Grocery 4,360.59,316.6,43.99,64,Male,South,58,1,348,1,6,23259.95,0.09166666666666667,3876.6583333333333
C0318,Beauty,2024-09-12,8,0.0,Beauty 1,2607.87,1663.14,944.73,66,Female,South,35,1,120,0,5,7313.46,0.09,1462.692
C0390,Clothing,2025-08-20,1,0.05,Clothing 3,467.7,269.41,198.29,56,Male,East,56,0,205,1,2,2734.47,0.07500000000000001,1367.235
C0379,Grocery,2024-11-11,8,0.1,Grocery 4,1001.29,821.23,180.06,31,Male,West,3,2,348,1,8,12434.26,0.1,1554.2825
C0119,Beauty,2025-05-17,5,0.2,Beauty 4,1159.14,801.72,357.42,23,Female,East,59,1,173,0,4,4702.04,0.07500000000000001,1175.51
C0084,Clothing,2025-06-30,1,0.2,Clothing 4,391.46,264.05,127.41,50,Female,South,21,1,49,0,6,25906.21,0.10833333333333334,4317.701666666667
C0279,Electronics,2024-01-23,3,0.1,Electronics 4,3293.87,2181.59,1112.28,22,Female,North,23,0,82,0,6,25297.73,0.09999999999999999,4216.288333333333
C0731,Clothing,2025-11-10,7,0.2,Clothing 4,2673.72,2388.05,285.67,39,Male,West,28,0,291,1,4,17627.55,0.17500000000000002,4406.8875
C0573,Beauty,2024-09-01,7,0.2,Beauty 1,1696.91,1272.83,424.08,20,Male,West,58,2,301,1,8,19877.23,0.125,2484.65375
C0673,Furniture,2025-08-02,2,0.2,Furniture 4,3461.15,3105.24,355.91,22,Male,South,47,1,40,0,8,37772.36,0.0625,4721.545
C0139,Beauty,2024-12-06,6,0.05,Beauty 2,1683.92,1128.65,555.27,40,Female,North,30,2,16,0,8,11108.94,0.1,1388.6175
C0331,Clothing,2025-02-25,9,0.05,Clothing 3,4404.59,3060.7,1343.89,37,Female,South,31,1,130,0,7,37008.130000000005,0.09285714285714286,5286.875714285715
C0465,Beauty,2024-09-20,7,0.05,Beauty 3,1886.83,1177.6,709.23,68,Male,East,3,4,240,1,5,9379.369999999999,0.05,1875.8739999999998
C0347,Clothing,2025-09-14,7,0.2,Clothing 5,2968.74,2079.98,888.76,66,Female,West,48,0,218,0,9,45544.9,0.07222222222222223,5060.544444444445
C0333,Furniture,2024-03-26,2,0.05,Furniture 2,3624.95,2072.39,1552.56,61,Female,West,13,2,205,0,5,27158.33,0.02,5431.666
C0287,Beauty,2025-10-16,6,0.2,Beauty 2,1462.98,804.92,658.06,47,Female,South,34,1,89,0,6,22204.899999999998,0.11666666666666668,3700.816666666666
C0041,Clothing,2024-05-31,7,0.1,Clothing 4,3024.16,2142.85,881.31,57,Female,North,1,1,129,0,7,14342.48,0.10714285714285714,2048.925714285714
C0685,Beauty,2025-10-06,1,0.0,Beauty 4,274.04,222.28,51.76,59,Female,West,22,0,173,1,11,24208.12,0.06818181818181818,2200.7381818181816
C0746,Furniture,2024-01-18,3,0.05,Furniture 2,5494.42,3862.43,1631.99,45,Female,South,38,5,324,1,3,15212.119999999999,0.11666666666666665,5070.706666666666
C0064,Furniture,2024-01-11,8,0.0,Furniture 2,15078.5,11026.94,4051.56,39,Female,East,28,0,13,0,4,22439.38,0.0625,5609.845
C0330,Furniture,2024-03-08,9,0.1,Furniture 5,17472.26,12334.81,5137.45,46,Male,North,57,2,110,0,7,45737.399999999994,0.1142857142857143,6533.914285714285
C0414,Electronics,2025-02-03,2,0.05,Electronics 5,2173.37,1596.08,577.29,18,Male,East,12,1,266,1,6,40812.37,0.06666666666666667,6802.061666666667
C0627,Furniture,2024-07-13,7,0.05,Furniture 1,14561.97,11962.1,2599.87,37,Female,West,45,0,235,1,7,52635.6,0.07857142857142858,7519.371428571429
C0789,Clothing,2025-03-12,5,0.0,Clothing 2,2496.17,2075.13,421.04,18,Male,West,50,0,334,1,5,17408.28,0.1,3481.656
C0333,Clothing,2025-08-21,6,0.0,Clothing 4,2832.64,2388.82,443.82,61,Female,West,13,2,205,0,5,27158.33,0.02,5431.666
C0599,Electronics,2024-01-20,5,0.2,Electronics 1,4695.69,2931.76,1763.93,51,Male,North,40,0,182,0,7,13250.95,0.10714285714285714,1892.9928571428572
C0749,Electronics,2025-01-19,8,0.2,Electronics 1,7193.75,5109.33,2084.42,26,Male,East,7,1,355,1,7,20021.2,0.1285714285714286,2860.171428571429
C0664,Beauty,2025-06-23,5,0.05,Beauty 1,1520.1,1278.18,241.92,49,Female,North,42,2,307,1,4,6465.35,0.05,1616.3375
C0232,Clothing,2024-11-05,6,0.2,Clothing 3,2217.59,1950.72,266.87,19,Female,East,54,0,336,1,4,6630.27,0.1625,1657.5675
C0653,Clothing,2025-11-06,7,0.1,Clothing 3,3385.32,2505.29,880.03,59,Male,East,22,0,222,1,6,12273.32,0.05000000000000001,2045.5533333333333
C0329,Grocery,2025-04-28,5,0.05,Grocery 2,647.79,468.06,179.73,46,Female,West,28,1,181,1,10,27679.47,0.085,2767.947
C0014,Furniture,2024-01-26,8,0.05,Furniture 1,14590.81,11929.57,2661.24,55,Female,North,22,0,211,0,5,39154.17,0.07,7830.834
C0607,Grocery,2025-01-30,3,0.1,Grocery 4,375.83,337.15,38.68,44,Female,West,26,1,223,0,3,2442.25,0.11666666666666668,814.0833333333334
C0668,Grocery,2024-10-07,9,0.2,Grocery 5,1120.02,782.98,337.04,65,Female,North,9,1,291,0,6,30440.260000000002,0.17500000000000002,5073.376666666667
C0274,Beauty,2024-04-06,7,0.05,Beauty 2,1999.92,1215.52,784.4,39,Male,South,55,1,34,0,7,39397.979999999996,0.07142857142857142,5628.282857142856
C0360,Grocery,2025-11-24,9,0.05,Grocery 4,1395.19,1174.76,220.43,61,Female,West,8,1,1,0,7,12345.460000000001,0.07857142857142858,1763.637142857143
C0291,Furniture,2024-06-11,4,0.2,Furniture 4,6228.71,4974.55,1254.16,31,Male,North,36,4,128,0,8,43569.14,0.07500000000000001,5446.1425
C0093,Beauty,2024-03-01,5,0.1,Beauty 3,1226.0,736.55,489.45,38,Female,South,37,1,348,1,8,26802.579999999998,0.07500000000000001,3350.3224999999998
C0795,Furniture,2024-06-11,1,0.05,Furniture 3,1999.43,1326.08,673.35,33,Male,East,11,1,177,0,7,13222.75,0.10714285714285714,1888.9642857142858
C0018,Electronics,2025-08-23,9,0.05,Electronics 1,10423.14,7750.94,2672.2,61,Female,North,18,2,208,1,10,33457.18,0.065,3345.718
C0444,Clothing,2025-03-13,8,0.1,Clothing 5,3835.75,3091.66,744.09,44,Female,South,27,0,197,1,2,3952.19,0.15000000000000002,1976.095
C0011,Furniture,2025-08-21,3,0.0,Furniture 5,5911.37,4866.4,1044.97,68,Female,North,3,2,142,1,4,13419.150000000001,0.0625,3354.7875000000004
C0551,Grocery,2024-12-02,1,0.0,Grocery 4,157.15,95.0,62.15,38,Male,South,30,0,289,1,4,17062.06,0.1125,4265.515
C0720,Clothing,2024-03-26,7,0.1,Clothing 5,2942.77,1841.77,1101.0,25,Female,North,37,3,168,1,5,8832.93,0.1,1766.586
C0514,Clothing,2024-10-09,7,0.0,Clothing 4,3849.67,3119.94,729.73,67,Female,East,25,0,255,0,8,18246.14,0.08125,2280.7675
C0484,Electronics,2024-05-25,5,0.1,Electronics 4,5047.54,2981.28,2066.26,42,Male,North,21,0,329,1,6,40064.729999999996,0.09166666666666667,6677.454999999999
C0662,Clothing,2025-02-10,2,0.2,Clothing 5,852.77,617.71,235.06,19,Male,North,23,0,222,1,4,3775.9,0.125,943.975
C0779,Furniture,2024-07-15,9,0.0,Furniture 1,16964.78,12572.55,4392.23,62,Female,East,11,0,27,0,5,20705.03,0.06000000000000001,4141.005999999999
C0689,Electronics,2025-12-09,4,0.05,Electronics 2,4817.65,3221.92,1595.73,58,Female,South,28,3,257,1,4,9021.35,0.1,2255.3375
C0185,Beauty,2024-10-02,7,0.2,Beauty 2,1801.38,1492.84,308.54,41,Female,North,33,0,101,0,1,1801.38,0.2,1801.38
C0450,Clothing,2024-08-17,8,0.0,Clothing 4,4301.31,2449.15,1852.16,67,Male,North,12,0,225,1,4,15560.59,0.025,3890.1475
C0655,Beauty,2025-12-19,5,0.2,Beauty 2,1194.17,981.73,212.44,45,Male,East,29,1,63,0,8,31078.710000000003,0.08125,3884.8387500000003
C0235,Clothing,2025-01-14,1,0.0,Clothing 2,492.88,382.53,110.35,55,Female,North,2,0,10,0,7,43237.93,0.07857142857142858,6176.847142857143
C0540,Beauty,2024-05-04,8,0.2,Beauty 3,2048.18,1490.1,558.08,54,Female,East,43,1,94,0,4,5028.03,0.125,1257.0075
C0018,Grocery,2024-12-16,7,0.05,Grocery 4,1013.36,866.76,146.6,61,Female,North,18,2,208,1,10,33457.18,0.065,3345.718
C0701,Beauty,2024-07-04,9,0.0,Beauty 3,2765.49,1716.78,1048.71,50,Male,North,8,1,324,1,8,22130.11,0.1,2766.26375
C0491,Electronics,2025-06-07,6,0.1,Electronics 1,6137.94,5096.15,1041.79,63,Female,South,34,0,205,1,4,25284.91,0.07500000000000001,6321.2275
C0594,Furniture,2025-02-22,9,0.0,Furniture 4,17806.17,10963.63,6842.54,34,Male,East,46,1,112,0,6,39135.35,0.075,6522.558333333333
C0660,Clothing,2025-06-17,8,0.05,Clothing 3,3700.78,3318.33,382.45,27,Female,North,15,1,193,1,8,38404.75,0.11875000000000001,4800.59375
C0175,Clothing,2025-11-17,2,0.1,Clothing 1,929.76,522.03,407.73,42,Male,North,20,2,195,0,9,27782.17,0.061111111111111116,3086.9077777777775
C0360,Electronics,2025-06-16,2,0.1,Electronics 4,2028.88,1508.71,520.17,61,Female,West,8,1,1,0,7,12345.460000000001,0.07857142857142858,1763.637142857143
C0686,Beauty,2024-09-05,2,0.05,Beauty 2,559.26,340.48,218.78,39,Male,West,11,1,2,0,4,17060.61,0.07500000000000001,4265.1525
C0131,Furniture,2024-05-27,8,0.2,Furniture 3,13692.75,9486.22,4206.53,46,Female,West,48,0,293,1,4,33298.41,0.07500000000000001,8324.6025
C0657,Beauty,2025-01-21,3,0.05,Beauty 5,862.94,519.3,343.64,50,Male,East,9,1,198,1,8,27158.62,0.043750000000000004,3394.8275
C0230,Grocery,2024-11-23,5,0.05,Grocery 2,768.94,475.08,293.86,42,Male,South,56,1,123,0,7,22226.55,0.08571428571428573,3175.2214285714285
C0460,Electronics,2024-08-16,8,0.05,Electronics 5,8632.13,4931.91,3700.22,55,Male,West,12,0,104,0,3,11619.72,0.06666666666666667,3873.24
C0407,Clothing,2025-08-15,4,0.2,Clothing 3,1580.77,873.85,706.92,25,Female,North,19,3,11,0,7,21922.17,0.08571428571428572,3131.738571428571
C0549,Grocery,2025-10-25,1,0.1,Grocery 5,135.01,108.25,26.76,53,Female,West,31,0,274,0,7,24352.77,0.03571428571428571,3478.967142857143
C0669,Electronics,2024-10-05,4,0.0,Electronics 5,4704.54,3334.16,1370.38,24,Male,West,5,0,185,1,3,18057.15,0.06666666666666667,6019.05
C0279,Beauty,2025-05-12,1,0.2,Beauty 5,248.86,140.84,108.02,22,Female,North,23,0,82,0,6,25297.73,0.09999999999999999,4216.288333333333
C0137,Beauty,2025-12-19,4,0.05,Beauty 2,1059.91,931.28,128.63,19,Male,North,30,0,206,1,3,5706.05,0.05000000000000001,1902.0166666666667
C0338,Grocery,2024-01-09,7,0.05,Grocery 4,1001.37,784.04,217.33,28,Female,West,30,0,64,0,4,23214.84,0.05,5803.71
C0489,Grocery,2024-09-23,5,0.0,Grocery 2,695.82,447.06,248.76,49,Female,North,12,1,28,0,12,31217.78,0.08750000000000001,2601.4816666666666
C0600,Furniture,2025-06-22,7,0.2,Furniture 5,11489.4,8083.29,3406.11,50,Female,South,46,1,108,1,4,16217.7,0.08750000000000001,4054.425
C0602,Furniture,2024-12-29,1,0.0,Furniture 5,2132.1,1537.76,594.34,56,Male,North,55,0,362,1,9,26142.41,0.05555555555555555,2904.7122222222224
C0271,Electronics,2025-08-01,7,0.2,Electronics 4,6074.88,4552.97,1521.91,19,Male,North,51,1,309,1,5,21962.05,0.11000000000000001,4392.41
C0748,Grocery,2024-12-12,4,0.0,Grocery 5,594.83,505.67,89.16,34,Male,North,59,0,107,0,3,11367.95,0.06666666666666667,3789.316666666667
C0066,Furniture,2024-02-17,3,0.1,Furniture 3,5392.12,4078.95,1313.17,65,Female,West,18,3,106,1,3,8539.539999999999,0.08333333333333333,2846.513333333333
C0093,Beauty,2024-11-12,6,0.0,Beauty 1,1879.29,1677.37,201.92,38,Female,South,37,1,348,1,8,26802.579999999998,0.07500000000000001,3350.3224999999998
C0019,Grocery,2024-10-22,2,0.05,Grocery 5,260.76,209.75,51.01,41,Female,West,25,1,340,1,5,7449.74,0.07,1489.9479999999999
C0741,Beauty,2025-09-09,5,0.2,Beauty 3,1177.44,1054.96,122.48,57,Male,South,25,0,259,0,3,3259.9900000000002,0.16666666666666666,1086.6633333333334
C0144,Grocery,2024-04-17,4,0.1,Grocery 1,570.83,423.99,146.84,69,Male,North,48,0,109,0,6,6988.34,0.06666666666666667,1164.7233333333334
C0481,Clothing,2024-04-23,2,0.1,Clothing 1,905.79,713.27,192.52,61,Female,North,14,2,205,1,5,29276.61,0.1,5855.322
C0650,Grocery,2024-04-13,9,0.0,Grocery 4,1417.46,1145.68,271.78,43,Male,East,50,1,325,1,5,5509.32,0.06000000000000001,1101.864
C0613,Furniture,2025-02-18,4,0.2,Furniture 5,6225.93,5068.91,1157.02,38,Female,North,44,2,262,1,8,28748.38,0.15000000000000002,3593.5475
C0759,Beauty,2025-12-27,1,0.05,Beauty 4,308.94,172.56,136.38,55,Female,North,52,1,112,0,5,26976.82,0.1,5395.364
C0043,Clothing,2025-03-27,4,0.1,Clothing 3,1647.84,979.83,668.01,36,Male,East,13,2,256,1,6,7538.53,0.041666666666666664,1256.4216666666666
C0325,Clothing,2025-08-18,9,0.2,Clothing 2,3305.64,2081.57,1224.07,29,Female,North,37,0,15,0,3,14366.039999999999,0.13333333333333333,4788.679999999999
C0404,Furniture,2025-09-13,7,0.1,Furniture 3,12671.78,8173.59,4498.19,43,Female,West,11,4,88,1,7,35907.72,0.05714285714285715,5129.674285714286
C0556,Furniture,2025-03-14,6,0.1,Furniture 2,10736.98,9307.66,1429.32,56,Male,South,6,1,176,1,8,44974.68,0.05625000000000001,5621.835
C0498,Clothing,2025-03-20,9,0.0,Clothing 2,4624.62,3713.16,911.46,66,Female,West,47,1,217,1,11,77062.63,0.08636363636363636,7005.693636363637
C0447,Furniture,2024-06-26,1,0.05,Furniture 1,1797.04,1078.49,718.55,67,Male,East,23,2,20,0,4,5344.469999999999,0.1125,1336.1174999999998
C0245,Electronics,2025-12-01,5,0.1,Electronics 3,5104.11,3568.92,1535.19,22,Male,East,1,1,199,1,7,21723.61,0.1142857142857143,3103.3728571428574
C0085,Clothing,2025-07-29,3,0.0,Clothing 2,1574.73,1000.1,574.63,54,Female,East,22,1,189,0,8,32791.37,0.09375,4098.92125
C0345,Beauty,2025-09-28,7,0.05,Beauty 1,1911.91,1606.87,305.04,31,Male,North,24,0,213,1,7,9859.71,0.07857142857142858,1408.53
C0207,Grocery,2025-12-19,8,0.2,Grocery 2,1003.64,874.4,129.24,68,Female,South,16,1,179,0,7,36856.619999999995,0.08571428571428573,5265.231428571428
C0443,Beauty,2024-09-11,1,0.2,Beauty 4,246.75,149.9,96.85,43,Male,East,29,0,49,0,10,24585.21,0.155,2458.5209999999997
C0637,Clothing,2024-04-14,2,0.2,Clothing 3,733.33,510.25,223.08,33,Female,South,10,0,249,1,2,982.52,0.15000000000000002,491.26
C0442,Clothing,2025-09-19,9,0.2,Clothing 3,3752.01,3314.87,437.14,24,Female,East,46,1,364,1,7,21242.95,0.09285714285714286,3034.707142857143
C0466,Beauty,2024-12-11,5,0.2,Beauty 3,1291.08,1007.02,284.06,26,Male,East,19,2,40,0,5,8530.95,0.12000000000000002,1706.19
C0033,Beauty,2025-11-30,3,0.0,Beauty 3,957.0,817.12,139.88,46,Male,West,19,1,2,0,6,21158.34,0.041666666666666664,3526.39
C0515,Beauty,2025-05-21,2,0.2,Beauty 3,432.85,292.26,140.59,23,Male,North,26,2,276,1,9,37369.950000000004,0.08333333333333333,4152.216666666667
C0351,Clothing,2024-07-06,4,0.1,Clothing 5,1814.3,1131.03,683.27,20,Female,East,5,1,121,1,7,16545.36,0.10714285714285714,2363.6228571428574
C0098,Beauty,2024-09-16,1,0.2,Beauty 4,259.84,205.78,54.06,51,Male,South,2,1,262,1,4,19779.879999999997,0.1,4944.969999999999
C0171,Grocery,2025-03-21,3,0.1,Grocery 1,413.0,247.01,165.99,22,Male,South,56,1,299,1,3,3526.7400000000002,0.13333333333333333,1175.5800000000002
C0624,Beauty,2024-10-14,2,0.0,Beauty 5,574.84,485.15,89.69,49,Male,South,23,3,141,1,3,13817.53,0.03333333333333333,4605.843333333333
C0733,Beauty,2024-07-24,1,0.1,Beauty 1,253.51,206.41,47.1,58,Male,West,5,0,182,1,8,20982.43,0.07500000000000001,2622.80375
C0406,Grocery,2024-06-02,9,0.2,Grocery 1,1119.95,735.49,384.46,40,Female,South,18,0,237,1,7,13509.16,0.07142857142857142,1929.8799999999999
C0781,Clothing,2025-04-19,8,0.0,Clothing 3,4217.0,3055.42,1161.58,51,Male,South,12,0,279,1,1,4217.0,0.0,4217.0
C0144,Beauty,2024-01-26,9,0.1,Beauty 2,2630.52,2182.59,447.93,69,Male,North,48,0,109,0,6,6988.34,0.06666666666666667,1164.7233333333334
C0239,Grocery,2024-03-09,3,0.1,Grocery 4,437.86,384.1,53.76,50,Female,East,51,1,27,0,4,8979.36,0.1125,2244.84
C0744,Grocery,2024-02-01,3,0.05,Grocery 4,413.76,278.57,135.19,59,Male,East,46,0,28,0,4,17382.0,0.1375,4345.5
C0140,Furniture,2025-06-19,3,0.2,Furniture 1,4899.72,4049.6,850.12,69,Female,South,18,2,2,0,8,25484.87,0.11875000000000001,3185.60875
C0527,Beauty,2024-01-22,6,0.0,Beauty 3,1656.55,1023.85,632.7,25,Male,East,19,1,13,0,6,19644.43,0.041666666666666664,3274.0716666666667
C0175,Electronics,2024-11-02,2,0.05,Electronics 4,2095.07,1814.83,280.24,42,Male,North,20,2,195,0,9,27782.17,0.061111111111111116,3086.9077777777775
C0264,Beauty,2024-03-29,3,0.2,Beauty 4,658.29,520.17,138.12,69,Female,West,13,1,291,1,7,19385.37,0.07142857142857142,2769.3385714285714
C0382,Grocery,2025-03-04,9,0.1,Grocery 3,1318.8,795.84,522.96,67,Female,North,45,2,51,0,5,15247.529999999999,0.09,3049.506
C0287,Electronics,2024-01-26,4,0.0,Electronics 4,4466.34,3613.0,853.34,47,Female,South,34,1,89,0,6,22204.899999999998,0.11666666666666668,3700.816666666666
C0699,Clothing,2024-01-19,8,0.0,Clothing 3,3985.86,3202.32,783.54,22,Female,West,17,1,111,0,8,23589.2,0.08750000000000001,2948.65
C0778,Grocery,2024-10-27,3,0.1,Grocery 2,399.58,323.58,76.0,32,Male,West,13,1,57,1,9,37075.880000000005,0.1277777777777778,4119.542222222222
C0400,Furniture,2025-05-22,9,0.2,Furniture 3,13895.34,9319.7,4575.64,69,Female,West,47,2,320,0,10,43060.21,0.12,4306.021
C0420,Grocery,2024-03-21,7,0.0,Grocery 4,1057.92,855.78,202.14,66,Female,South,32,1,310,1,4,5615.14,0.0625,1403.785
C0044,Electronics,2024-12-28,8,0.0,Electronics 1,8645.36,7256.05,1389.31,21,Male,North,36,0,354,1,5,16385.780000000002,0.06000000000000001,3277.1560000000004
C0187,Grocery,2025-08-14,5,0.05,Grocery 4,695.42,466.97,228.45,37,Male,North,19,1,35,1,4,12407.68,0.05,3101.92
C0031,Clothing,2025-04-01,9,0.0,Clothing 2,4481.41,2790.96,1690.45,29,Male,West,31,3,152,1,5,25199.07,0.06999999999999999,5039.814
C0685,Clothing,2025-07-01,4,0.0,Clothing 1,2121.32,1825.94,295.38,59,Female,West,22,0,173,1,11,24208.12,0.06818181818181818,2200.7381818181816
C0181,Furniture,2024-08-18,5,0.05,Furniture 4,9881.83,7581.76,2300.07,25,Female,South,28,2,242,0,5,15946.84,0.09,3189.368
C0272,Beauty,2025-11-18,1,0.1,Beauty 2,288.89,205.44,83.45,25,Female,East,51,4,340,1,7,19295.25,0.09285714285714286,2756.464285714286
C0674,Electronics,2024-04-16,2,0.2,Electronics 3,1872.5,1606.44,266.06,50,Female,North,35,0,340,1,8,26619.81,0.1,3327.47625
C0570,Furniture,2025-03-17,7,0.05,Furniture 4,12344.81,7377.28,4967.53,67,Female,North,37,0,251,1,3,20603.4,0.06666666666666667,6867.8
C0497,Grocery,2024-11-13,3,0.1,Grocery 3,396.99,330.97,66.02,37,Female,West,37,0,3,0,5,9601.1,0.06000000000000001,1920.22
C0030,Clothing,2024-01-24,1,0.2,Clothing 4,437.04,315.45,121.59,41,Male,East,8,2,309,1,7,16535.11,0.0642857142857143,2362.1585714285716
C0450,Furniture,2025-11-20,3,0.0,Furniture 5,5657.19,3195.65,2461.54,67,Male,North,12,0,225,1,4,15560.59,0.025,3890.1475
C0448,Clothing,2025-05-27,4,0.2,Clothing 4,1495.92,1331.99,163.93,45,Male,West,17,0,173,1,3,9872.89,0.10000000000000002,3290.963333333333
C0255,Furniture,2024-06-15,7,0.0,Furniture 1,15244.14,12535.61,2708.53,25,Female,West,34,1,38,0,5,17583.96,0.02,3516.792
C0595,Grocery,2024-02-08,1,0.1,Grocery 2,147.15,91.99,55.16,59,Female,West,38,3,272,1,6,11292.99,0.09166666666666667,1882.165
C0743,Electronics,2025-05-08,1,0.2,Electronics 3,892.65,779.55,113.1,32,Female,East,34,3,184,1,4,11274.73,0.15000000000000002,2818.6825
C0207,Furniture,2025-02-01,7,0.2,Furniture 3,11803.57,10356.11,1447.46,68,Female,South,16,1,179,0,7,36856.619999999995,0.08571428571428573,5265.231428571428
C0264,Beauty,2024-02-06,2,0.05,Beauty 2,561.99,466.54,95.45,69,Female,West,13,1,291,1,7,19385.37,0.07142857142857142,2769.3385714285714
C0257,Grocery,2025-12-20,4,0.1,Grocery 1,539.16,320.54,218.62,23,Female,East,16,0,32,0,9,16867.92,0.09444444444444446,1874.2133333333331
C0667,Furniture,2025-06-08,7,0.0,Furniture 1,13996.33,8611.01,5385.32,62,Male,East,42,2,139,0,4,30547.3,0.07500000000000001,7636.825
C0062,Electronics,2024-12-03,5,0.05,Electronics 1,6233.94,5073.88,1160.06,37,Male,North,28,3,197,1,4,11632.83,0.08750000000000001,2908.2075
C0716,Clothing,2024-06-23,2,0.2,Clothing 5,749.55,651.98,97.57,44,Male,North,38,2,59,0,4,17335.36,0.2,4333.84
C0620,Clothing,2024-07-16,7,0.0,Clothing 2,3691.14,2307.91,1383.23,40,Female,West,21,0,328,1,7,17893.73,0.0642857142857143,2556.247142857143
C0386,Furniture,2024-11-25,1,0.0,Furniture 5,1802.27,1281.94,520.33,21,Male,West,17,0,243,1,4,5253.56,0.025,1313.39
C0466,Clothing,2024-02-11,3,0.1,Clothing 2,1384.72,836.62,548.1,26,Male,East,19,2,40,0,5,8530.95,0.12000000000000002,1706.19
C0715,Furniture,2024-09-25,1,0.1,Furniture 2,1854.96,1330.57,524.39,59,Female,North,30,0,364,1,4,16959.01,0.05,4239.7525
C0615,Clothing,2024-06-07,5,0.05,Clothing 3,2495.51,1933.73,561.78,51,Female,South,28,1,277,1,9,17085.88,0.1,1898.4311111111112
C0221,Furniture,2024-03-23,7,0.0,Furniture 5,15192.69,8454.64,6738.05,41,Male,West,24,0,344,1,5,20755.550000000003,0.05,4151.110000000001
C0040,Clothing,2024-04-01,6,0.0,Clothing 3,3152.3,2443.11,709.19,26,Male,East,22,1,229,1,4,27286.43,0.05,6821.6075
C0526,Grocery,2024-09-09,2,0.1,Grocery 1,282.54,218.66,63.88,66,Female,South,37,0,11,0,8,48302.36,0.05625,6037.795
C0116,Electronics,2024-10-06,4,0.05,Electronics 2,4335.45,3074.93,1260.52,19,Female,East,41,1,223,1,6,14200.949999999999,0.10000000000000002,2366.825
C0070,Furniture,2024-09-12,2,0.2,Furniture 5,3515.42,3035.18,480.24,59,Male,West,53,2,287,1,4,31046.55,0.125,7761.6375
C0785,Electronics,2025-05-18,4,0.05,Electronics 1,4531.19,2705.97,1825.22,48,Male,West,57,2,147,1,8,45318.29,0.1,5664.78625
C0379,Beauty,2025-01-16,3,0.05,Beauty 5,840.88,477.59,363.29,31,Male,West,3,2,348,1,8,12434.26,0.1,1554.2825
C0520,Beauty,2024-05-20,7,0.0,Beauty 5,2100.79,1520.01,580.78,36,Male,West,20,1,14,0,9,32652.83,0.07777777777777778,3628.0922222222225
C0173,Grocery,2025-12-10,7,0.1,Grocery 2,924.98,681.31,243.67,55,Male,South,24,4,176,1,3,5982.49,0.10000000000000002,1994.1633333333332
C0081,Beauty,2025-06-16,8,0.05,Beauty 3,2322.7,1494.29,828.41,40,Female,North,51,2,160,0,6,21641.68,0.10833333333333334,3606.9466666666667
C0050,Beauty,2024-12-09,2,0.2,Beauty 3,465.56,412.75,52.81,57,Female,North,50,1,311,1,6,9367.779999999999,0.075,1561.2966666666664
C0283,Electronics,2024-02-05,1,0.05,Electronics 4,1080.71,690.36,390.35,43,Female,West,48,1,101,1,5,23334.94,0.08,4666.987999999999
C0002,Furniture,2025-10-29,1,0.2,Furniture 4,1736.96,1119.57,617.39,52,Female,West,45,0,222,0,3,25728.25,0.06666666666666667,8576.083333333334
C0336,Clothing,2025-06-27,8,0.05,Clothing 1,4125.15,3439.74,685.41,68,Female,South,34,2,206,1,9,34270.3,0.11666666666666667,3807.8111111111116
C0259,Beauty,2024-12-02,9,0.05,Beauty 2,2563.07,2237.53,325.54,48,Male,East,10,0,114,0,5,36898.36,0.05,7379.6720000000005
C0421,Beauty,2024-04-28,2,0.05,Beauty 5,622.68,459.32,163.36,54,Female,East,49,1,26,0,5,11107.79,0.11000000000000001,2221.558
C0471,Beauty,2024-03-19,8,0.05,Beauty 2,2241.57,1247.81,993.76,59,Male,East,58,0,193,0,3,13762.439999999999,0.08333333333333333,4587.48
C0246,Grocery,2024-07-30,5,0.05,Grocery 2,696.45,469.69,226.76,57,Male,South,34,0,287,1,8,28256.02,0.037500000000000006,3532.0025
C0364,Electronics,2024-06-17,2,0.2,Electronics 4,2080.09,1307.08,773.01,24,Female,West,13,1,316,1,8,42545.5,0.11875000000000001,5318.1875
C0062,Electronics,2024-06-01,3,0.1,Electronics 1,3326.13,2424.27,901.86,37,Male,North,28,3,197,1,4,11632.83,0.08750000000000001,2908.2075
C0241,Electronics,2024-10-24,3,0.0,Electronics 1,3789.01,2989.15,799.86,48,Female,North,30,0,340,1,7,27081.78,0.09285714285714286,3868.825714285714
C0782,Beauty,2024-02-04,7,0.0,Beauty 4,2063.35,1418.25,645.1,24,Female,West,45,0,228,0,5,10456.4,0.12000000000000002,2091.2799999999997
C0792,Grocery,2024-08-25,2,0.0,Grocery 1,294.42,217.3,77.12,55,Male,East,40,1,362,1,7,22320.11,0.09999999999999999,3188.587142857143
C0388,Clothing,2025-09-27,2,0.1,Clothing 5,824.99,673.15,151.84,64,Female,North,1,0,189,1,3,3659.96,0.10000000000000002,1219.9866666666667
C0751,Grocery,2025-09-24,7,0.0,Grocery 2,1148.02,730.31,417.71,25,Female,West,14,1,296,1,3,6691.28,0.13333333333333333,2230.4266666666667
C0401,Electronics,2024-01-07,3,0.05,Electronics 1,3233.92,2000.47,1233.45,58,Male,North,27,0,51,0,9,32108.64,0.1111111111111111,3567.6266666666666
C0100,Grocery,2025-05-10,3,0.2,Grocery 4,359.59,299.17,60.42,61,Male,South,42,0,240,1,5,34117.05,0.05,6823.410000000001
C0694,Grocery,2025-12-24,8,0.0,Grocery 1,1107.51,623.48,484.03,22,Male,East,54,0,260,0,7,6780.91,0.042857142857142864,968.7014285714286
C0332,Furniture,2025-02-26,9,0.0,Furniture 2,18529.03,11167.61,7361.42,34,Female,West,55,2,206,1,4,37341.92,0.07500000000000001,9335.48
C0489,Electronics,2024-10-11,5,0.0,Electronics 2,5869.05,3253.36,2615.69,49,Female,North,12,1,28,0,12,31217.78,0.08750000000000001,2601.4816666666666
C0519,Beauty,2024-12-24,8,0.05,Beauty 3,2402.05,1788.05,614.0,48,Male,East,23,2,300,1,1,2402.05,0.05,2402.05
C0246,Electronics,2024-06-04,8,0.0,Electronics 3,9654.49,7337.7,2316.79,57,Male,South,34,0,287,1,8,28256.02,0.037500000000000006,3532.0025
C0586,Grocery,2024-10-17,6,0.1,Grocery 1,749.98,551.88,198.1,53,Female,South,45,0,329,1,8,29057.98,0.125,3632.2475
C0401,Clothing,2025-11-14,8,0.1,Clothing 2,3247.73,2257.15,990.58,58,Male,North,27,0,51,0,9,32108.64,0.1111111111111111,3567.6266666666666
C0293,Furniture,2025-03-22,1,0.0,Furniture 1,1884.98,1385.76,499.22,35,Male,East,26,2,191,1,5,11418.38,0.1,2283.676
C0238,Furniture,2024-11-10,1,0.1,Furniture 1,1880.76,1162.08,718.68,34,Male,North,9,1,117,0,9,26140.66,0.08888888888888889,2904.5177777777776
C0597,Electronics,2024-03-31,8,0.05,Electronics 4,9719.21,8156.21,1563.0,58,Female,West,21,1,76,1,8,38507.88,0.05625,4813.485
C0199,Grocery,2025-10-23,2,0.0,Grocery 3,290.48,259.48,31.0,68,Female,East,23,0,158,0,6,11144.96,0.05833333333333333,1857.493333333333
C0099,Grocery,2024-04-28,7,0.05,Grocery 1,1004.67,742.67,262.0,25,Female,West,55,0,118,0,11,40467.1,0.05909090909090909,3678.8272727272724
C0705,Grocery,2025-06-10,4,0.1,Grocery 2,511.92,348.63,163.29,47,Male,North,18,0,323,1,4,9176.47,0.125,2294.1175
C0265,Electronics,2024-08-09,8,0.0,Electronics 4,10330.45,8544.56,1785.89,48,Male,South,32,0,258,1,7,18455.260000000002,0.08571428571428573,2636.4657142857145
C0512,Electronics,2024-07-22,6,0.2,Electronics 2,6295.92,3888.2,2407.72,61,Female,West,28,0,8,0,11,37494.68,0.10909090909090911,3408.6072727272726
C0573,Grocery,2024-05-04,1,0.2,Grocery 3,126.07,83.49,42.58,20,Male,West,58,2,301,1,8,19877.23,0.125,2484.65375
C0670,Clothing,2024-09-30,4,0.0,Clothing 4,1835.55,1613.44,222.11,67,Female,South,25,0,361,0,9,60218.12,0.10555555555555557,6690.902222222223
C0500,Grocery,2025-05-09,7,0.0,Grocery 4,1036.79,637.84,398.95,23,Female,West,30,1,115,1,9,22976.55,0.061111111111111116,2552.95
C0566,Electronics,2024-10-31,9,0.05,Electronics 4,11266.52,6638.69,4627.83,29,Male,South,15,0,171,0,5,20109.56,0.11000000000000001,4021.9120000000003
C0669,Furniture,2024-01-19,8,0.2,Furniture 2,12107.23,8974.17,3133.06,24,Male,West,5,0,185,1,3,18057.15,0.06666666666666667,6019.05
C0754,Electronics,2024-07-11,9,0.0,Electronics 3,11168.22,8438.66,2729.56,46,Male,South,5,1,6,0,2,14232.07,0.1,7116.035
C0037,Furniture,2024-04-26,9,0.05,Furniture 5,18599.89,14117.36,4482.53,61,Male,East,40,2,40,0,7,39181.15,0.05,5597.307142857143
C0594,Beauty,2024-10-20,9,0.1,Beauty 5,2562.78,1557.06,1005.72,34,Male,East,46,1,112,0,6,39135.35,0.075,6522.558333333333
C0139,Clothing,2025-10-20,6,0.0,Clothing 1,3065.32,2459.61,605.71,40,Female,North,30,2,16,0,8,11108.94,0.1,1388.6175
C0713,Electronics,2025-12-03,4,0.0,Electronics 5,4806.44,3051.12,1755.32,57,Male,North,55,0,175,0,6,14738.73,0.075,2456.455
C0038,Electronics,2025-12-29,5,0.0,Electronics 5,6514.58,5744.79,769.79,32,Male,North,50,0,358,1,6,25765.35,0.06666666666666667,4294.224999999999
C0197,Clothing,2024-03-23,8,0.0,Clothing 5,3915.79,2466.11,1449.68,24,Male,North,43,2,33,0,5,26289.66,0.04,5257.932
C0153,Electronics,2024-12-21,4,0.1,Electronics 2,4666.7,2594.96,2071.74,33,Male,South,12,0,69,0,5,25843.85,0.11000000000000001,5168.7699999999995
C0482,Beauty,2024-02-03,8,0.2,Beauty 3,1893.52,1417.77,475.75,31,Male,South,34,1,66,0,4,10303.32,0.07500000000000001,2575.83
C0003,Beauty,2024-12-27,7,0.05,Beauty 1,2097.36,1302.45,794.91,40,Female,South,33,1,10,0,5,8771.34,0.11000000000000001,1754.268
C0013,Beauty,2025-02-24,2,0.05,Beauty 1,617.39,475.39,142.0,57,Male,East,36,1,203,1,3,6884.2300000000005,0.016666666666666666,2294.7433333333333
C0403,Beauty,2025-07-18,9,0.0,Beauty 3,2727.35,1718.84,1008.51,68,Female,South,4,1,255,1,5,8037.49,0.05,1607.498
C0777,Grocery,2024-09-02,8,0.2,Grocery 2,923.5,646.29,277.21,24,Female,North,18,0,272,1,6,22398.02,0.125,3733.0033333333336
C0422,Clothing,2024-01-27,6,0.2,Clothing 2,2184.47,1338.71,845.76,57,Female,East,8,0,193,0,7,36287.56,0.15714285714285717,5183.937142857142
C0356,Grocery,2024-11-27,2,0.1,Grocery 2,286.7,200.71,85.99,25,Male,East,53,0,145,0,6,16028.41,0.10833333333333334,2671.4016666666666
C0526,Clothing,2024-11-07,3,0.05,Clothing 3,1459.77,872.62,587.15,66,Female,South,37,0,11,0,8,48302.36,0.05625,6037.795
C0441,Beauty,2025-03-31,8,0.0,Beauty 1,2286.26,1527.89,758.37,33,Female,West,42,1,240,1,7,11972.32,0.09285714285714286,1710.3314285714284
C0307,Grocery,2024-03-13,1,0.2,Grocery 5,129.06,79.97,49.09,46,Female,North,18,2,38,0,8,20996.61,0.125,2624.57625
C0470,Clothing,2025-03-23,5,0.0,Clothing 4,2710.15,2264.7,445.45,56,Male,North,17,1,129,0,2,3185.6800000000003,0.1,1592.8400000000001
C0002,Furniture,2024-10-19,6,0.0,Furniture 4,12929.2,10411.55,2517.65,52,Female,West,45,0,222,0,3,25728.25,0.06666666666666667,8576.083333333334
C0195,Clothing,2025-06-23,3,0.1,Clothing 5,1377.41,838.0,539.41,22,Female,North,10,0,154,0,5,8704.460000000001,0.09,1740.8920000000003
C0539,Clothing,2025-12-19,8,0.0,Clothing 4,4381.27,2536.83,1844.44,19,Male,South,10,1,289,0,4,7078.430000000001,0.07500000000000001,1769.6075000000003
C0273,Clothing,2024-06-15,5,0.0,Clothing 2,2687.4,1502.29,1185.11,67,Female,West,12,2,148,1,6,20487.23,0.10000000000000002,3414.5383333333334
C0043,Electronics,2025-07-04,1,0.1,Electronics 5,994.52,625.89,368.63,36,Male,East,13,2,256,1,6,7538.53,0.041666666666666664,1256.4216666666666
C0099,Electronics,2024-04-03,3,0.0,Electronics 3,3946.4,2833.76,1112.64,25,Female,West,55,0,118,0,11,40467.1,0.05909090909090909,3678.8272727272724
C0692,Grocery,2025-12-20,4,0.05,Grocery 3,575.56,397.11,178.45,66,Male,North,43,0,222,0,5,6455.82,0.09,1291.164
C0263,Beauty,2024-12-17,3,0.1,Beauty 3,878.05,781.49,96.56,66,Female,South,30,0,158,0,4,8224.86,0.07500000000000001,2056.215
C0018,Clothing,2025-06-28,9,0.0,Clothing 1,4734.31,3916.63,817.68,61,Female,North,18,2,208,1,10,33457.18,0.065,3345.718
C0583,Furniture,2025-07-21,4,0.2,Furniture 5,6588.89,3804.2,2784.69,20,Female,East,49,1,257,1,9,64267.66,0.08333333333333333,7140.851111111111
C0424,Clothing,2025-03-19,5,0.0,Clothing 5,2413.34,1461.58,951.76,39,Male,North,37,1,161,0,3,3518.46,0.06666666666666667,1172.82
C0361,Clothing,2024-10-07,5,0.1,Clothing 4,2037.16,1139.4,897.76,64,Male,West,26,0,325,0,8,21297.59,0.07500000000000001,2662.19875
C0715,Electronics,2025-07-04,2,0.0,Electronics 2,2292.83,1371.98,920.85,59,Female,North,30,0,364,1,4,16959.01,0.05,4239.7525
C0250,Grocery,2024-12-13,6,0.1,Grocery 5,840.1,617.72,222.38,27,Female,North,52,3,177,0,3,2767.86,0.10000000000000002,922.62
C0457,Furniture,2025-04-26,4,0.2,Furniture 1,6864.79,3960.01,2904.78,50,Female,East,47,0,21,0,5,12170.46,0.11000000000000001,2434.0919999999996
C0595,Clothing,2025-03-23,1,0.2,Clothing 2,360.19,205.65,154.54,59,Female,West,38,3,272,1,6,11292.99,0.09166666666666667,1882.165
C0486,Grocery,2024-12-04,4,0.05,Grocery 1,536.71,317.39,219.32,35,Female,East,56,2,164,0,5,11655.76,0.12000000000000002,2331.152
C0166,Grocery,2024-03-26,6,0.0,Grocery 2,931.15,730.3,200.85,34,Female,East,48,0,252,1,6,20821.87,0.041666666666666664,3470.3116666666665
C0545,Clothing,2024-08-01,2,0.2,Clothing 2,765.38,426.14,339.24,20,Female,South,7,1,3,1,8,20033.53,0.07500000000000001,2504.19125
C0594,Furniture,2025-11-15,8,0.1,Furniture 4,13368.1,11889.18,1478.92,34,Male,East,46,1,112,0,6,39135.35,0.075,6522.558333333333
C0097,Grocery,2025-01-14,6,0.0,Grocery 2,824.75,563.53,261.22,53,Male,North,53,0,130,0,5,12034.1,0.07,2406.82
C0132,Electronics,2025-04-09,3,0.0,Electronics 5,3699.27,2470.39,1228.88,22,Male,East,55,1,32,0,4,7259.38,0.0875,1814.845
C0539,Grocery,2024-07-07,6,0.05,Grocery 2,871.22,623.95,247.27,19,Male,South,10,1,289,0,4,7078.430000000001,0.07500000000000001,1769.6075000000003
C0095,Clothing,2025-05-30,3,0.1,Clothing 3,1446.83,1058.0,388.83,32,Female,East,13,2,104,1,5,14480.93,0.1,2896.186
C0704,Furniture,2024-12-21,6,0.05,Furniture 3,10977.83,7651.6,3326.23,24,Female,West,42,2,197,0,5,20199.35,0.09,4039.87
C0087,Clothing,2024-06-08,2,0.2,Clothing 5,741.87,534.31,207.56,34,Male,South,4,0,37,0,9,15399.86,0.1111111111111111,1711.0955555555556
C0779,Beauty,2024-04-16,6,0.1,Beauty 4,1716.93,1148.47,568.46,62,Female,East,11,0,27,0,5,20705.03,0.06000000000000001,4141.005999999999
C0537,Furniture,2024-10-15,1,0.2,Furniture 5,1756.22,1163.85,592.37,24,Male,North,43,2,8,0,7,15154.029999999999,0.1285714285714286,2164.8614285714284
C0354,Electronics,2025-02-16,1,0.2,Electronics 5,933.19,522.18,411.01,68,Male,West,59,0,120,0,7,34790.13,0.09285714285714286,4970.018571428571
C0214,Grocery,2024-07-23,3,0.05,Grocery 1,458.74,360.17,98.57,56,Female,West,7,1,349,1,10,42563.03,0.075,4256.303
C0275,Beauty,2024-06-28,2,0.2,Beauty 1,505.2,387.01,118.19,43,Male,North,36,2,309,1,9,26887.16,0.13333333333333336,2987.4622222222224
C0598,Clothing,2024-07-15,5,0.05,Clothing 3,2570.5,2015.5,555.0,50,Male,East,26,0,225,1,5,14698.26,0.09000000000000001,2939.652
C0602,Furniture,2024-08-02,2,0.0,Furniture 1,3939.5,3464.28,475.22,56,Male,North,55,0,362,1,9,26142.41,0.05555555555555555,2904.7122222222224
C0166,Furniture,2025-06-23,3,0.05,Furniture 3,5245.48,3753.56,1491.92,34,Female,East,48,0,252,1,6,20821.87,0.041666666666666664,3470.3116666666665
C0434,Furniture,2024-12-30,1,0.05,Furniture 3,1754.98,1506.86,248.12,40,Female,West,23,2,135,0,6,10327.23,0.10833333333333334,1721.205
C0794,Electronics,2024-12-08,8,0.2,Electronics 2,8084.27,5702.48,2381.79,40,Female,South,44,2,42,0,5,39552.6,0.09,7910.5199999999995
C0205,Clothing,2024-04-28,7,0.2,Clothing 1,3003.47,2153.98,849.49,31,Female,North,45,0,211,0,4,21112.949999999997,0.1,5278.237499999999
C0554,Clothing,2025-02-01,2,0.0,Clothing 5,991.4,764.9,226.5,69,Male,East,17,2,142,1,6,29599.15,0.05833333333333334,4933.191666666667
C0137,Clothing,2025-12-03,2,0.0,Clothing 2,911.91,570.46,341.45,19,Male,North,30,0,206,1,3,5706.05,0.05000000000000001,1902.0166666666667
C0667,Beauty,2025-06-28,8,0.1,Beauty 5,1972.82,1235.13,737.69,62,Male,East,42,2,139,0,4,30547.3,0.07500000000000001,7636.825
C0136,Electronics,2024-11-22,7,0.1,Electronics 4,7709.08,5615.61,2093.47,49,Male,East,20,0,100,0,5,21026.57,0.1,4205.314
C0238,Grocery,2024-08-12,8,0.1,Grocery 4,1170.42,671.84,498.58,34,Male,North,9,1,117,0,9,26140.66,0.08888888888888889,2904.5177777777776
C0367,Beauty,2024-09-14,2,0.05,Beauty 4,558.55,353.47,205.08,34,Male,South,59,1,60,0,4,22130.24,0.125,5532.56
C0296,Beauty,2024-01-20,4,0.2,Beauty 2,988.92,818.52,170.4,62,Female,East,8,2,294,0,5,7329.12,0.07,1465.824
C0136,Furniture,2024-01-22,2,0.05,Furniture 2,3831.93,2729.51,1102.42,49,Male,East,20,0,100,0,5,21026.57,0.1,4205.314
C0512,Beauty,2025-07-20,4,0.05,Beauty 5,1228.86,687.32,541.54,61,Female,West,28,0,8,0,11,37494.68,0.10909090909090911,3408.6072727272726
C0015,Grocery,2025-09-07,2,0.05,Grocery 4,303.95,173.63,130.32,58,Female,North,29,1,35,1,6,13034.72,0.06666666666666667,2172.4533333333334
C0786,Furniture,2025-12-08,1,0.2,Furniture 2,1503.79,1311.05,192.74,19,Female,West,46,2,215,0,6,29511.649999999998,0.10833333333333334,4918.608333333333
C0041,Grocery,2025-04-01,5,0.05,Grocery 4,737.8,652.84,84.96,57,Female,North,1,1,129,0,7,14342.48,0.10714285714285714,2048.925714285714
C0267,Electronics,2025-11-09,9,0.1,Electronics 2,10395.55,8050.17,2345.38,36,Female,West,57,0,292,1,6,30778.89,0.125,5129.815
C0743,Electronics,2024-10-30,6,0.2,Electronics 5,6255.65,3845.54,2410.11,32,Female,East,34,3,184,1,4,11274.73,0.15000000000000002,2818.6825
C0124,Beauty,2024-07-04,7,0.0,Beauty 3,2137.77,1451.18,686.59,62,Male,East,4,0,151,0,9,33364.44,0.061111111111111116,3707.1600000000003
C0058,Electronics,2024-06-28,8,0.1,Electronics 2,8079.97,5307.84,2772.13,56,Female,West,29,0,28,0,6,25699.71,0.13333333333333333,4283.285
C0595,Clothing,2024-06-21,9,0.1,Clothing 4,4097.17,3379.37,717.8,59,Female,West,38,3,272,1,6,11292.99,0.09166666666666667,1882.165
C0058,Furniture,2025-06-27,2,0.2,Furniture 4,3306.12,2439.86,866.26,56,Female,West,29,0,28,0,6,25699.71,0.13333333333333333,4283.285
C0719,Grocery,2024-01-08,3,0.0,Grocery 2,429.52,353.44,76.08,49,Male,West,52,0,311,1,4,4455.63,0.037500000000000006,1113.9075
C0360,Grocery,2025-11-21,6,0.1,Grocery 4,886.63,599.52,287.11,61,Female,West,8,1,1,0,7,12345.460000000001,0.07857142857142858,1763.637142857143
C0695,Beauty,2025-07-19,8,0.2,Beauty 2,1816.06,1551.51,264.55,31,Male,West,45,0,216,1,9,50669.99,0.1111111111111111,5629.998888888888
C0196,Furniture,2024-10-04,7,0.05,Furniture 2,14394.2,10078.92,4315.28,35,Female,West,30,3,14,0,6,24081.08,0.075,4013.513333333334
C0112,Beauty,2025-05-27,7,0.1,Beauty 5,1861.72,1295.91,565.81,46,Male,West,57,0,108,0,2,8708.73,0.15000000000000002,4354.365
C0770,Furniture,2024-04-08,3,0.05,Furniture 4,5130.63,3700.13,1430.5,51,Male,North,38,3,218,1,7,43289.14,0.0642857142857143,6184.162857142857
C0609,Beauty,2024-11-10,4,0.1,Beauty 1,1089.35,824.78,264.57,62,Male,North,48,3,48,1,2,10294.51,0.05,5147.255
C0728,Furniture,2024-03-20,1,0.05,Furniture 4,1948.75,1681.65,267.1,43,Male,North,30,1,103,0,5,8863.89,0.05,1772.7779999999998
C0255,Grocery,2024-03-22,3,0.0,Grocery 2,483.24,343.2,140.04,25,Female,West,34,1,38,0,5,17583.96,0.02,3516.792
C0323,Beauty,2024-01-05,2,0.2,Beauty 2,483.89,423.67,60.22,65,Male,South,23,0,43,0,3,1381.23,0.06666666666666667,460.41
C0461,Beauty,2025-08-03,9,0.0,Beauty 3,2480.83,1706.27,774.56,25,Female,East,55,1,314,1,3,4996.45,0.05000000000000001,1665.4833333333333
C0358,Electronics,2025-06-27,1,0.0,Electronics 3,1302.44,864.3,438.14,22,Male,East,22,0,136,0,5,22788.23,0.11000000000000001,4557.646
C0194,Beauty,2025-10-13,4,0.2,Beauty 5,972.55,635.33,337.22,67,Female,South,19,0,50,0,8,26820.29,0.125,3352.53625
C0300,Furniture,2025-12-17,8,0.2,Furniture 3,12215.12,6808.75,5406.37,36,Male,East,52,0,69,0,5,30862.08,0.08,6172.416
C0487,Beauty,2025-12-05,9,0.1,Beauty 2,2623.85,2222.93,400.92,45,Male,East,4,1,91,0,3,5193.46,0.10000000000000002,1731.1533333333334
C0030,Furniture,2025-12-25,4,0.1,Furniture 4,6654.12,3844.3,2809.82,41,Male,East,8,2,309,1,7,16535.11,0.0642857142857143,2362.1585714285716
C0268,Beauty,2024-01-12,5,0.05,Beauty 3,1310.28,873.98,436.3,49,Male,North,5,0,201,0,2,2205.77,0.125,1102.885
C0234,Clothing,2025-07-26,5,0.1,Clothing 1,2265.75,1444.78,820.97,43,Male,South,5,2,75,0,5,7670.210000000001,0.09,1534.0420000000001
C0056,Electronics,2025-06-11,8,0.1,Electronics 4,8855.8,7178.09,1677.71,46,Male,West,50,2,298,1,5,16616.16,0.05,3323.232
C0098,Electronics,2024-04-28,7,0.1,Electronics 3,7576.57,6640.15,936.42,51,Male,South,2,1,262,1,4,19779.879999999997,0.1,4944.969999999999
C0396,Clothing,2024-04-09,5,0.1,Clothing 3,2443.05,2042.02,401.03,20,Female,East,52,2,191,1,4,19140.54,0.15000000000000002,4785.135
C0081,Clothing,2025-12-14,4,0.1,Clothing 1,1714.62,1135.08,579.54,40,Female,North,51,2,160,0,6,21641.68,0.10833333333333334,3606.9466666666667
C0275,Grocery,2025-10-06,4,0.2,Grocery 3,527.06,373.96,153.1,43,Male,North,36,2,309,1,9,26887.16,0.13333333333333336,2987.4622222222224
C0448,Electronics,2024-08-27,6,0.1,Electronics 4,5857.08,3727.81,2129.27,45,Male,West,17,0,173,1,3,9872.89,0.10000000000000002,3290.963333333333
C0699,Electronics,2024-02-24,8,0.05,Electronics 4,8424.21,7357.65,1066.56,22,Female,West,17,1,111,0,8,23589.2,0.08750000000000001,2948.65
C0079,Grocery,2024-08-31,1,0.1,Grocery 4,126.51,74.84,51.67,52,Female,East,8,0,176,0,3,1803.49,0.10000000000000002,601.1633333333333
C0347,Furniture,2024-01-04,7,0.0,Furniture 5,12822.81,11324.9,1497.91,66,Female,West,48,0,218,0,9,45544.9,0.07222222222222223,5060.544444444445
C0082,Electronics,2025-05-16,5,0.0,Electronics 3,5925.86,4946.79,979.07,26,Male,North,11,1,87,0,5,22238.11,0.05,4447.622
C0342,Grocery,2024-10-04,2,0.2,Grocery 3,257.54,205.79,51.75,50,Female,West,31,0,65,0,7,5817.150000000001,0.07142857142857142,831.0214285714286
C0384,Furniture,2024-02-05,1,0.1,Furniture 3,1915.47,1572.41,343.06,19,Male,East,54,1,176,1,3,12605.429999999998,0.13333333333333333,4201.8099999999995
C0639,Furniture,2025-12-16,4,0.0,Furniture 2,8391.61,5612.07,2779.54,67,Female,West,12,0,102,0,7,45632.44,0.09999999999999999,6518.92
C0353,Electronics,2025-08-25,3,0.05,Electronics 2,3083.07,2014.97,1068.1,40,Female,South,39,1,253,1,3,13476.07,0.06666666666666667,4492.0233333333335
C0748,Furniture,2025-10-22,1,0.2,Furniture 4,1717.03,1173.59,543.44,34,Male,North,59,0,107,0,3,11367.95,0.06666666666666667,3789.316666666667
C0110,Electronics,2025-12-29,3,0.1,Electronics 2,3172.93,1946.8,1226.13,32,Female,South,12,2,322,1,7,18509.28,0.10714285714285714,2644.182857142857
C0042,Clothing,2024-01-11,8,0.2,Clothing 4,3348.25,2716.19,632.06,54,Female,South,1,2,64,0,5,7061.599999999999,0.08,1412.32
C0003,Clothing,2025-07-19,7,0.1,Clothing 4,3292.96,2358.63,934.33,40,Female,South,33,1,10,0,5,8771.34,0.11000000000000001,1754.268
C0285,Beauty,2025-07-28,2,0.0,Beauty 5,561.3,482.74,78.56,66,Female,North,29,1,10,0,7,18497.78,0.09285714285714286,2642.54
C0154,Electronics,2025-07-24,7,0.0,Electronics 1,8425.86,7224.61,1201.25,40,Female,East,58,2,357,1,2,16252.580000000002,0.0,8126.290000000001
C0073,Furniture,2024-07-12,5,0.0,Furniture 2,10852.36,6560.78,4291.58,24,Male,West,13,0,247,1,4,17090.31,0.037500000000000006,4272.5775
C0188,Beauty,2024-10-11,7,0.1,Beauty 4,1800.43,1128.12,672.31,30,Male,South,58,2,59,0,6,12464.88,0.10833333333333334,2077.48
C0779,Beauty,2025-11-09,3,0.2,Beauty 3,750.96,520.96,230.0,62,Female,East,11,0,27,0,5,20705.03,0.06000000000000001,4141.005999999999
C0640,Clothing,2024-02-18,1,0.05,Clothing 4,518.51,306.74,211.77,52,Female,North,24,0,189,0,7,28070.89,0.07857142857142858,4010.1271428571426
C0014,Electronics,2025-04-12,3,0.1,Electronics 4,3149.69,2492.36,657.33,55,Female,North,22,0,211,0,5,39154.17,0.07,7830.834
C0732,Clothing,2025-08-01,9,0.1,Clothing 5,3958.98,3199.48,759.5,65,Female,South,45,1,342,1,8,13503.85,0.0625,1687.98125
C0164,Furniture,2025-08-05,6,0.1,Furniture 2,10697.54,8584.48,2113.06,39,Female,East,26,1,64,0,7,29374.199999999997,0.0642857142857143,4196.314285714286
C0324,Electronics,2025-03-11,1,0.1,Electronics 2,1146.75,819.44,327.31,68,Female,South,47,1,326,1,5,10439.68,0.11000000000000001,2087.936
C0262,Furniture,2025-07-13,9,0.05,Furniture 3,16892.35,14276.16,2616.19,33,Male,West,9,0,355,1,5,40919.9,0.04,8183.9800000000005
C0324,Clothing,2025-10-25,8,0.1,Clothing 3,3590.1,2735.82,854.28,68,Female,South,47,1,326,1,5,10439.68,0.11000000000000001,2087.936
C0608,Furniture,2025-07-13,5,0.05,Furniture 5,8972.4,8055.1,917.3,68,Male,North,38,1,135,1,8,44574.15,0.06875,5571.76875
C0569,Furniture,2024-03-25,7,0.1,Furniture 1,13830.63,11554.15,2276.48,47,Female,West,38,1,202,1,7,41412.94,0.12142857142857144,5916.134285714286
C0475,Grocery,2024-06-27,2,0.2,Grocery 2,258.83,207.79,51.04,58,Female,South,31,0,320,1,5,6342.639999999999,0.15,1268.5279999999998
C0501,Furniture,2024-08-10,6,0.0,Furniture 5,12240.61,7260.59,4980.02,51,Male,East,48,1,97,0,5,39205.880000000005,0.09,7841.176000000001
C0582,Beauty,2024-09-07,9,0.1,Beauty 4,2653.83,2232.96,420.87,23,Male,East,48,1,124,0,5,6254.299999999999,0.08,1250.86
C0147,Clothing,2024-09-20,4,0.0,Clothing 4,2074.8,1363.04,711.76,30,Male,South,35,1,174,0,7,22123.09,0.07857142857142858,3160.441428571429
C0316,Grocery,2024-06-09,1,0.05,Grocery 2,155.58,108.38,47.2,55,Female,South,26,3,322,1,7,36075.950000000004,0.1142857142857143,5153.7071428571435
C0086,Furniture,2025-05-13,7,0.1,Furniture 4,11747.07,8363.52,3383.55,23,Male,South,15,0,134,0,4,33212.73,0.0625,8303.1825
C0563,Beauty,2024-03-21,7,0.05,Beauty 2,1885.46,1255.64,629.82,27,Male,West,4,0,163,0,9,27501.960000000003,0.03888888888888889,3055.7733333333335
C0350,Grocery,2025-07-29,7,0.0,Grocery 4,1130.89,664.91,465.98,45,Male,West,15,0,251,1,7,12059.78,0.04285714285714286,1722.8257142857144
C0509,Clothing,2025-04-25,6,0.05,Clothing 1,2804.33,1738.06,1066.27,30,Female,South,21,5,320,1,2,3838.92,0.05,1919.46
C0451,Beauty,2025-12-02,2,0.0,Beauty 2,584.54,485.88,98.66,66,Male,South,24,2,85,0,2,1566.75,0.05,783.375
C0218,Beauty,2024-01-05,2,0.1,Beauty 4,567.47,441.66,125.81,41,Male,North,39,4,49,0,10,22757.11,0.1,2275.7110000000002
C0110,Grocery,2024-08-03,8,0.0,Grocery 4,1231.28,1083.52,147.76,32,Female,South,12,2,322,1,7,18509.28,0.10714285714285714,2644.182857142857
C0778,Electronics,2025-10-17,8,0.05,Electronics 5,8835.59,7398.69,1436.9,32,Male,West,13,1,57,1,9,37075.880000000005,0.1277777777777778,4119.542222222222
C0234,Clothing,2024-12-26,1,0.05,Clothing 5,465.3,321.42,143.88,43,Male,South,5,2,75,0,5,7670.210000000001,0.09,1534.0420000000001
C0087,Grocery,2025-02-13,6,0.2,Grocery 1,706.81,583.24,123.57,34,Male,South,4,0,37,0,9,15399.86,0.1111111111111111,1711.0955555555556
C0244,Furniture,2024-01-22,5,0.2,Furniture 1,7402.13,5564.55,1837.58,50,Female,East,27,2,194,1,1,7402.13,0.2,7402.13
C0721,Furniture,2025-07-10,4,0.0,Furniture 2,7567.29,4920.29,2647.0,66,Female,North,59,0,315,0,4,17280.78,0.1,4320.195
C0209,Beauty,2024-07-03,6,0.0,Beauty 5,1813.51,1616.35,197.16,58,Female,West,49,0,178,0,6,21187.34,0.15,3531.2233333333334
C0789,Electronics,2025-12-04,9,0.1,Electronics 3,10267.87,8984.1,1283.77,18,Male,West,50,0,334,1,5,17408.28,0.1,3481.656
C0368,Grocery,2024-09-30,8,0.05,Grocery 5,1121.54,660.89,460.65,19,Female,West,29,1,133,1,7,25568.27,0.1285714285714286,3652.61
C0689,Furniture,2024-05-17,2,0.1,Furniture 1,3516.01,2966.8,549.21,58,Female,South,28,3,257,1,4,9021.35,0.1,2255.3375
C0522,Beauty,2025-03-09,5,0.2,Beauty 5,1236.12,713.48,522.64,27,Female,East,8,2,296,1,8,34039.2,0.13125,4254.9
C0035,Electronics,2024-12-14,9,0.0,Electronics 1,10059.67,8803.08,1256.59,21,Female,East,34,3,23,0,7,25360.25,0.09285714285714286,3622.8928571428573
C0407,Beauty,2024-12-09,3,0.2,Beauty 5,702.83,540.1,162.73,25,Female,North,19,3,11,0,7,21922.17,0.08571428571428572,3131.738571428571
C0333,Electronics,2025-11-24,8,0.0,Electronics 5,9039.62,5498.84,3540.78,61,Female,West,13,2,205,0,5,27158.33,0.02,5431.666
C0161,Electronics,2024-09-23,5,0.0,Electronics 2,6181.98,5168.39,1013.59,52,Male,South,22,1,350,1,7,20976.74,0.05,2996.6771428571433
C0439,Beauty,2024-10-17,5,0.1,Beauty 2,1245.34,909.75,335.59,38,Male,South,58,0,37,0,8,14837.23,0.09375,1854.65375
C0082,Furniture,2025-03-31,3,0.2,Furniture 3,4749.91,2711.45,2038.46,26,Male,North,11,1,87,0,5,22238.11,0.05,4447.622
C0558,Beauty,2024-05-04,9,0.1,Beauty 4,2476.74,2054.33,422.41,59,Male,West,31,2,289,1,4,8429.43,0.1125,2107.3575
C0657,Furniture,2025-08-27,5,0.0,Furniture 1,10667.35,8810.36,1856.99,50,Male,East,9,1,198,1,8,27158.62,0.043750000000000004,3394.8275
C0074,Furniture,2024-06-16,6,0.0,Furniture 2,12538.92,9011.98,3526.94,53,Female,East,7,0,170,1,4,39514.93,0.05,9878.7325
C0383,Grocery,2024-06-25,5,0.2,Grocery 4,653.14,526.36,126.78,30,Male,West,50,1,316,1,6,14407.539999999999,0.075,2401.2566666666667
C0524,Grocery,2024-01-08,1,0.1,Grocery 5,139.86,78.89,60.97,34,Female,East,25,1,233,0,6,18907.57,0.1416666666666667,3151.2616666666668
C0049,Grocery,2024-09-07,8,0.0,Grocery 1,1163.81,769.67,394.14,58,Female,West,11,0,54,0,2,3485.56,0.0,1742.78
C0311,Clothing,2025-03-01,3,0.1,Clothing 5,1277.57,1003.69,273.88,52,Male,West,2,1,245,1,4,14388.99,0.08750000000000001,3597.2475
C0206,Beauty,2025-05-29,3,0.05,Beauty 5,779.18,491.44,287.74,57,Female,North,32,1,199,0,3,9150.259999999998,0.03333333333333333,3050.086666666666
C0031,Clothing,2025-10-17,8,0.0,Clothing 5,3822.07,2704.66,1117.41,29,Male,West,31,3,152,1,5,25199.07,0.06999999999999999,5039.814
C0643,Furniture,2025-07-21,2,0.0,Furniture 2,3709.48,3250.18,459.3,43,Male,North,32,1,258,0,6,33046.79,0.075,5507.798333333333
C0355,Furniture,2024-08-22,7,0.2,Furniture 4,10907.06,9154.98,1752.08,69,Female,South,52,0,236,0,4,24220.870000000003,0.1,6055.217500000001
C0601,Grocery,2025-08-25,5,0.1,Grocery 1,702.35,523.46,178.89,58,Male,North,40,0,215,0,6,10347.54,0.09166666666666667,1724.5900000000001
C0469,Furniture,2024-05-22,8,0.0,Furniture 1,16614.51,12491.63,4122.88,66,Male,South,13,1,57,0,3,24188.32,0.08333333333333333,8062.7733333333335
C0700,Electronics,2024-06-01,1,0.0,Electronics 1,1156.36,994.99,161.37,45,Female,South,22,0,125,1,7,22232.55,0.07857142857142858,3176.078571428571
C0797,Clothing,2024-09-18,7,0.05,Clothing 3,3330.69,2837.98,492.71,41,Female,South,48,0,284,1,11,29578.27,0.08181818181818182,2688.933636363636
C0481,Grocery,2025-01-28,3,0.05,Grocery 4,403.28,234.27,169.01,61,Female,North,14,2,205,1,5,29276.61,0.1,5855.322
C0281,Clothing,2024-05-28,8,0.05,Clothing 1,3802.26,2710.83,1091.43,43,Female,South,6,1,344,1,5,8565.73,0.030000000000000006,1713.146
C0338,Beauty,2025-10-19,4,0.1,Beauty 1,1082.18,667.49,414.69,28,Female,West,30,0,64,0,4,23214.84,0.05,5803.71
C0660,Beauty,2024-07-16,1,0.0,Beauty 2,288.08,166.83,121.25,27,Female,North,15,1,193,1,8,38404.75,0.11875000000000001,4800.59375
C0341,Furniture,2024-10-13,5,0.0,Furniture 1,9518.94,6209.57,3309.37,33,Male,South,6,2,116,0,7,30460.81,0.07857142857142858,4351.544285714286
C0415,Clothing,2025-03-17,1,0.1,Clothing 5,493.16,376.64,116.52,53,Male,South,6,2,41,1,9,29342.34,0.07777777777777778,3260.26
C0155,Electronics,2024-11-09,3,0.2,Electronics 1,2901.38,2402.43,498.95,52,Female,South,7,2,278,1,6,9692.74,0.11666666666666668,1615.4566666666667
C0792,Furniture,2024-10-21,7,0.0,Furniture 2,14173.81,12322.24,1851.57,55,Male,East,40,1,362,1,7,22320.11,0.09999999999999999,3188.587142857143
C0520,Beauty,2025-12-19,6,0.05,Beauty 2,1541.67,1076.14,465.53,36,Male,West,20,1,14,0,9,32652.83,0.07777777777777778,3628.0922222222225
C0264,Grocery,2024-11-14,7,0.1,Grocery 2,884.87,617.47,267.4,69,Female,West,13,1,291,1,7,19385.37,0.07142857142857142,2769.3385714285714
C0468,Beauty,2024-03-23,8,0.0,Beauty 5,2331.18,1407.19,923.99,27,Female,South,51,0,126,0,3,7873.13,0.10000000000000002,2624.3766666666666
C0320,Beauty,2025-06-17,5,0.2,Beauty 2,1311.84,810.97,500.87,34,Male,South,37,0,325,1,3,3999.27,0.16666666666666666,1333.09
C0123,Grocery,2025-05-30,5,0.0,Grocery 3,701.29,410.87,290.42,42,Male,East,24,0,202,0,4,7867.7,0.15000000000000002,1966.925
C0699,Clothing,2024-06-08,1,0.1,Clothing 3,432.3,385.42,46.88,22,Female,West,17,1,111,0,8,23589.2,0.08750000000000001,2948.65
C0708,Electronics,2025-09-12,3,0.05,Electronics 2,3755.27,2233.11,1522.16,42,Female,South,54,2,50,0,4,13105.630000000001,0.1,3276.4075000000003
C0667,Furniture,2024-10-13,7,0.1,Furniture 3,12552.39,10228.0,2324.39,62,Male,East,42,2,139,0,4,30547.3,0.07500000000000001,7636.825
C0294,Grocery,2024-04-20,1,0.0,Grocery 1,144.55,95.58,48.97,46,Male,North,56,1,205,0,7,26075.54,0.09285714285714286,3725.077142857143
C0205,Electronics,2024-05-05,4,0.0,Electronics 3,4928.98,3637.6,1291.38,31,Female,North,45,0,211,0,4,21112.949999999997,0.1,5278.237499999999
C0039,Electronics,2025-06-05,2,0.1,Electronics 1,2158.4,1846.4,312.0,50,Female,South,4,0,35,0,4,6845.96,0.1125,1711.49
C0585,Beauty,2024-06-06,8,0.2,Beauty 3,2095.66,1839.27,256.39,66,Male,South,39,0,306,1,6,20009.36,0.13333333333333333,3334.8933333333334
C0262,Clothing,2024-12-08,6,0.1,Clothing 2,2474.93,1569.31,905.62,33,Male,West,9,0,355,1,5,40919.9,0.04,8183.9800000000005
C0713,Clothing,2025-06-19,6,0.2,Clothing 2,2539.46,2206.65,332.81,57,Male,North,55,0,175,0,6,14738.73,0.075,2456.455
C0695,Furniture,2025-09-14,7,0.05,Furniture 1,12712.37,8113.27,4599.1,31,Male,West,45,0,216,1,9,50669.99,0.1111111111111111,5629.998888888888
C0102,Clothing,2024-12-23,3,0.0,Clothing 5,1592.0,1324.03,267.97,59,Male,East,45,0,345,1,7,21262.26,0.05714285714285715,3037.465714285714
C0733,Beauty,2025-10-24,1,0.05,Beauty 1,304.82,169.28,135.54,58,Male,West,5,0,182,1,8,20982.43,0.07500000000000001,2622.80375
C0112,Furniture,2024-08-08,4,0.2,Furniture 1,6847.01,5048.51,1798.5,46,Male,West,57,0,108,0,2,8708.73,0.15000000000000002,4354.365
C0392,Clothing,2025-09-28,2,0.2,Clothing 1,858.67,690.4,168.27,37,Male,South,43,2,352,1,5,12291.17,0.13,2458.234
C0379,Clothing,2024-07-01,3,0.1,Clothing 5,1408.89,1188.58,220.31,31,Male,West,3,2,348,1,8,12434.26,0.1,1554.2825
C0765,Beauty,2024-02-17,3,0.05,Beauty 2,793.85,670.32,123.53,58,Male,North,24,0,112,0,3,13218.96,0.06666666666666667,4406.32
C0525,Grocery,2025-06-13,8,0.1,Grocery 3,983.21,643.61,339.6,34,Male,South,11,1,1,0,6,25724.67,0.075,4287.445
C0700,Beauty,2025-07-06,3,0.1,Beauty 4,784.2,665.47,118.73,45,Female,South,22,0,125,1,7,22232.55,0.07857142857142858,3176.078571428571
C0476,Clothing,2025-11-07,2,0.1,Clothing 1,899.11,596.36,302.75,62,Female,South,40,1,252,1,9,48798.94,0.07777777777777778,5422.104444444445
C0660,Electronics,2025-11-03,9,0.2,Electronics 1,8298.93,5243.42,3055.51,27,Female,North,15,1,193,1,8,38404.75,0.11875000000000001,4800.59375
C0681,Beauty,2024-03-15,1,0.1,Beauty 1,283.08,155.84,127.24,25,Male,South,49,0,18,0,4,15437.92,0.037500000000000006,3859.48
C0687,Clothing,2025-03-29,2,0.0,Clothing 4,1044.49,660.64,383.85,48,Male,West,11,1,60,0,4,7659.2,0.0625,1914.8
C0329,Beauty,2025-05-29,4,0.0,Beauty 5,1313.26,776.73,536.53,46,Female,West,28,1,181,1,10,27679.47,0.085,2767.947
C0305,Furniture,2025-03-14,1,0.1,Furniture 4,1764.21,1387.07,377.14,25,Male,North,17,1,58,0,6,34646.350000000006,0.06666666666666667,5774.391666666667
C0787,Clothing,2024-01-14,9,0.2,Clothing 5,3805.72,2286.0,1519.72,53,Male,West,24,0,263,1,5,32141.08,0.1,6428.216
C0605,Furniture,2024-02-02,4,0.2,Furniture 5,6708.74,5064.32,1644.42,45,Male,West,22,1,312,1,5,17155.93,0.13,3431.186
C0733,Electronics,2025-05-04,8,0.1,Electronics 2,9484.56,5636.33,3848.23,58,Male,West,5,0,182,1,8,20982.43,0.07500000000000001,2622.80375
C0461,Clothing,2025-09-16,2,0.1,Clothing 1,949.25,756.12,193.13,25,Female,East,55,1,314,1,3,4996.45,0.05000000000000001,1665.4833333333333
C0743,Clothing,2024-05-10,5,0.2,Clothing 1,1913.43,1243.62,669.81,32,Female,East,34,3,184,1,4,11274.73,0.15000000000000002,2818.6825
C0575,Furniture,2024-02-03,2,0.2,Furniture 4,2889.77,1901.6,988.17,37,Female,West,28,1,331,1,5,16623.41,0.12000000000000002,3324.682
C0594,Grocery,2024-10-21,3,0.0,Grocery 4,492.13,380.97,111.16,34,Male,East,46,1,112,0,6,39135.35,0.075,6522.558333333333
C0142,Furniture,2024-08-16,4,0.05,Furniture 5,7928.42,6966.15,962.27,32,Female,South,57,0,58,0,5,21772.43,0.030000000000000006,4354.486
C0453,Grocery,2025-12-18,8,0.05,Grocery 3,1211.27,1086.58,124.69,19,Female,West,6,0,226,0,7,24341.58,0.05,3477.3685714285716
C0585,Furniture,2025-11-06,3,0.1,Furniture 5,5716.7,3859.01,1857.69,66,Male,South,39,0,306,1,6,20009.36,0.13333333333333333,3334.8933333333334
C0608,Electronics,2025-02-11,7,0.05,Electronics 5,8356.27,7363.66,992.61,68,Male,North,38,1,135,1,8,44574.15,0.06875,5571.76875
C0766,Furniture,2025-11-24,1,0.05,Furniture 5,1995.56,1525.23,470.33,49,Female,South,45,1,324,0,4,14927.94,0.08750000000000001,3731.985
C0261,Electronics,2024-06-16,3,0.0,Electronics 5,3909.21,3390.32,518.89,26,Female,South,46,0,5,0,5,13105.98,0.1,2621.196
C0242,Electronics,2025-12-25,6,0.0,Electronics 1,7796.32,4363.98,3432.34,22,Male,West,12,1,294,1,6,24524.019999999997,0.041666666666666664,4087.336666666666
C0775,Furniture,2024-11-22,5,0.05,Furniture 4,9270.53,5206.43,4064.1,67,Male,West,33,3,94,1,6,18054.95,0.041666666666666664,3009.1583333333333
C0788,Electronics,2024-12-13,5,0.2,Electronics 5,4349.72,2505.88,1843.84,46,Female,West,4,0,146,0,1,4349.72,0.2,4349.72
C0143,Furniture,2024-02-06,7,0.05,Furniture 2,12072.89,10039.06,2033.83,39,Male,North,23,1,254,1,6,43827.92,0.15833333333333335,7304.653333333333
C0302,Electronics,2024-05-09,1,0.0,Electronics 5,1187.19,710.28,476.91,18,Female,East,14,0,271,1,4,6294.590000000001,0.08750000000000001,1573.6475000000003
C0758,Electronics,2024-05-21,7,0.05,Electronics 2,8514.63,5209.29,3305.34,24,Female,East,40,1,82,0,4,41688.369999999995,0.0875,10422.092499999999
C0159,Beauty,2024-12-22,8,0.2,Beauty 2,2053.48,1550.15,503.33,58,Male,East,35,0,52,0,3,8048.450000000001,0.09999999999999999,2682.816666666667
C0626,Electronics,2024-05-18,7,0.1,Electronics 4,7415.44,6563.45,851.99,35,Female,West,7,1,223,1,7,38175.159999999996,0.10714285714285714,5453.594285714285
C0089,Beauty,2024-03-15,3,0.1,Beauty 1,777.86,582.22,195.64,61,Male,North,22,2,60,1,4,14090.09,0.05,3522.5225
C0142,Clothing,2025-03-17,4,0.0,Clothing 3,2002.64,1614.95,387.69,32,Female,South,57,0,58,0,5,21772.43,0.030000000000000006,4354.486
C0627,Furniture,2025-09-28,9,0.2,Furniture 5,15357.72,9455.86,5901.86,37,Female,West,45,0,235,1,7,52635.6,0.07857142857142858,7519.371428571429
C0485,Beauty,2024-02-21,8,0.0,Beauty 1,2465.52,2144.91,320.61,30,Male,East,10,2,359,1,6,22640.07,0.05000000000000001,3773.345
C0443,Electronics,2025-02-13,9,0.2,Electronics 1,8017.58,4566.47,3451.11,43,Male,East,29,0,49,0,10,24585.21,0.155,2458.5209999999997
C0685,Clothing,2025-12-02,9,0.2,Clothing 5,3500.81,2271.98,1228.83,59,Female,West,22,0,173,1,11,24208.12,0.06818181818181818,2200.7381818181816
C0245,Grocery,2024-10-22,4,0.1,Grocery 4,545.99,387.0,158.99,22,Male,East,1,1,199,1,7,21723.61,0.1142857142857143,3103.3728571428574
C0402,Beauty,2024-05-13,2,0.2,Beauty 3,483.67,304.31,179.36,34,Female,South,59,0,145,1,3,7821.58,0.11666666666666668,2607.193333333333
C0486,Electronics,2024-02-28,3,0.2,Electronics 3,3070.45,2402.06,668.39,35,Female,East,56,2,164,0,5,11655.76,0.12000000000000002,2331.152
C0591,Electronics,2025-11-14,3,0.1,Electronics 5,3520.05,2772.31,747.74,64,Female,South,38,1,273,1,7,21408.56,0.09285714285714286,3058.3657142857146
C0265,Clothing,2024-10-22,8,0.2,Clothing 4,2944.3,1837.69,1106.61,48,Male,South,32,0,258,1,7,18455.260000000002,0.08571428571428573,2636.4657142857145
C0506,Clothing,2024-03-17,3,0.1,Clothing 5,1275.59,705.41,570.18,45,Male,West,37,2,321,1,9,35410.65,0.09444444444444446,3934.516666666667
C0358,Clothing,2025-09-24,4,0.1,Clothing 1,1761.18,1014.46,746.72,22,Male,East,22,0,136,0,5,22788.23,0.11000000000000001,4557.646
C0433,Electronics,2025-08-08,8,0.05,Electronics 3,8748.63,4813.06,3935.57,24,Female,East,33,1,188,0,2,14882.449999999999,0.025,7441.224999999999
C0690,Beauty,2025-05-28,2,0.1,Beauty 4,530.1,459.54,70.56,69,Male,South,21,3,109,1,7,12271.98,0.09285714285714286,1753.1399999999999
C0314,Furniture,2024-03-02,6,0.05,Furniture 1,10352.84,7946.66,2406.18,30,Male,South,30,1,50,0,3,19701.22,0.15,6567.073333333334
C0534,Electronics,2024-03-01,5,0.0,Electronics 3,5479.22,3279.05,2200.17,48,Female,South,48,1,73,0,8,31290.120000000003,0.10625000000000001,3911.2650000000003
C0753,Grocery,2024-06-08,9,0.05,Grocery 1,1369.29,797.45,571.84,66,Female,South,47,0,314,1,5,16986.16,0.17,3397.232
C0609,Furniture,2024-04-26,5,0.0,Furniture 5,9205.16,7696.97,1508.19,62,Male,North,48,3,48,1,2,10294.51,0.05,5147.255
C0790,Furniture,2025-01-23,5,0.2,Furniture 4,8518.52,7103.29,1415.23,22,Female,South,1,3,328,1,3,10019.380000000001,0.11666666666666668,3339.7933333333335
C0466,Beauty,2024-10-13,8,0.05,Beauty 1,2191.77,1916.88,274.89,26,Male,East,19,2,40,0,5,8530.95,0.12000000000000002,1706.19
C0225,Furniture,2025-07-12,9,0.2,Furniture 3,13850.56,8389.92,5460.64,33,Male,West,35,0,94,0,5,37813.05,0.07,7562.610000000001
C0793,Furniture,2024-03-15,7,0.05,Furniture 1,12237.99,8967.95,3270.04,60,Male,North,12,0,143,0,5,26255.34,0.06000000000000001,5251.068
C0515,Electronics,2025-06-15,7,0.05,Electronics 5,7203.17,4268.0,2935.17,23,Male,North,26,2,276,1,9,37369.950000000004,0.08333333333333333,4152.216666666667
C0193,Electronics,2025-11-12,8,0.0,Electronics 1,9322.15,7723.16,1598.99,36,Male,South,6,1,229,1,6,26047.59,0.06666666666666667,4341.265
C0253,Furniture,2024-04-05,9,0.2,Furniture 4,15365.83,10669.57,4696.26,35,Female,North,23,1,269,1,7,26987.69,0.15714285714285717,3855.3842857142854
C0209,Beauty,2025-04-21,7,0.1,Beauty 1,2048.74,1625.75,422.99,58,Female,West,49,0,178,0,6,21187.34,0.15,3531.2233333333334
C0666,Clothing,2025-01-06,3,0.05,Clothing 1,1300.05,728.82,571.23,44,Female,East,49,2,217,1,5,3883.89,0.07,776.778
C0074,Furniture,2024-03-10,6,0.1,Furniture 5,9786.76,8047.42,1739.34,53,Female,East,7,0,170,1,4,39514.93,0.05,9878.7325
C0591,Clothing,2024-08-01,3,0.2,Clothing 2,1118.11,704.77,413.34,64,Female,South,38,1,273,1,7,21408.56,0.09285714285714286,3058.3657142857146
C0443,Grocery,2025-07-29,5,0.1,Grocery 1,710.95,600.74,110.21,43,Male,East,29,0,49,0,10,24585.21,0.155,2458.5209999999997
C0058,Furniture,2025-09-26,5,0.05,Furniture 4,8939.28,5498.11,3441.17,56,Female,West,29,0,28,0,6,25699.71,0.13333333333333333,4283.285
C0490,Furniture,2024-09-25,9,0.2,Furniture 2,13624.73,11261.3,2363.43,66,Male,West,9,1,55,0,7,55106.509999999995,0.10714285714285714,7872.358571428571
C0602,Electronics,2024-03-18,5,0.2,Electronics 3,5173.38,3088.18,2085.2,56,Male,North,55,0,362,1,9,26142.41,0.05555555555555555,2904.7122222222224
C0580,Beauty,2024-06-27,9,0.2,Beauty 5,2321.98,1816.24,505.74,22,Female,East,43,2,104,0,6,22614.32,0.10000000000000002,3769.0533333333333
C0422,Beauty,2025-09-07,8,0.0,Beauty 4,2481.74,2041.83,439.91,57,Female,East,8,0,193,0,7,36287.56,0.15714285714285717,5183.937142857142
C0268,Grocery,2025-02-20,8,0.2,Grocery 2,895.49,613.57,281.92,49,Male,North,5,0,201,0,2,2205.77,0.125,1102.885
C0131,Clothing,2024-11-10,2,0.0,Clothing 2,976.23,620.41,355.82,46,Female,West,48,0,293,1,4,33298.41,0.07500000000000001,8324.6025
C0009,Grocery,2024-01-10,7,0.1,Grocery 2,895.14,600.27,294.87,22,Female,North,2,2,236,1,3,3073.66,0.16666666666666666,1024.5533333333333
C0287,Beauty,2025-07-25,3,0.1,Beauty 4,837.84,547.79,290.05,47,Female,South,34,1,89,0,6,22204.899999999998,0.11666666666666668,3700.816666666666
C0505,Grocery,2024-12-05,6,0.0,Grocery 4,950.39,733.3,217.09,41,Female,South,51,1,15,0,5,24785.989999999998,0.08,4957.197999999999
C0030,Electronics,2025-02-02,5,0.0,Electronics 3,5570.56,3150.69,2419.87,41,Male,East,8,2,309,1,7,16535.11,0.0642857142857143,2362.1585714285716
C0798,Electronics,2025-09-07,3,0.2,Electronics 2,3109.22,1755.16,1354.06,34,Female,South,58,2,142,0,4,10869.01,0.1,2717.2525
C0468,Beauty,2025-02-14,9,0.2,Beauty 1,2143.94,1395.11,748.83,27,Female,South,51,0,126,0,3,7873.13,0.10000000000000002,2624.3766666666666
C0235,Furniture,2025-11-08,8,0.0,Furniture 5,16944.02,10961.78,5982.24,55,Female,North,2,0,10,0,7,43237.93,0.07857142857142858,6176.847142857143
C0769,Furniture,2025-02-12,6,0.1,Furniture 4,9831.54,6016.65,3814.89,37,Female,North,36,0,118,0,3,13026.460000000001,0.03333333333333333,4342.153333333334
C0147,Electronics,2024-09-07,1,0.0,Electronics 4,1166.54,934.26,232.28,30,Male,South,35,1,174,0,7,22123.09,0.07857142857142858,3160.441428571429
C0766,Electronics,2025-11-04,2,0.1,Electronics 1,1950.39,1088.94,861.45,49,Female,South,45,1,324,0,4,14927.94,0.08750000000000001,3731.985
C0225,Clothing,2025-04-13,3,0.05,Clothing 2,1487.27,1299.1,188.17,33,Male,West,35,0,94,0,5,37813.05,0.07,7562.610000000001
C0303,Clothing,2025-07-09,9,0.2,Clothing 2,3297.2,2687.61,609.59,64,Male,North,50,0,300,1,4,19970.17,0.1,4992.5425
C0340,Clothing,2024-06-14,4,0.1,Clothing 3,1741.78,1203.63,538.15,51,Female,North,11,0,314,1,4,17315.66,0.05,4328.915
C0795,Grocery,2025-05-04,1,0.05,Grocery 4,150.53,128.04,22.49,33,Male,East,11,1,177,0,7,13222.75,0.10714285714285714,1888.9642857142858
C0200,Clothing,2025-02-12,6,0.1,Clothing 5,2834.44,2172.18,662.26,37,Female,North,51,1,169,1,5,26373.339999999997,0.09,5274.668
C0778,Electronics,2024-03-17,9,0.05,Electronics 3,10547.87,7906.48,2641.39,32,Male,West,13,1,57,1,9,37075.880000000005,0.1277777777777778,4119.542222222222
C0277,Grocery,2024-07-04,6,0.0,Grocery 2,934.92,616.63,318.29,58,Male,West,52,3,185,1,9,40737.85,0.07777777777777778,4526.427777777778
C0228,Furniture,2025-10-27,4,0.1,Furniture 3,7417.77,5801.34,1616.43,46,Female,East,37,1,31,0,4,18832.12,0.125,4708.03
C0510,Furniture,2025-02-21,2,0.2,Furniture 4,3290.42,1970.61,1319.81,69,Female,South,7,2,55,0,6,18899.9,0.1416666666666667,3149.9833333333336
C0554,Clothing,2025-07-19,8,0.05,Clothing 2,3685.74,2704.28,981.46,69,Male,East,17,2,142,1,6,29599.15,0.05833333333333334,4933.191666666667
C0276,Clothing,2024-05-05,1,0.0,Clothing 3,452.82,267.45,185.37,42,Female,North,57,1,324,1,5,7593.35,0.08,1518.67
C0107,Grocery,2024-06-08,9,0.0,Grocery 4,1334.29,941.74,392.55,52,Male,West,37,1,110,1,6,14448.84,0.03333333333333333,2408.14
C0316,Electronics,2025-11-18,3,0.05,Electronics 3,3109.09,2380.61,728.48,55,Female,South,26,3,322,1,7,36075.950000000004,0.1142857142857143,5153.7071428571435
C0432,Beauty,2024-11-02,2,0.2,Beauty 3,477.01,288.32,188.69,60,Female,North,18,0,151,1,4,19662.530000000002,0.0875,4915.632500000001
C0032,Beauty,2025-10-09,4,0.05,Beauty 4,1131.81,710.48,421.33,22,Male,North,10,0,32,0,7,26049.53,0.07857142857142858,3721.3614285714284
C0062,Electronics,2025-08-13,1,0.2,Electronics 2,898.31,749.77,148.54,37,Male,North,28,3,197,1,4,11632.83,0.08750000000000001,2908.2075
C0734,Beauty,2024-09-02,1,0.05,Beauty 1,301.2,192.62,108.58,28,Female,East,42,1,196,1,7,26770.54,0.07142857142857142,3824.362857142857
C0028,Electronics,2025-11-24,2,0.05,Electronics 4,2373.12,1384.58,988.54,46,Female,South,45,0,192,0,4,19896.6,0.125,4974.15
C0325,Grocery,2025-07-20,7,0.2,Grocery 3,850.0,565.88,284.12,29,Female,North,37,0,15,0,3,14366.039999999999,0.13333333333333333,4788.679999999999
C0611,Furniture,2024-04-03,8,0.1,Furniture 2,15626.62,13709.22,1917.4,42,Female,West,30,2,298,1,4,25636.940000000002,0.1,6409.235000000001
C0262,Clothing,2024-03-10,3,0.0,Clothing 1,1436.16,1138.62,297.54,33,Male,West,9,0,355,1,5,40919.9,0.04,8183.9800000000005
C0395,Clothing,2024-04-02,6,0.0,Clothing 5,2857.22,2146.92,710.3,63,Female,North,55,0,344,1,5,17745.1,0.07,3549.0199999999995
C0069,Electronics,2025-06-24,4,0.0,Electronics 4,4496.1,3795.37,700.73,42,Male,East,13,0,51,1,6,35650.3,0.075,5941.716666666667
C0635,Furniture,2024-04-14,4,0.2,Furniture 2,6456.88,5043.25,1413.63,53,Male,West,57,0,295,0,6,15135.01,0.10000000000000002,2522.5016666666666
C0507,Electronics,2024-07-25,4,0.0,Electronics 4,4517.14,3766.85,750.29,30,Male,North,56,1,133,0,2,5471.91,0.05,2735.955
C0681,Grocery,2024-11-13,9,0.0,Grocery 3,1449.6,1130.7,318.9,25,Male,South,49,0,18,0,4,15437.92,0.037500000000000006,3859.48
C0691,Clothing,2024-04-09,5,0.2,Clothing 2,1921.72,1638.25,283.47,59,Male,South,24,0,290,1,7,17522.11,0.08571428571428573,2503.1585714285716
C0280,Beauty,2024-08-29,5,0.1,Beauty 2,1347.55,1035.46,312.09,32,Female,South,7,1,25,0,6,15234.330000000002,0.05833333333333334,2539.0550000000003
C0032,Beauty,2025-05-10,8,0.2,Beauty 1,1931.33,1241.28,690.05,22,Male,North,10,0,32,0,7,26049.53,0.07857142857142858,3721.3614285714284
C0277,Beauty,2025-12-10,6,0.0,Beauty 5,1730.75,976.82,753.93,58,Male,West,52,3,185,1,9,40737.85,0.07777777777777778,4526.427777777778
C0116,Furniture,2024-12-08,2,0.1,Furniture 5,3771.66,2213.44,1558.22,19,Female,East,41,1,223,1,6,14200.949999999999,0.10000000000000002,2366.825
C0426,Grocery,2025-06-29,2,0.0,Grocery 5,311.52,227.21,84.31,62,Male,East,22,2,182,1,7,12738.29,0.1,1819.7557142857145
C0117,Clothing,2025-01-22,4,0.1,Clothing 2,1893.89,1685.79,208.1,25,Female,South,32,1,321,1,5,19787.03,0.13,3957.406
C0737,Electronics,2024-12-06,1,0.0,Electronics 5,1225.42,999.71,225.71,35,Male,West,29,1,227,0,7,30951.19,0.05714285714285715,4421.598571428572
C0481,Beauty,2025-01-14,7,0.2,Beauty 2,1666.62,1368.97,297.65,61,Female,North,14,2,205,1,5,29276.61,0.1,5855.322
C0202,Clothing,2025-11-30,5,0.05,Clothing 5,2350.74,1839.04,511.7,43,Female,South,47,0,226,1,1,2350.74,0.05,2350.74
C0736,Grocery,2024-02-13,1,0.05,Grocery 1,148.67,128.78,19.89,55,Male,South,35,0,187,1,6,25372.66,0.05833333333333334,4228.776666666667
C0615,Electronics,2025-01-09,4,0.2,Electronics 2,3745.56,3024.21,721.35,51,Female,South,28,1,277,1,9,17085.88,0.1,1898.4311111111112
C0350,Clothing,2024-02-07,8,0.0,Clothing 3,3949.81,2529.57,1420.24,45,Male,West,15,0,251,1,7,12059.78,0.04285714285714286,1722.8257142857144
C0117,Furniture,2025-09-30,9,0.2,Furniture 5,13431.37,9735.31,3696.06,25,Female,South,32,1,321,1,5,19787.03,0.13,3957.406
C0275,Grocery,2025-03-14,9,0.1,Grocery 2,1258.65,870.38,388.27,43,Male,North,36,2,309,1,9,26887.16,0.13333333333333336,2987.4622222222224
C0467,Grocery,2024-02-04,9,0.1,Grocery 3,1112.19,676.09,436.1,48,Male,West,10,3,147,0,7,27924.32,0.12142857142857144,3989.1885714285713
C0612,Clothing,2025-03-31,6,0.05,Clothing 5,3129.59,1964.86,1164.73,58,Male,East,3,1,85,1,3,4777.1,0.15,1592.3666666666668
C0209,Electronics,2024-11-14,9,0.2,Electronics 3,8024.38,5214.28,2810.1,58,Female,West,49,0,178,0,6,21187.34,0.15,3531.2233333333334
C0594,Beauty,2024-02-04,9,0.05,Beauty 4,2504.97,1529.97,975.0,34,Male,East,46,1,112,0,6,39135.35,0.075,6522.558333333333
C0226,Grocery,2025-12-15,6,0.05,Grocery 3,810.16,507.21,302.95,60,Male,North,58,0,317,1,4,4844.049999999999,0.037500000000000006,1211.0124999999998
C0197,Clothing,2024-10-03,4,0.05,Clothing 1,1820.45,1585.13,235.32,24,Male,North,43,2,33,0,5,26289.66,0.04,5257.932
C0357,Clothing,2024-01-18,9,0.05,Clothing 2,4123.2,2763.1,1360.1,64,Female,East,38,2,50,1,8,26705.17,0.043750000000000004,3338.14625
C0128,Furniture,2025-03-23,4,0.05,Furniture 3,7931.87,6659.84,1272.03,47,Male,South,6,2,246,0,7,37329.119999999995,0.12142857142857144,5332.731428571428
C0323,Grocery,2024-09-30,2,0.0,Grocery 1,280.6,160.65,119.95,65,Male,South,23,0,43,0,3,1381.23,0.06666666666666667,460.41
C0286,Clothing,2025-04-24,1,0.05,Clothing 2,452.57,404.43,48.14,26,Female,East,15,0,30,1,7,29938.910000000003,0.12142857142857144,4276.987142857143
C0224,Beauty,2024-04-28,6,0.05,Beauty 5,1573.61,1286.7,286.91,55,Female,West,55,2,163,0,7,10123.789999999999,0.1,1446.2557142857142
C0620,Beauty,2025-08-27,1,0.05,Beauty 1,275.39,238.86,36.53,40,Female,West,21,0,328,1,7,17893.73,0.0642857142857143,2556.247142857143
C0265,Electronics,2024-11-02,2,0.2,Electronics 2,2089.44,1533.79,555.65,48,Male,South,32,0,258,1,7,18455.260000000002,0.08571428571428573,2636.4657142857145
C0556,Furniture,2024-11-03,3,0.0,Furniture 4,5856.13,4521.45,1334.68,56,Male,South,6,1,176,1,8,44974.68,0.05625000000000001,5621.835
C0576,Beauty,2025-08-09,5,0.2,Beauty 3,1266.56,856.56,410.0,66,Female,North,30,1,63,1,4,7213.7,0.08750000000000001,1803.425
C0532,Grocery,2025-02-04,5,0.2,Grocery 2,595.4,417.5,177.9,26,Male,East,10,1,108,0,7,24829.2,0.15,3547.0285714285715
C0215,Electronics,2024-01-01,5,0.0,Electronics 1,5939.52,4827.4,1112.12,32,Female,North,40,1,181,1,4,11597.74,0.0625,2899.435
C0663,Electronics,2025-02-26,5,0.1,Electronics 5,5749.89,3263.0,2486.89,28,Male,East,8,1,317,1,5,14129.300000000001,0.13,2825.86
C0189,Furniture,2025-04-16,9,0.0,Furniture 3,16296.55,9171.58,7124.97,33,Female,West,21,2,70,0,12,57799.59,0.125,4816.6325
C0221,Beauty,2024-08-15,2,0.0,Beauty 3,643.79,551.23,92.56,41,Male,West,24,0,344,1,5,20755.550000000003,0.05,4151.110000000001
C0699,Electronics,2024-05-11,5,0.2,Electronics 1,4785.8,2816.46,1969.34,22,Female,West,17,1,111,0,8,23589.2,0.08750000000000001,2948.65
C0271,Grocery,2024-02-09,6,0.0,Grocery 2,873.2,700.62,172.58,19,Male,North,51,1,309,1,5,21962.05,0.11000000000000001,4392.41
C0557,Grocery,2025-09-09,3,0.05,Grocery 1,462.28,286.54,175.74,63,Male,East,29,1,113,0,2,1398.09,0.05,699.045
C0033,Clothing,2024-01-04,2,0.0,Clothing 5,967.97,656.45,311.52,46,Male,West,19,1,2,0,6,21158.34,0.041666666666666664,3526.39
C0491,Furniture,2025-03-01,1,0.0,Furniture 4,2191.08,1430.21,760.87,63,Female,South,34,0,205,1,4,25284.91,0.07500000000000001,6321.2275
C0694,Beauty,2025-09-02,3,0.0,Beauty 3,978.54,706.13,272.41,22,Male,East,54,0,260,0,7,6780.91,0.042857142857142864,968.7014285714286
C0566,Clothing,2024-09-14,3,0.2,Clothing 4,1144.3,960.45,183.85,29,Male,South,15,0,171,0,5,20109.56,0.11000000000000001,4021.9120000000003
C0465,Electronics,2024-05-26,2,0.0,Electronics 1,2323.49,1989.92,333.57,68,Male,East,3,4,240,1,5,9379.369999999999,0.05,1875.8739999999998
C0679,Clothing,2025-06-05,3,0.2,Clothing 5,1274.92,800.29,474.63,66,Male,East,27,0,177,0,10,32462.629999999997,0.135,3246.263
C0238,Clothing,2025-04-05,7,0.0,Clothing 3,3286.93,2196.25,1090.68,34,Male,North,9,1,117,0,9,26140.66,0.08888888888888889,2904.5177777777776
C0301,Furniture,2024-01-11,8,0.2,Furniture 3,13393.8,11289.91,2103.89,60,Male,East,47,2,124,0,7,40411.189999999995,0.05714285714285715,5773.027142857142
C0055,Grocery,2025-02-25,5,0.2,Grocery 5,555.5,322.95,232.55,20,Female,North,29,0,5,0,4,13468.38,0.07500000000000001,3367.095
C0558,Electronics,2024-01-01,1,0.1,Electronics 1,1016.41,600.61,415.8,59,Male,West,31,2,289,1,4,8429.43,0.1125,2107.3575
C0578,Clothing,2024-10-18,7,0.2,Clothing 3,2800.28,2010.19,790.09,64,Female,East,17,0,108,0,4,17419.59,0.1375,4354.8975
C0601,Furniture,2024-08-09,2,0.05,Furniture 1,3986.87,3295.35,691.52,58,Male,North,40,0,215,0,6,10347.54,0.09166666666666667,1724.5900000000001
C0598,Grocery,2025-08-31,1,0.2,Grocery 3,125.75,83.95,41.8,50,Male,East,26,0,225,1,5,14698.26,0.09000000000000001,2939.652
C0101,Grocery,2025-12-14,6,0.0,Grocery 2,919.61,528.13,391.48,28,Male,North,6,1,327,1,2,7056.54,0.1,3528.27
C0532,Clothing,2025-05-24,4,0.1,Clothing 3,1717.96,1526.84,191.12,26,Male,East,10,1,108,0,7,24829.2,0.15,3547.0285714285715
C0610,Clothing,2025-06-20,3,0.2,Clothing 4,1179.69,1036.5,143.19,61,Male,East,22,0,209,1,7,9692.55,0.08571428571428573,1384.6499999999999
C0163,Electronics,2024-01-17,9,0.1,Electronics 2,9226.64,7179.85,2046.79,39,Male,East,25,0,217,0,8,42728.77,0.07500000000000001,5341.09625
C0381,Electronics,2024-02-16,1,0.05,Electronics 1,1089.16,858.97,230.19,66,Female,East,56,1,105,0,5,22000.81,0.1,4400.162
C0730,Electronics,2025-07-20,1,0.1,Electronics 1,1041.82,913.46,128.36,55,Male,North,22,0,15,0,6,17868.489999999998,0.11666666666666668,2978.0816666666665
C0331,Furniture,2024-11-08,6,0.2,Furniture 4,9789.79,7590.54,2199.25,37,Female,South,31,1,130,0,7,37008.130000000005,0.09285714285714286,5286.875714285715
C0602,Electronics,2025-01-05,4,0.2,Electronics 3,3615.43,2986.14,629.29,56,Male,North,55,0,362,1,9,26142.41,0.05555555555555555,2904.7122222222224
C0424,Grocery,2025-05-20,8,0.1,Grocery 5,981.2,698.84,282.36,39,Male,North,37,1,161,0,3,3518.46,0.06666666666666667,1172.82
C0526,Beauty,2024-09-10,1,0.1,Beauty 5,280.39,176.59,103.8,66,Female,South,37,0,11,0,8,48302.36,0.05625,6037.795
C0501,Furniture,2025-05-12,4,0.2,Furniture 1,5787.91,4869.87,918.04,51,Male,East,48,1,97,0,5,39205.880000000005,0.09,7841.176000000001
C0520,Grocery,2025-06-14,2,0.1,Grocery 4,295.42,233.24,62.18,36,Male,West,20,1,14,0,9,32652.83,0.07777777777777778,3628.0922222222225
C0623,Electronics,2024-06-24,1,0.0,Electronics 1,1164.07,758.21,405.86,39,Female,South,12,1,208,1,5,14613.78,0.030000000000000006,2922.7560000000003
C0723,Grocery,2025-05-15,5,0.2,Grocery 1,540.79,415.41,125.38,24,Male,East,37,2,202,0,4,13961.09,0.15000000000000002,3490.2725
C0236,Beauty,2024-05-03,7,0.0,Beauty 4,2261.53,1890.12,371.41,52,Female,West,20,0,172,1,4,7221.17,0.0625,1805.2925
C0742,Clothing,2024-08-14,2,0.1,Clothing 3,917.96,591.74,326.22,50,Male,East,27,0,220,1,3,3083.65,0.05000000000000001,1027.8833333333334
C0502,Beauty,2025-07-23,8,0.05,Beauty 5,2424.73,1985.5,439.23,68,Female,North,51,0,278,0,2,2873.33,0.025,1436.665
C0476,Furniture,2025-12-18,5,0.0,Furniture 1,9870.05,5678.44,4191.61,62,Female,South,40,1,252,1,9,48798.94,0.07777777777777778,5422.104444444445
C0262,Clothing,2024-02-17,5,0.05,Clothing 3,2305.74,1772.5,533.24,33,Male,West,9,0,355,1,5,40919.9,0.04,8183.9800000000005
C0333,Electronics,2025-04-18,9,0.0,Electronics 2,11135.21,10017.53,1117.68,61,Female,West,13,2,205,0,5,27158.33,0.02,5431.666
C0521,Electronics,2025-02-19,3,0.05,Electronics 5,3355.7,2863.19,492.51,25,Male,West,46,3,252,0,6,25249.6,0.05000000000000001,4208.266666666666
C0290,Clothing,2025-03-18,2,0.05,Clothing 4,960.68,822.8,137.88,59,Female,North,44,1,69,0,4,29622.46,0.0625,7405.615
C0229,Clothing,2025-07-28,8,0.05,Clothing 4,3631.15,2861.8,769.35,27,Male,West,3,2,262,1,9,29111.4,0.09444444444444446,3234.6000000000004
C0655,Furniture,2024-02-21,1,0.0,Furniture 2,1933.06,1375.21,557.85,45,Male,East,29,1,63,0,8,31078.710000000003,0.08125,3884.8387500000003
C0332,Grocery,2025-06-23,8,0.1,Grocery 5,989.75,778.96,210.79,34,Female,West,55,2,206,1,4,37341.92,0.07500000000000001,9335.48
C0515,Grocery,2024-07-22,8,0.0,Grocery 5,1267.53,839.63,427.9,23,Male,North,26,2,276,1,9,37369.950000000004,0.08333333333333333,4152.216666666667
C0024,Furniture,2024-04-22,9,0.2,Furniture 4,13964.69,10382.31,3582.38,58,Female,East,21,0,296,1,7,31354.340000000004,0.08571428571428573,4479.191428571429
C0061,Furniture,2024-11-22,5,0.0,Furniture 3,10950.0,8090.82,2859.18,56,Female,East,13,1,100,1,4,13832.710000000001,0.1125,3458.1775000000002
C0678,Furniture,2024-01-20,6,0.0,Furniture 5,11423.42,8456.82,2966.6,45,Male,South,13,2,353,1,5,27483.4,0.1,5496.68
C0113,Beauty,2025-04-05,8,0.05,Beauty 4,2268.62,1574.87,693.75,41,Female,East,45,0,126,0,6,30657.06,0.10000000000000002,5109.51
C0636,Clothing,2025-02-16,2,0.05,Clothing 1,913.05,614.92,298.13,30,Male,North,48,0,223,0,4,5766.71,0.08750000000000001,1441.6775
C0720,Beauty,2025-01-09,3,0.2,Beauty 5,747.93,497.84,250.09,25,Female,North,37,3,168,1,5,8832.93,0.1,1766.586
C0385,Grocery,2024-01-23,5,0.1,Grocery 1,716.63,450.51,266.12,24,Male,West,7,1,336,1,4,16207.529999999999,0.0625,4051.8824999999997
C0707,Electronics,2025-07-11,6,0.05,Electronics 4,6822.23,4799.38,2022.85,47,Male,North,22,3,82,0,9,17932.65,0.07777777777777778,1992.5166666666669
C0341,Electronics,2024-01-26,7,0.2,Electronics 2,6541.15,3867.2,2673.95,33,Male,South,6,2,116,0,7,30460.81,0.07857142857142858,4351.544285714286
C0761,Electronics,2024-07-10,9,0.0,Electronics 5,11328.66,9805.53,1523.13,46,Male,West,53,0,278,1,5,22575.31,0.1,4515.062
C0189,Beauty,2024-10-16,5,0.2,Beauty 4,1125.95,646.73,479.22,33,Female,West,21,2,70,0,12,57799.59,0.125,4816.6325
C0342,Electronics,2025-05-27,2,0.05,Electronics 5,2325.36,1960.5,364.86,50,Female,West,31,0,65,0,7,5817.150000000001,0.07142857142857142,831.0214285714286
C0311,Beauty,2024-10-24,2,0.05,Beauty 4,596.63,378.52,218.11,52,Male,West,2,1,245,1,4,14388.99,0.08750000000000001,3597.2475
C0627,Furniture,2025-08-19,8,0.05,Furniture 3,14498.58,12303.88,2194.7,37,Female,West,45,0,235,1,7,52635.6,0.07857142857142858,7519.371428571429
C0034,Grocery,2025-11-13,5,0.0,Grocery 5,773.35,620.3,153.05,64,Female,South,27,2,85,0,5,9315.28,0.04,1863.056
C0662,Beauty,2025-07-12,6,0.1,Beauty 2,1696.21,1479.67,216.54,19,Male,North,23,0,222,1,4,3775.9,0.125,943.975
C0018,Beauty,2024-01-29,6,0.1,Beauty 3,1496.04,1278.49,217.55,61,Female,North,18,2,208,1,10,33457.18,0.065,3345.718
C0252,Beauty,2025-07-16,8,0.1,Beauty 2,2083.93,1657.52,426.41,27,Female,South,59,0,71,0,4,17053.68,0.037500000000000006,4263.42
C0476,Grocery,2024-05-30,2,0.1,Grocery 1,264.94,159.78,105.16,62,Female,South,40,1,252,1,9,48798.94,0.07777777777777778,5422.104444444445
C0116,Clothing,2025-10-10,2,0.0,Clothing 5,1055.19,783.13,272.06,19,Female,East,41,1,223,1,6,14200.949999999999,0.10000000000000002,2366.825
C0392,Electronics,2025-12-15,7,0.2,Electronics 3,6810.73,4555.97,2254.76,37,Male,South,43,2,352,1,5,12291.17,0.13,2458.234
C0797,Beauty,2024-03-02,4,0.1,Beauty 1,1069.11,919.46,149.65,41,Female,South,48,0,284,1,11,29578.27,0.08181818181818182,2688.933636363636
C0658,Beauty,2024-03-12,8,0.1,Beauty 5,2081.71,1780.44,301.27,21,Male,North,23,1,295,1,5,30698.47,0.12000000000000002,6139.694
C0024,Grocery,2025-05-23,2,0.0,Grocery 5,270.24,178.33,91.91,58,Female,East,21,0,296,1,7,31354.340000000004,0.08571428571428573,4479.191428571429
C0473,Electronics,2024-04-14,3,0.2,Electronics 4,2603.65,2044.11,559.54,42,Female,South,13,1,32,0,7,34309.61,0.08571428571428573,4901.372857142857
C0477,Beauty,2025-12-08,9,0.1,Beauty 2,2303.86,1539.9,763.96,18,Female,South,56,2,337,1,5,52962.25,0.09,10592.45
C0054,Clothing,2025-01-29,8,0.05,Clothing 5,3508.68,2762.62,746.06,43,Male,North,49,0,223,1,10,51216.96,0.13,5121.696
C0520,Grocery,2025-02-22,1,0.2,Grocery 4,110.87,84.8,26.07,36,Male,West,20,1,14,0,9,32652.83,0.07777777777777778,3628.0922222222225
C0416,Furniture,2025-09-20,8,0.1,Furniture 2,14695.89,10710.83,3985.06,68,Female,South,40,2,28,0,7,39994.759999999995,0.07857142857142858,5713.5371428571425
C0545,Electronics,2024-06-07,1,0.2,Electronics 2,980.25,840.51,139.74,20,Female,South,7,1,3,1,8,20033.53,0.07500000000000001,2504.19125
C0238,Electronics,2025-02-09,2,0.2,Electronics 5,1745.19,1110.15,635.04,34,Male,North,9,1,117,0,9,26140.66,0.08888888888888889,2904.5177777777776
C0204,Electronics,2025-12-30,9,0.0,Electronics 5,11002.9,9122.65,1880.25,41,Male,North,45,1,266,1,2,11392.92,0.05,5696.46
C0588,Beauty,2024-01-17,2,0.2,Beauty 4,446.0,352.93,93.07,61,Female,South,54,1,200,0,6,27417.58,0.06666666666666667,4569.596666666667
C0577,Beauty,2024-05-07,3,0.1,Beauty 1,790.11,512.34,277.77,45,Female,South,53,0,340,1,3,2840.64,0.16666666666666666,946.88
C0129,Grocery,2024-04-16,2,0.0,Grocery 2,329.38,229.77,99.61,51,Female,North,35,4,14,0,4,5384.83,0.1125,1346.2075
C0173,Grocery,2024-09-01,6,0.2,Grocery 2,723.17,415.21,307.96,55,Male,South,24,4,176,1,3,5982.49,0.10000000000000002,1994.1633333333332
C0469,Grocery,2024-04-04,1,0.05,Grocery 3,129.22,98.1,31.12,66,Male,South,13,1,57,0,3,24188.32,0.08333333333333333,8062.7733333333335
C0663,Clothing,2024-05-05,3,0.2,Clothing 5,1163.44,1001.44,162.0,28,Male,East,8,1,317,1,5,14129.300000000001,0.13,2825.86
C0161,Grocery,2025-09-14,3,0.0,Grocery 5,465.38,275.15,190.23,52,Male,South,22,1,350,1,7,20976.74,0.05,2996.6771428571433
C0175,Clothing,2024-12-05,6,0.05,Clothing 2,2693.02,1605.58,1087.44,42,Male,North,20,2,195,0,9,27782.17,0.061111111111111116,3086.9077777777775
C0646,Furniture,2024-09-18,5,0.05,Furniture 1,10382.45,7434.86,2947.59,41,Female,East,43,0,90,0,4,21706.64,0.025,5426.66
C0557,Clothing,2024-11-01,2,0.05,Clothing 2,935.81,606.81,329.0,63,Male,East,29,1,113,0,2,1398.09,0.05,699.045
C0721,Furniture,2025-12-09,5,0.1,Furniture 2,8137.96,5264.65,2873.31,66,Female,North,59,0,315,0,4,17280.78,0.1,4320.195
C0626,Beauty,2024-12-24,5,0.0,Beauty 5,1512.17,1169.72,342.45,35,Female,West,7,1,223,1,7,38175.159999999996,0.10714285714285714,5453.594285714285
C0762,Clothing,2024-12-08,4,0.1,Clothing 1,1863.43,1292.46,570.97,67,Male,West,10,0,364,1,3,5263.780000000001,0.06666666666666667,1754.5933333333335
C0151,Electronics,2025-11-08,5,0.0,Electronics 5,5947.19,5029.1,918.09,32,Male,West,19,0,84,0,4,20297.27,0.025,5074.3175
C0217,Grocery,2024-01-28,3,0.05,Grocery 4,464.11,324.93,139.18,23,Male,South,4,2,175,1,5,13070.380000000001,0.04,2614.076
C0190,Electronics,2024-12-15,4,0.1,Electronics 1,4667.27,3572.08,1095.19,53,Male,East,5,0,306,1,7,19137.16,0.1,2733.88
C0044,Clothing,2025-06-30,8,0.05,Clothing 4,3525.61,2430.07,1095.54,21,Male,North,36,0,354,1,5,16385.780000000002,0.06000000000000001,3277.1560000000004
C0623,Furniture,2025-01-10,3,0.05,Furniture 3,5221.14,3339.48,1881.66,39,Female,South,12,1,208,1,5,14613.78,0.030000000000000006,2922.7560000000003
C0529,Grocery,2025-09-25,3,0.1,Grocery 1,389.8,278.69,111.11,65,Male,South,39,2,361,1,8,29180.22,0.0875,3647.5275
C0068,Grocery,2025-10-09,2,0.0,Grocery 2,306.49,245.86,60.63,21,Male,East,2,1,69,0,5,6105.99,0.06000000000000001,1221.1979999999999
C0158,Furniture,2024-09-02,7,0.2,Furniture 2,11427.57,10096.07,1331.5,44,Female,East,2,0,119,1,7,57741.77,0.08571428571428573,8248.824285714285
C0152,Electronics,2025-08-19,7,0.2,Electronics 2,6413.09,3621.85,2791.24,65,Female,East,13,2,182,0,5,38516.16,0.12000000000000002,7703.232000000001
C0322,Grocery,2024-06-27,7,0.2,Grocery 3,915.78,674.14,241.64,49,Male,West,7,1,192,0,9,21764.89,0.11666666666666667,2418.321111111111
C0364,Electronics,2024-06-23,2,0.05,Electronics 4,2192.14,1693.62,498.52,24,Female,West,13,1,316,1,8,42545.5,0.11875000000000001,5318.1875
C0231,Grocery,2025-12-14,5,0.05,Grocery 1,755.85,438.39,317.46,62,Male,West,41,2,18,0,8,29938.63,0.10625000000000001,3742.32875
C0744,Clothing,2024-01-10,3,0.2,Clothing 1,1279.68,1075.2,204.48,59,Male,East,46,0,28,0,4,17382.0,0.1375,4345.5
C0170,Beauty,2024-09-14,7,0.1,Beauty 4,1738.21,1123.9,614.31,23,Male,South,48,2,203,0,1,1738.21,0.1,1738.21
C0449,Clothing,2025-04-04,4,0.2,Clothing 3,1514.42,1296.68,217.74,32,Female,East,22,3,110,0,7,10621.79,0.1285714285714286,1517.3985714285716
C0350,Clothing,2024-10-28,4,0.0,Clothing 2,1886.08,1402.14,483.94,45,Male,West,15,0,251,1,7,12059.78,0.04285714285714286,1722.8257142857144
C0310,Electronics,2025-09-08,5,0.2,Electronics 2,5202.87,3138.51,2064.36,52,Female,North,4,0,165,1,8,35223.5,0.1125,4402.9375
C0660,Electronics,2024-07-02,7,0.1,Electronics 1,7334.87,5931.91,1402.96,27,Female,North,15,1,193,1,8,38404.75,0.11875000000000001,4800.59375
C0782,Clothing,2025-02-07,7,0.2,Clothing 5,2988.42,1808.08,1180.34,24,Female,West,45,0,228,0,5,10456.4,0.12000000000000002,2091.2799999999997
C0004,Clothing,2024-04-01,8,0.2,Clothing 5,3185.93,2555.54,630.39,40,Female,North,23,1,90,1,12,47598.26,0.08750000000000001,3966.521666666667
C0370,Furniture,2024-06-03,4,0.0,Furniture 3,7931.55,6605.95,1325.6,35,Female,West,39,0,265,1,7,22981.32,0.028571428571428574,3283.0457142857144
C0095,Beauty,2024-05-06,8,0.0,Beauty 2,2593.64,1948.95,644.69,32,Female,East,13,2,104,1,5,14480.93,0.1,2896.186
C0346,Beauty,2025-06-25,8,0.0,Beauty 2,2371.63,1529.42,842.21,69,Female,North,14,1,315,1,6,36565.69,0.10833333333333334,6094.281666666667
C0493,Beauty,2024-05-27,5,0.1,Beauty 2,1416.11,995.62,420.49,49,Male,North,54,1,120,0,12,41259.65,0.09166666666666667,3438.304166666667
C0329,Beauty,2025-05-03,7,0.2,Beauty 5,1654.59,1215.8,438.79,46,Female,West,28,1,181,1,10,27679.47,0.085,2767.947
C0247,Grocery,2024-09-09,9,0.0,Grocery 1,1242.5,972.91,269.59,39,Female,East,47,1,225,1,6,6553.33,0.10000000000000002,1092.2216666666666
C0249,Clothing,2025-02-16,8,0.0,Clothing 5,3642.48,2811.54,830.94,20,Male,North,20,1,107,0,5,22474.809999999998,0.09,4494.9619999999995
C0239,Furniture,2025-09-29,3,0.05,Furniture 2,5367.39,3704.3,1663.09,50,Female,East,51,1,27,0,4,8979.36,0.1125,2244.84
C0260,Clothing,2025-09-22,7,0.05,Clothing 2,3472.81,2831.58,641.23,59,Female,East,26,0,119,0,4,16226.49,0.1125,4056.6225
C0299,Furniture,2024-01-09,5,0.0,Furniture 5,9747.3,7992.74,1754.56,19,Male,South,7,2,190,1,3,28041.76,0.05000000000000001,9347.253333333332
C0550,Beauty,2025-07-26,2,0.1,Beauty 5,535.04,424.67,110.37,59,Male,South,2,2,34,0,4,13266.27,0.1,3316.5675
C0076,Electronics,2025-11-28,4,0.2,Electronics 5,3534.24,2280.48,1253.76,35,Female,North,31,0,108,0,6,18349.7,0.1416666666666667,3058.2833333333333
C0032,Furniture,2025-05-02,9,0.0,Furniture 2,18442.94,13173.58,5269.36,22,Male,North,10,0,32,0,7,26049.53,0.07857142857142858,3721.3614285714284
C0413,Beauty,2024-05-16,9,0.0,Beauty 3,2863.86,2008.9,854.96,24,Female,West,57,0,28,0,3,3954.0800000000004,0.06666666666666667,1318.0266666666669
C0545,Grocery,2025-04-30,8,0.0,Grocery 2,1229.92,1028.06,201.86,20,Female,South,7,1,3,1,8,20033.53,0.07500000000000001,2504.19125
C0206,Clothing,2025-04-09,9,0.0,Clothing 1,4936.15,4111.14,825.01,57,Female,North,32,1,199,0,3,9150.259999999998,0.03333333333333333,3050.086666666666
C0160,Clothing,2025-04-28,6,0.05,Clothing 2,2574.31,2196.22,378.09,69,Male,South,35,1,342,1,5,36640.45,0.08,7328.089999999999
C0499,Electronics,2024-11-09,7,0.0,Electronics 1,7586.33,4786.3,2800.03,40,Male,North,12,2,218,1,2,14517.3,0.025,7258.65
C0307,Clothing,2025-01-18,2,0.05,Clothing 1,950.0,771.36,178.64,46,Female,North,18,2,38,0,8,20996.61,0.125,2624.57625
C0588,Furniture,2025-04-20,3,0.0,Furniture 3,5719.69,4888.27,831.42,61,Female,South,54,1,200,0,6,27417.58,0.06666666666666667,4569.596666666667
C0117,Grocery,2024-12-04,2,0.1,Grocery 4,280.07,170.36,109.71,25,Female,South,32,1,321,1,5,19787.03,0.13,3957.406
C0096,Clothing,2025-07-18,9,0.05,Clothing 2,4525.69,2552.39,1973.3,30,Female,South,48,2,89,0,4,20854.77,0.1,5213.6925
C0442,Grocery,2025-06-02,6,0.0,Grocery 3,828.44,486.23,342.21,24,Female,East,46,1,364,1,7,21242.95,0.09285714285714286,3034.707142857143
C0313,Beauty,2024-08-09,9,0.0,Beauty 4,2925.36,2229.62,695.74,32,Male,West,31,0,290,1,5,26620.8,0.06000000000000001,5324.16
C0583,Electronics,2025-03-21,4,0.05,Electronics 5,4131.29,2881.89,1249.4,20,Female,East,49,1,257,1,9,64267.66,0.08333333333333333,7140.851111111111
C0404,Electronics,2025-07-06,4,0.1,Electronics 3,4482.78,2771.56,1711.22,43,Female,West,11,4,88,1,7,35907.72,0.05714285714285715,5129.674285714286
C0283,Beauty,2024-12-23,7,0.0,Beauty 2,2051.49,1507.65,543.84,43,Female,West,48,1,101,1,5,23334.94,0.08,4666.987999999999
C0127,Furniture,2025-06-05,6,0.05,Furniture 4,11781.76,9719.16,2062.6,57,Male,East,56,3,178,0,6,28598.3,0.10833333333333334,4766.383333333333
C0130,Grocery,2024-04-02,4,0.1,Grocery 1,496.54,421.83,74.71,47,Female,West,55,0,101,0,5,18071.14,0.07,3614.228
C0604,Beauty,2024-10-08,3,0.05,Beauty 1,929.74,755.97,173.77,60,Male,South,42,0,349,1,5,7526.349999999999,0.09,1505.27
C0181,Grocery,2025-05-27,5,0.0,Grocery 2,815.61,701.37,114.24,25,Female,South,28,2,242,0,5,15946.84,0.09,3189.368
C0401,Grocery,2025-10-15,1,0.05,Grocery 2,143.05,108.93,34.12,58,Male,North,27,0,51,0,9,32108.64,0.1111111111111111,3567.6266666666666
C0654,Clothing,2025-04-16,2,0.0,Clothing 1,1001.92,844.59,157.33,46,Female,South,47,2,309,1,4,11096.08,0.08750000000000001,2774.02
C0718,Beauty,2025-04-29,1,0.2,Beauty 1,246.47,171.55,74.92,30,Male,West,2,0,89,0,2,545.2,0.125,272.6
C0214,Furniture,2024-09-06,2,0.2,Furniture 5,3251.24,2758.25,492.99,56,Female,West,7,1,349,1,10,42563.03,0.075,4256.303
C0087,Clothing,2025-05-26,2,0.05,Clothing 4,958.27,827.5,130.77,34,Male,South,4,0,37,0,9,15399.86,0.1111111111111111,1711.0955555555556
C0619,Furniture,2024-09-17,1,0.0,Furniture 4,2035.68,1608.68,427.0,25,Male,North,44,1,311,1,7,10426.970000000001,0.05714285714285715,1489.567142857143
C0549,Furniture,2024-02-08,1,0.0,Furniture 1,2143.45,1502.27,641.18,53,Female,West,31,0,274,0,7,24352.77,0.03571428571428571,3478.967142857143
C0264,Electronics,2024-06-29,8,0.1,Electronics 4,8831.92,5728.26,3103.66,69,Female,West,13,1,291,1,7,19385.37,0.07142857142857142,2769.3385714285714
C0474,Electronics,2025-03-22,2,0.2,Electronics 2,1803.2,1196.99,606.21,50,Female,East,23,0,318,1,5,6499.9800000000005,0.11000000000000001,1299.996
C0150,Grocery,2025-12-03,5,0.05,Grocery 4,771.48,460.05,311.43,62,Male,West,39,2,24,0,5,11792.529999999999,0.09,2358.506
C0560,Furniture,2024-12-27,1,0.1,Furniture 3,1697.75,961.79,735.96,45,Male,West,55,0,297,1,2,9238.619999999999,0.1,4619.3099999999995
C0581,Furniture,2025-09-19,9,0.0,Furniture 2,16794.58,11673.01,5121.57,61,Male,North,4,2,161,0,6,34150.950000000004,0.11666666666666668,5691.825000000001
C0239,Clothing,2025-07-21,3,0.2,Clothing 2,1319.29,745.31,573.98,50,Female,East,51,1,27,0,4,8979.36,0.1125,2244.84
C0374,Beauty,2025-02-13,7,0.05,Beauty 1,1880.65,1613.98,266.67,64,Male,East,33,2,240,1,7,18780.43,0.09285714285714286,2682.9185714285713
C0267,Grocery,2025-08-10,6,0.0,Grocery 5,828.02,643.77,184.25,36,Female,West,57,0,292,1,6,30778.89,0.125,5129.815
C0025,Clothing,2024-10-20,7,0.2,Clothing 3,2834.72,2396.14,438.58,51,Male,West,34,0,334,1,3,9385.439999999999,0.13333333333333333,3128.4799999999996
C0101,Electronics,2024-11-19,6,0.2,Electronics 4,6136.93,4329.89,1807.04,28,Male,North,6,1,327,1,2,7056.54,0.1,3528.27
C0767,Beauty,2025-06-21,5,0.05,Beauty 5,1299.81,816.78,483.03,42,Female,North,16,2,163,1,6,32600.55,0.05833333333333334,5433.425
C0364,Furniture,2025-04-11,7,0.2,Furniture 1,11177.83,7283.45,3894.38,24,Female,West,13,1,316,1,8,42545.5,0.11875000000000001,5318.1875
C0118,Grocery,2025-01-20,8,0.0,Grocery 2,1096.44,931.05,165.39,30,Male,South,9,1,110,0,5,24960.2,0.04,4992.04
C0035,Clothing,2024-11-12,4,0.05,Clothing 1,1872.9,1110.0,762.9,21,Female,East,34,3,23,0,7,25360.25,0.09285714285714286,3622.8928571428573
C0282,Electronics,2025-12-13,9,0.1,Electronics 1,9416.66,7480.53,1936.13,52,Female,North,23,1,176,1,2,10527.08,0.15000000000000002,5263.54
C0786,Electronics,2024-02-17,9,0.1,Electronics 5,9014.58,5670.09,3344.49,19,Female,West,46,2,215,0,6,29511.649999999998,0.10833333333333334,4918.608333333333
C0307,Electronics,2024-02-10,7,0.05,Electronics 4,8667.91,5838.79,2829.12,46,Female,North,18,2,38,0,8,20996.61,0.125,2624.57625
C0799,Grocery,2024-12-15,9,0.2,Grocery 3,1109.14,611.21,497.93,41,Female,East,16,0,107,0,7,15556.59,0.14285714285714285,2222.37
C0391,Electronics,2024-01-26,1,0.2,Electronics 2,1025.87,736.25,289.62,27,Male,South,10,2,250,1,10,21076.36,0.075,2107.636
C0611,Electronics,2024-09-05,5,0.0,Electronics 3,6487.13,3859.35,2627.78,42,Female,West,30,2,298,1,4,25636.940000000002,0.1,6409.235000000001
C0628,Clothing,2025-02-19,6,0.2,Clothing 3,2606.49,2217.8,388.69,44,Male,South,14,0,353,0,4,21879.48,0.07500000000000001,5469.87
C0022,Furniture,2024-10-22,9,0.0,Furniture 2,18893.21,11037.5,7855.71,27,Male,West,7,3,113,1,5,26522.59,0.030000000000000006,5304.518
C0004,Grocery,2024-05-28,2,0.1,Grocery 1,259.58,165.52,94.06,40,Female,North,23,1,90,1,12,47598.26,0.08750000000000001,3966.521666666667
C0737,Electronics,2024-07-26,8,0.05,Electronics 3,9719.97,5396.33,4323.64,35,Male,West,29,1,227,0,7,30951.19,0.05714285714285715,4421.598571428572
C0745,Furniture,2025-03-17,1,0.05,Furniture 3,1907.67,1712.15,195.52,36,Female,South,33,1,330,1,5,12800.32,0.07,2560.064
C0106,Grocery,2025-11-25,4,0.0,Grocery 4,572.6,443.48,129.12,58,Male,West,28,1,287,1,5,7485.89,0.09,1497.178
C0516,Electronics,2025-07-24,7,0.05,Electronics 2,7797.7,6045.18,1752.52,63,Female,West,37,1,96,0,8,56319.619999999995,0.1125,7039.952499999999
C0738,Furniture,2025-02-03,3,0.0,Furniture 1,5761.47,4215.1,1546.37,56,Female,North,28,0,156,0,4,17906.63,0.1,4476.6575
C0760,Beauty,2024-04-10,8,0.2,Beauty 5,1907.02,1628.25,278.77,27,Male,East,7,0,66,0,4,25134.18,0.17500000000000002,6283.545
C0237,Grocery,2024-06-26,9,0.0,Grocery 3,1425.96,856.24,569.72,40,Male,South,44,1,219,1,4,8098.14,0.125,2024.535
C0653,Electronics,2024-11-17,2,0.05,Electronics 4,2273.1,1880.99,392.11,59,Male,East,22,0,222,1,6,12273.32,0.05000000000000001,2045.5533333333333
C0517,Clothing,2024-06-29,3,0.0,Clothing 1,1430.36,1190.76,239.6,21,Female,East,56,1,120,0,5,12866.14,0.08,2573.228
C0742,Grocery,2025-05-17,1,0.0,Grocery 1,137.62,77.43,60.19,50,Male,East,27,0,220,1,3,3083.65,0.05000000000000001,1027.8833333333334
C0117,Beauty,2024-09-24,7,0.05,Beauty 1,2136.95,1274.56,862.39,25,Female,South,32,1,321,1,5,19787.03,0.13,3957.406
C0480,Beauty,2025-08-31,8,0.2,Beauty 4,1888.27,1400.16,488.11,32,Female,West,3,1,265,1,4,7087.83,0.1125,1771.9575
C0019,Beauty,2024-07-15,6,0.05,Beauty 2,1690.14,982.93,707.21,41,Female,West,25,1,340,1,5,7449.74,0.07,1489.9479999999999
C0285,Beauty,2024-12-28,2,0.2,Beauty 4,505.32,327.87,177.45,66,Female,North,29,1,10,0,7,18497.78,0.09285714285714286,2642.54
C0009,Grocery,2025-06-05,2,0.2,Grocery 5,256.79,177.52,79.27,22,Female,North,2,2,236,1,3,3073.66,0.16666666666666666,1024.5533333333333
C0354,Furniture,2024-05-30,1,0.05,Furniture 4,1904.24,1152.11,752.13,68,Male,West,59,0,120,0,7,34790.13,0.09285714285714286,4970.018571428571
C0648,Furniture,2025-07-09,5,0.2,Furniture 5,8211.79,6540.29,1671.5,67,Female,North,10,3,163,1,4,17471.45,0.08750000000000001,4367.8625
C0526,Furniture,2025-03-03,7,0.05,Furniture 5,12606.16,9117.68,3488.48,66,Female,South,37,0,11,0,8,48302.36,0.05625,6037.795
C0253,Furniture,2025-04-17,2,0.1,Furniture 4,3913.25,3028.6,884.65,35,Female,North,23,1,269,1,7,26987.69,0.15714285714285717,3855.3842857142854
C0341,Electronics,2024-11-27,8,0.1,Electronics 5,8757.37,6270.32,2487.05,33,Male,South,6,2,116,0,7,30460.81,0.07857142857142858,4351.544285714286
C0293,Beauty,2025-11-13,3,0.1,Beauty 4,845.58,587.14,258.44,35,Male,East,26,2,191,1,5,11418.38,0.1,2283.676
C0585,Electronics,2025-07-17,5,0.2,Electronics 2,4429.64,3199.69,1229.95,66,Male,South,39,0,306,1,6,20009.36,0.13333333333333333,3334.8933333333334
C0212,Grocery,2024-05-20,7,0.0,Grocery 1,1078.75,932.94,145.81,59,Male,East,11,1,135,1,5,29528.32,0.05,5905.664
C0073,Grocery,2025-02-09,5,0.05,Grocery 2,693.83,477.78,216.05,24,Male,West,13,0,247,1,4,17090.31,0.037500000000000006,4272.5775
C0405,Beauty,2025-10-21,5,0.1,Beauty 3,1336.52,1035.52,301.0,44,Female,North,58,1,355,1,9,57173.520000000004,0.10555555555555557,6352.613333333334
C0663,Electronics,2024-07-22,4,0.05,Electronics 2,4726.13,3978.87,747.26,28,Male,East,8,1,317,1,5,14129.300000000001,0.13,2825.86
C0381,Grocery,2025-01-26,4,0.2,Grocery 1,508.45,390.17,118.28,66,Female,East,56,1,105,0,5,22000.81,0.1,4400.162
C0163,Clothing,2025-07-04,3,0.05,Clothing 3,1382.07,869.49,512.58,39,Male,East,25,0,217,0,8,42728.77,0.07500000000000001,5341.09625
C0036,Electronics,2024-07-18,3,0.05,Electronics 3,3675.29,2178.29,1497.0,62,Female,North,38,2,77,0,5,26673.96,0.11000000000000001,5334.7919999999995
C0755,Clothing,2025-01-12,7,0.05,Clothing 5,3138.13,2374.96,763.17,40,Male,South,51,1,176,0,5,16464.54,0.06000000000000001,3292.9080000000004
C0608,Grocery,2025-02-07,8,0.1,Grocery 5,1093.59,879.89,213.7,68,Male,North,38,1,135,1,8,44574.15,0.06875,5571.76875
C0124,Beauty,2024-05-09,8,0.0,Beauty 4,2232.61,1828.64,403.97,62,Male,East,4,0,151,0,9,33364.44,0.061111111111111116,3707.1600000000003
C0059,Clothing,2024-05-09,3,0.0,Clothing 5,1436.77,1139.12,297.65,53,Female,South,4,1,121,0,8,38746.31,0.08750000000000001,4843.28875
C0103,Beauty,2025-02-15,3,0.2,Beauty 2,776.94,428.26,348.68,18,Female,North,7,2,205,1,7,25138.02,0.05714285714285715,3591.1457142857143
C0301,Furniture,2024-05-10,1,0.0,Furniture 5,1804.62,1481.31,323.31,60,Male,East,47,2,124,0,7,40411.189999999995,0.05714285714285715,5773.027142857142
C0649,Beauty,2025-11-23,3,0.0,Beauty 5,974.81,742.43,232.38,62,Male,South,42,0,335,1,5,13377.1,0.06000000000000001,2675.42
C0127,Beauty,2025-01-17,6,0.05,Beauty 1,1651.31,1479.35,171.96,57,Male,East,56,3,178,0,6,28598.3,0.10833333333333334,4766.383333333333
C0654,Furniture,2025-05-30,3,0.05,Furniture 4,5923.21,4842.85,1080.36,46,Female,South,47,2,309,1,4,11096.08,0.08750000000000001,2774.02
C0001,Furniture,2024-10-16,7,0.0,Furniture 3,12856.81,9007.13,3849.68,58,Male,East,34,2,71,0,4,15625.63,0.07500000000000001,3906.4075
C0591,Electronics,2024-08-06,1,0.2,Electronics 2,987.12,776.52,210.6,64,Female,South,38,1,273,1,7,21408.56,0.09285714285714286,3058.3657142857146
C0225,Furniture,2024-12-21,4,0.0,Furniture 3,8655.14,6626.18,2028.96,33,Male,West,35,0,94,0,5,37813.05,0.07,7562.610000000001
C0768,Electronics,2025-06-02,3,0.05,Electronics 5,3457.76,2310.09,1147.67,25,Female,North,49,1,103,0,8,16709.489999999998,0.09375,2088.6862499999997
C0380,Furniture,2024-10-17,5,0.0,Furniture 5,9724.24,7164.19,2560.05,18,Female,East,19,1,13,0,7,33203.7,0.08571428571428573,4743.385714285714
C0216,Furniture,2024-07-25,1,0.05,Furniture 2,2011.56,1250.25,761.31,22,Male,North,59,2,314,1,2,8205.88,0.07500000000000001,4102.94
C0194,Furniture,2024-04-15,4,0.0,Furniture 3,8340.36,4843.59,3496.77,67,Female,South,19,0,50,0,8,26820.29,0.125,3352.53625
C0661,Furniture,2025-01-31,8,0.2,Furniture 3,11821.29,9534.56,2286.73,56,Male,West,19,2,190,1,5,27086.36,0.1,5417.272
C0322,Clothing,2025-05-11,8,0.2,Clothing 4,3306.05,2262.81,1043.24,49,Male,West,7,1,192,0,9,21764.89,0.11666666666666667,2418.321111111111
C0281,Clothing,2025-01-19,3,0.0,Clothing 3,1549.4,1261.99,287.41,43,Female,South,6,1,344,1,5,8565.73,0.030000000000000006,1713.146
C0588,Grocery,2024-07-05,4,0.0,Grocery 2,630.23,454.34,175.89,61,Female,South,54,1,200,0,6,27417.58,0.06666666666666667,4569.596666666667
C0429,Grocery,2024-06-29,7,0.2,Grocery 5,809.14,674.36,134.78,55,Male,South,8,0,320,1,5,18514.11,0.07,3702.822
C0531,Clothing,2024-10-02,5,0.05,Clothing 2,2328.11,1883.12,444.99,26,Female,West,40,1,285,0,3,16381.02,0.05000000000000001,5460.34
C0356,Grocery,2024-09-10,5,0.0,Grocery 2,819.01,669.5,149.51,25,Male,East,53,0,145,0,6,16028.41,0.10833333333333334,2671.4016666666666
C0051,Grocery,2024-05-28,4,0.0,Grocery 2,608.81,426.33,182.48,28,Female,North,53,2,273,1,8,39738.32,0.08125,4967.29
C0004,Clothing,2025-11-18,8,0.05,Clothing 2,3806.46,3374.09,432.37,40,Female,North,23,1,90,1,12,47598.26,0.08750000000000001,3966.521666666667
C0031,Furniture,2024-08-28,6,0.1,Furniture 3,11851.6,8199.4,3652.2,29,Male,West,31,3,152,1,5,25199.07,0.06999999999999999,5039.814
C0459,Clothing,2024-07-01,9,0.1,Clothing 4,3830.94,3170.49,660.45,23,Female,South,27,1,310,1,6,35829.26,0.125,5971.543333333334
C0410,Clothing,2025-03-18,8,0.0,Clothing 1,3918.35,2826.53,1091.82,27,Female,South,31,0,315,1,8,35139.41,0.07500000000000001,4392.42625
C0598,Grocery,2025-08-07,4,0.05,Grocery 5,599.63,379.13,220.5,50,Male,East,26,0,225,1,5,14698.26,0.09000000000000001,2939.652
C0715,Electronics,2024-12-05,3,0.05,Electronics 2,3565.76,2746.06,819.7,59,Female,North,30,0,364,1,4,16959.01,0.05,4239.7525
C0139,Furniture,2025-05-02,1,0.1,Furniture 1,1968.01,1405.53,562.48,40,Female,North,30,2,16,0,8,11108.94,0.1,1388.6175
C0765,Furniture,2024-03-10,6,0.05,Furniture 4,11751.8,7549.64,4202.16,58,Male,North,24,0,112,0,3,13218.96,0.06666666666666667,4406.32
C0745,Beauty,2025-01-23,7,0.0,Beauty 2,2021.5,1382.48,639.02,36,Female,South,33,1,330,1,5,12800.32,0.07,2560.064
C0492,Clothing,2024-02-18,4,0.2,Clothing 4,1567.25,949.72,617.53,57,Male,West,22,0,361,1,6,50652.009999999995,0.13333333333333333,8442.001666666665
C0424,Grocery,2024-04-10,1,0.1,Grocery 5,123.92,110.97,12.95,39,Male,North,37,1,161,0,3,3518.46,0.06666666666666667,1172.82
C0141,Grocery,2025-03-08,8,0.05,Grocery 4,1236.61,958.51,278.1,29,Male,East,58,0,29,0,4,6170.42,0.037500000000000006,1542.605
C0142,Furniture,2024-05-29,3,0.0,Furniture 4,5554.4,3392.3,2162.1,32,Female,South,57,0,58,0,5,21772.43,0.030000000000000006,4354.486
C0014,Furniture,2024-01-27,6,0.0,Furniture 3,12109.69,9900.95,2208.74,55,Female,North,22,0,211,0,5,39154.17,0.07,7830.834
C0516,Beauty,2024-05-10,1,0.2,Beauty 2,235.27,178.96,56.31,63,Female,West,37,1,96,0,8,56319.619999999995,0.1125,7039.952499999999
C0346,Beauty,2025-07-18,1,0.2,Beauty 4,222.44,178.6,43.84,69,Female,North,14,1,315,1,6,36565.69,0.10833333333333334,6094.281666666667
C0153,Electronics,2025-03-04,9,0.1,Electronics 2,9317.58,7030.77,2286.81,33,Male,South,12,0,69,0,5,25843.85,0.11000000000000001,5168.7699999999995
C0107,Clothing,2024-10-05,7,0.0,Clothing 5,3593.5,2052.48,1541.02,52,Male,West,37,1,110,1,6,14448.84,0.03333333333333333,2408.14
C0050,Furniture,2025-12-11,1,0.05,Furniture 3,1721.88,1069.52,652.36,57,Female,North,50,1,311,1,6,9367.779999999999,0.075,1561.2966666666664
C0512,Grocery,2024-10-08,1,0.05,Grocery 3,155.78,127.59,28.19,61,Female,West,28,0,8,0,11,37494.68,0.10909090909090911,3408.6072727272726
C0548,Grocery,2025-10-02,5,0.0,Grocery 4,811.36,660.47,150.89,44,Female,West,32,1,267,1,6,24719.54,0.08333333333333333,4119.923333333333
C0505,Electronics,2024-09-08,7,0.0,Electronics 1,7702.13,6268.43,1433.7,41,Female,South,51,1,15,0,5,24785.989999999998,0.08,4957.197999999999
C0088,Grocery,2024-01-19,4,0.05,Grocery 3,611.99,339.85,272.14,57,Male,West,31,1,188,1,7,18238.84,0.028571428571428574,2605.5485714285714
C0033,Furniture,2024-03-21,8,0.05,Furniture 4,14678.86,12209.92,2468.94,46,Male,West,19,1,2,0,6,21158.34,0.041666666666666664,3526.39
C0084,Electronics,2024-07-18,6,0.1,Electronics 4,5919.49,4165.51,1753.98,50,Female,South,21,1,49,0,6,25906.21,0.10833333333333334,4317.701666666667
C0601,Grocery,2024-05-16,6,0.1,Grocery 2,778.59,617.25,161.34,58,Male,North,40,0,215,0,6,10347.54,0.09166666666666667,1724.5900000000001
C0591,Beauty,2024-04-24,3,0.05,Beauty 1,907.82,585.75,322.07,64,Female,South,38,1,273,1,7,21408.56,0.09285714285714286,3058.3657142857146
C0235,Grocery,2024-10-06,7,0.05,Grocery 1,1030.58,844.39,186.19,55,Female,North,2,0,10,0,7,43237.93,0.07857142857142858,6176.847142857143
C0044,Beauty,2025-12-13,8,0.1,Beauty 5,2047.06,1829.66,217.4,21,Male,North,36,0,354,1,5,16385.780000000002,0.06000000000000001,3277.1560000000004
C0255,Clothing,2024-05-26,1,0.0,Clothing 2,521.92,333.37,188.55,25,Female,West,34,1,38,0,5,17583.96,0.02,3516.792
C0647,Electronics,2024-06-20,7,0.0,Electronics 1,8749.14,7213.4,1535.74,45,Female,North,45,0,354,0,4,17425.05,0.0625,4356.2625
C0114,Furniture,2025-12-27,8,0.2,Furniture 3,13421.73,10223.77,3197.96,44,Female,East,7,1,103,1,6,39586.520000000004,0.09999999999999999,6597.753333333334
C0636,Clothing,2024-05-26,4,0.0,Clothing 5,2016.26,1301.66,714.6,30,Male,North,48,0,223,0,4,5766.71,0.08750000000000001,1441.6775
C0370,Electronics,2025-08-29,7,0.0,Electronics 2,8935.83,5835.32,3100.51,35,Female,West,39,0,265,1,7,22981.32,0.028571428571428574,3283.0457142857144
C0113,Electronics,2025-03-29,4,0.1,Electronics 1,4442.14,3580.69,861.45,41,Female,East,45,0,126,0,6,30657.06,0.10000000000000002,5109.51
C0747,Beauty,2025-11-08,2,0.1,Beauty 1,499.54,324.46,175.08,34,Female,West,50,0,68,1,5,13643.189999999999,0.09,2728.638
C0414,Furniture,2025-02-10,8,0.0,Furniture 1,16992.82,9630.3,7362.52,18,Male,East,12,1,266,1,6,40812.37,0.06666666666666667,6802.061666666667
C0537,Clothing,2025-03-09,3,0.2,Clothing 2,1157.7,990.86,166.84,24,Male,North,43,2,8,0,7,15154.029999999999,0.1285714285714286,2164.8614285714284
C0077,Grocery,2024-06-13,7,0.0,Grocery 1,1093.06,826.5,266.56,29,Female,South,11,0,236,1,6,16521.54,0.09166666666666667,2753.59
C0297,Clothing,2025-02-23,3,0.1,Clothing 4,1397.29,1139.44,257.85,40,Female,West,25,1,107,0,7,24131.82,0.10714285714285714,3447.402857142857
C0506,Electronics,2025-05-04,4,0.1,Electronics 2,4178.23,3180.17,998.06,45,Male,West,37,2,321,1,9,35410.65,0.09444444444444446,3934.516666666667
C0516,Beauty,2025-12-21,7,0.2,Beauty 3,1566.33,1144.61,421.72,63,Female,West,37,1,96,0,8,56319.619999999995,0.1125,7039.952499999999
C0050,Beauty,2024-03-11,4,0.1,Beauty 3,1122.11,919.56,202.55,57,Female,North,50,1,311,1,6,9367.779999999999,0.075,1561.2966666666664
C0483,Clothing,2024-04-24,8,0.1,Clothing 4,3851.3,2161.56,1689.74,59,Female,East,3,1,203,1,5,7389.03,0.14,1477.806
C0755,Clothing,2024-01-15,1,0.0,Clothing 4,533.82,351.87,181.95,40,Male,South,51,1,176,0,5,16464.54,0.06000000000000001,3292.9080000000004
C0629,Beauty,2025-07-31,1,0.2,Beauty 3,246.07,189.38,56.69,37,Female,West,53,1,262,0,4,13942.71,0.08750000000000001,3485.6775
C0166,Grocery,2024-03-01,1,0.0,Grocery 5,141.82,124.86,16.96,34,Female,East,48,0,252,1,6,20821.87,0.041666666666666664,3470.3116666666665
C0730,Clothing,2025-10-30,3,0.05,Clothing 1,1372.62,944.06,428.56,55,Male,North,22,0,15,0,6,17868.489999999998,0.11666666666666668,2978.0816666666665
C0546,Clothing,2024-09-23,1,0.05,Clothing 3,499.19,444.95,54.24,40,Female,North,35,1,141,0,5,21251.06,0.05,4250.212
C0045,Grocery,2024-07-29,4,0.05,Grocery 2,559.84,455.9,103.94,68,Male,South,53,5,288,1,4,3056.1000000000004,0.125,764.0250000000001
C0102,Grocery,2025-12-12,1,0.1,Grocery 3,141.28,101.68,39.6,59,Male,East,45,0,345,1,7,21262.26,0.05714285714285715,3037.465714285714
C0737,Electronics,2025-06-09,7,0.0,Electronics 1,8079.88,5657.58,2422.3,35,Male,West,29,1,227,0,7,30951.19,0.05714285714285715,4421.598571428572
C0167,Grocery,2025-02-03,2,0.05,Grocery 2,256.86,152.91,103.95,26,Male,South,38,0,259,1,4,11009.8,0.1625,2752.45
C0077,Grocery,2025-10-10,9,0.05,Grocery 5,1309.05,1001.84,307.21,29,Female,South,11,0,236,1,6,16521.54,0.09166666666666667,2753.59
C0360,Clothing,2025-07-04,8,0.1,Clothing 5,3672.66,2087.26,1585.4,61,Female,West,8,1,1,0,7,12345.460000000001,0.07857142857142858,1763.637142857143
C0420,Clothing,2025-04-10,7,0.1,Clothing 3,3230.36,2261.82,968.54,66,Female,South,32,1,310,1,4,5615.14,0.0625,1403.785
C0458,Grocery,2024-08-22,8,0.2,Grocery 1,915.49,579.69,335.8,61,Female,South,43,0,24,0,4,8946.04,0.1125,2236.51
C0527,Clothing,2025-12-20,7,0.0,Clothing 4,3717.75,3289.09,428.66,25,Male,East,19,1,13,0,6,19644.43,0.041666666666666664,3274.0716666666667
C0799,Beauty,2025-06-09,8,0.2,Beauty 2,1915.19,1296.86,618.33,41,Female,East,16,0,107,0,7,15556.59,0.14285714285714285,2222.37
C0607,Grocery,2025-11-21,5,0.05,Grocery 2,749.89,540.85,209.04,44,Female,West,26,1,223,0,3,2442.25,0.11666666666666668,814.0833333333334
C0020,Grocery,2025-12-06,6,0.05,Grocery 1,874.0,595.56,278.44,44,Male,South,16,0,196,0,3,6890.4,0.10000000000000002,2296.7999999999997
C0070,Clothing,2025-02-04,5,0.1,Clothing 2,2212.23,1322.97,889.26,59,Male,West,53,2,287,1,4,31046.55,0.125,7761.6375
C0000,Beauty,2024-09-18,6,0.0,Beauty 2,1864.67,1255.68,608.99,22,Male,South,1,1,106,0,4,14739.93,0.08750000000000001,3684.9825
C0316,Electronics,2025-11-22,4,0.2,Electronics 1,3897.58,3206.34,691.24,55,Female,South,26,3,322,1,7,36075.950000000004,0.1142857142857143,5153.7071428571435
C0280,Grocery,2025-12-30,2,0.05,Grocery 3,285.61,219.18,66.43,32,Female,South,7,1,25,0,6,15234.330000000002,0.05833333333333334,2539.0550000000003
C0746,Electronics,2024-03-30,9,0.2,Electronics 5,8896.71,6255.23,2641.48,45,Female,South,38,5,324,1,3,15212.119999999999,0.11666666666666665,5070.706666666666
C0292,Furniture,2025-04-11,7,0.0,Furniture 1,12840.63,10750.17,2090.46,67,Female,West,54,1,122,0,8,56584.34,0.06875,7073.0425
C0024,Clothing,2025-03-15,7,0.2,Clothing 1,3029.75,1670.76,1358.99,58,Female,East,21,0,296,1,7,31354.340000000004,0.08571428571428573,4479.191428571429
C0707,Clothing,2025-06-30,3,0.05,Clothing 1,1378.0,1156.57,221.43,47,Male,North,22,3,82,0,9,17932.65,0.07777777777777778,1992.5166666666669
C0208,Electronics,2025-12-13,7,0.1,Electronics 3,7143.74,4077.91,3065.83,31,Female,North,32,0,87,0,3,13012.95,0.11666666666666668,4337.650000000001
C0730,Furniture,2024-07-03,5,0.2,Furniture 5,8434.87,7208.4,1226.47,55,Male,North,22,0,15,0,6,17868.489999999998,0.11666666666666668,2978.0816666666665
C0619,Clothing,2025-12-13,1,0.0,Clothing 2,473.12,417.13,55.99,25,Male,North,44,1,311,1,7,10426.970000000001,0.05714285714285715,1489.567142857143
C0704,Clothing,2025-04-14,9,0.05,Clothing 1,4698.88,3931.6,767.28,24,Female,West,42,2,197,0,5,20199.35,0.09,4039.87
C0655,Beauty,2024-03-01,9,0.2,Beauty 1,2125.65,1183.68,941.97,45,Male,East,29,1,63,0,8,31078.710000000003,0.08125,3884.8387500000003
C0114,Electronics,2025-01-08,8,0.0,Electronics 4,9209.52,6761.38,2448.14,44,Female,East,7,1,103,1,6,39586.520000000004,0.09999999999999999,6597.753333333334
C0500,Grocery,2024-04-07,5,0.0,Grocery 2,684.31,574.87,109.44,23,Female,West,30,1,115,1,9,22976.55,0.061111111111111116,2552.95
C0329,Electronics,2025-11-29,3,0.1,Electronics 2,2943.09,2180.11,762.98,46,Female,West,28,1,181,1,10,27679.47,0.085,2767.947
C0503,Electronics,2025-07-11,1,0.0,Electronics 2,1102.83,745.49,357.34,63,Female,North,37,0,69,0,5,22054.96,0.030000000000000006,4410.992
C0596,Electronics,2025-10-22,7,0.2,Electronics 5,6054.76,4327.6,1727.16,48,Female,South,18,0,288,1,7,22800.28,0.1642857142857143,3257.182857142857
C0400,Electronics,2025-03-15,9,0.2,Electronics 2,8341.21,4823.25,3517.96,69,Female,West,47,2,320,0,10,43060.21,0.12,4306.021
C0250,Beauty,2024-10-16,1,0.0,Beauty 4,288.63,208.88,79.75,27,Female,North,52,3,177,0,3,2767.86,0.10000000000000002,922.62
C0733,Grocery,2024-11-08,7,0.0,Grocery 4,1035.32,579.52,455.8,58,Male,West,5,0,182,1,8,20982.43,0.07500000000000001,2622.80375
C0530,Beauty,2025-11-22,1,0.2,Beauty 1,227.18,176.16,51.02,49,Male,East,11,0,231,0,6,16701.18,0.11666666666666668,2783.53
C0708,Clothing,2024-04-20,7,0.1,Clothing 2,2874.53,1973.82,900.71,42,Female,South,54,2,50,0,4,13105.630000000001,0.1,3276.4075000000003
C0189,Furniture,2025-10-07,1,0.2,Furniture 5,1462.77,902.49,560.28,33,Female,West,21,2,70,0,12,57799.59,0.125,4816.6325
C0670,Electronics,2024-11-04,9,0.2,Electronics 5,8090.75,4499.14,3591.61,67,Female,South,25,0,361,0,9,60218.12,0.10555555555555557,6690.902222222223
C0258,Electronics,2025-03-06,2,0.05,Electronics 3,2196.36,1916.85,279.51,27,Male,East,40,0,289,1,5,10875.189999999999,0.09,2175.0379999999996
C0368,Electronics,2025-05-01,4,0.05,Electronics 1,4238.97,3156.81,1082.16,19,Female,West,29,1,133,1,7,25568.27,0.1285714285714286,3652.61
C0688,Beauty,2024-02-29,7,0.1,Beauty 2,1839.01,1427.87,411.14,41,Male,West,14,0,229,1,4,11235.51,0.08750000000000001,2808.8775
C0283,Furniture,2024-04-18,8,0.1,Furniture 5,15615.99,12848.45,2767.54,43,Female,West,48,1,101,1,5,23334.94,0.08,4666.987999999999
C0200,Furniture,2024-04-27,4,0.05,Furniture 4,7237.64,5567.96,1669.68,37,Female,North,51,1,169,1,5,26373.339999999997,0.09,5274.668
C0732,Beauty,2025-07-22,9,0.05,Beauty 1,2394.89,1663.46,731.43,65,Female,South,45,1,342,1,8,13503.85,0.0625,1687.98125
C0771,Clothing,2024-02-26,1,0.05,Clothing 4,490.65,377.63,113.02,69,Male,West,56,1,141,0,2,2394.33,0.025,1197.165
C0248,Furniture,2025-03-21,5,0.1,Furniture 1,8983.59,5734.95,3248.64,58,Female,East,56,0,159,0,7,30919.96,0.0642857142857143,4417.137142857143
C0245,Grocery,2024-03-19,9,0.05,Grocery 2,1166.37,870.66,295.71,22,Male,East,1,1,199,1,7,21723.61,0.1142857142857143,3103.3728571428574
C0182,Grocery,2025-07-14,3,0.05,Grocery 3,452.11,281.19,170.92,43,Female,North,18,0,173,0,8,32395.14,0.10625000000000001,4049.3925
C0018,Furniture,2025-12-14,5,0.0,Furniture 2,10430.69,9086.15,1344.54,61,Female,North,18,2,208,1,10,33457.18,0.065,3345.718
C0442,Grocery,2024-10-29,5,0.2,Grocery 4,657.28,478.73,178.55,24,Female,East,46,1,364,1,7,21242.95,0.09285714285714286,3034.707142857143
C0203,Electronics,2024-06-03,4,0.1,Electronics 1,4698.7,2968.85,1729.85,54,Female,South,34,1,263,1,2,5611.57,0.15000000000000002,2805.785
C0679,Electronics,2024-11-20,7,0.2,Electronics 5,6833.23,5288.04,1545.19,66,Male,East,27,0,177,0,10,32462.629999999997,0.135,3246.263
C0136,Grocery,2025-05-19,5,0.2,Grocery 3,622.32,361.95,260.37,49,Male,East,20,0,100,0,5,21026.57,0.1,4205.314
C0508,Grocery,2025-06-14,7,0.1,Grocery 2,927.9,651.3,276.6,31,Male,South,8,1,38,0,7,27352.89,0.05,3907.555714285714
C0405,Furniture,2025-04-09,5,0.05,Furniture 5,10238.09,8733.99,1504.1,44,Female,North,58,1,355,1,9,57173.520000000004,0.10555555555555557,6352.613333333334
C0489,Grocery,2025-02-28,9,0.1,Grocery 3,1227.83,1005.29,222.54,49,Female,North,12,1,28,0,12,31217.78,0.08750000000000001,2601.4816666666666
C0090,Electronics,2025-04-05,5,0.1,Electronics 3,5211.6,4149.5,1062.1,40,Male,West,21,1,6,0,4,20307.64,0.125,5076.91
C0373,Clothing,2024-06-07,8,0.2,Clothing 1,2886.07,2062.71,823.36,37,Male,South,42,1,4,0,2,5003.76,0.15000000000000002,2501.88
C0500,Grocery,2024-05-30,6,0.0,Grocery 5,915.56,646.76,268.8,23,Female,West,30,1,115,1,9,22976.55,0.061111111111111116,2552.95
C0272,Beauty,2025-11-10,8,0.0,Beauty 5,2412.21,1336.26,1075.95,25,Female,East,51,4,340,1,7,19295.25,0.09285714285714286,2756.464285714286
C0699,Grocery,2025-02-26,8,0.0,Grocery 1,1274.85,968.9,305.95,22,Female,West,17,1,111,0,8,23589.2,0.08750000000000001,2948.65
C0423,Furniture,2025-09-20,3,0.0,Furniture 5,5624.41,4229.29,1395.12,48,Female,East,58,1,304,1,7,20767.87,0.05,2966.8385714285714
C0290,Furniture,2025-04-01,3,0.1,Furniture 4,5740.63,3167.95,2572.68,59,Female,North,44,1,69,0,4,29622.46,0.0625,7405.615
C0024,Clothing,2024-11-28,3,0.0,Clothing 3,1354.59,810.0,544.59,58,Female,East,21,0,296,1,7,31354.340000000004,0.08571428571428573,4479.191428571429
C0134,Beauty,2025-02-20,5,0.0,Beauty 5,1526.19,846.05,680.14,59,Male,West,48,1,295,0,7,24940.86,0.07142857142857142,3562.98
C0381,Furniture,2025-05-19,5,0.05,Furniture 3,9304.02,5941.66,3362.36,66,Female,East,56,1,105,0,5,22000.81,0.1,4400.162
C0320,Beauty,2024-05-15,1,0.2,Beauty 4,231.91,127.86,104.05,34,Male,South,37,0,325,1,3,3999.27,0.16666666666666666,1333.09
C0697,Furniture,2024-12-03,9,0.05,Furniture 1,16871.87,11744.16,5127.71,48,Female,South,19,3,57,1,6,31332.699999999997,0.075,5222.116666666666
C0628,Furniture,2025-06-11,8,0.05,Furniture 1,14359.72,10292.15,4067.57,44,Male,South,14,0,353,0,4,21879.48,0.07500000000000001,5469.87
C0127,Electronics,2024-03-04,6,0.05,Electronics 3,6406.93,4503.93,1903.0,57,Male,East,56,3,178,0,6,28598.3,0.10833333333333334,4766.383333333333
C0473,Grocery,2024-02-23,3,0.2,Grocery 2,381.97,236.74,145.23,42,Female,South,13,1,32,0,7,34309.61,0.08571428571428573,4901.372857142857
C0363,Electronics,2024-04-26,8,0.05,Electronics 5,8623.43,6323.09,2300.34,64,Female,West,3,0,14,0,7,31231.93,0.05,4461.704285714286
C0080,Furniture,2025-03-07,3,0.05,Furniture 1,5970.15,4984.68,985.47,66,Male,West,39,3,62,0,7,15139.73,0.08571428571428573,2162.8185714285714
C0532,Furniture,2024-06-23,3,0.2,Furniture 4,5002.91,3261.52,1741.39,26,Male,East,10,1,108,0,7,24829.2,0.15,3547.0285714285715
C0429,Grocery,2024-11-14,9,0.05,Grocery 4,1162.82,766.77,396.05,55,Male,South,8,0,320,1,5,18514.11,0.07,3702.822
C0069,Clothing,2024-04-07,9,0.05,Clothing 5,4600.82,3404.56,1196.26,42,Male,East,13,0,51,1,6,35650.3,0.075,5941.716666666667
C0374,Electronics,2024-07-01,6,0.2,Electronics 5,6093.34,3849.86,2243.48,64,Male,East,33,2,240,1,7,18780.43,0.09285714285714286,2682.9185714285713
C0585,Furniture,2024-01-13,2,0.05,Furniture 5,4025.01,2689.61,1335.4,66,Male,South,39,0,306,1,6,20009.36,0.13333333333333333,3334.8933333333334
C0261,Furniture,2025-08-12,2,0.1,Furniture 2,3822.62,2707.76,1114.86,26,Female,South,46,0,5,0,5,13105.98,0.1,2621.196
C0285,Grocery,2024-12-06,9,0.1,Grocery 4,1235.06,846.27,388.79,66,Female,North,29,1,10,0,7,18497.78,0.09285714285714286,2642.54
C0088,Furniture,2024-05-08,3,0.0,Furniture 1,6592.06,5513.48,1078.58,57,Male,West,31,1,188,1,7,18238.84,0.028571428571428574,2605.5485714285714
C0163,Furniture,2025-01-19,7,0.0,Furniture 3,13101.63,11099.02,2002.61,39,Male,East,25,0,217,0,8,42728.77,0.07500000000000001,5341.09625
C0784,Grocery,2025-11-12,4,0.2,Grocery 2,438.94,303.31,135.63,42,Female,North,38,1,229,0,8,39552.1,0.10625000000000001,4944.0125
C0496,Electronics,2025-08-25,5,0.05,Electronics 2,5932.75,4192.82,1739.93,24,Male,West,39,3,161,1,4,15731.45,0.05,3932.8625
C0140,Beauty,2025-10-07,9,0.05,Beauty 3,2459.29,2176.26,283.03,69,Female,South,18,2,2,0,8,25484.87,0.11875000000000001,3185.60875
C0386,Grocery,2024-10-23,6,0.1,Grocery 1,827.53,600.85,226.68,21,Male,West,17,0,243,1,4,5253.56,0.025,1313.39
C0154,Furniture,2024-09-20,4,0.0,Furniture 3,7826.72,7024.96,801.76,40,Female,East,58,2,357,1,2,16252.580000000002,0.0,8126.290000000001
C0354,Beauty,2024-08-18,4,0.0,Beauty 3,1160.05,947.74,212.31,68,Male,West,59,0,120,0,7,34790.13,0.09285714285714286,4970.018571428571
C0116,Clothing,2024-08-10,3,0.05,Clothing 2,1537.08,987.55,549.53,19,Female,East,41,1,223,1,6,14200.949999999999,0.10000000000000002,2366.825
C0495,Furniture,2025-11-02,6,0.2,Furniture 3,8912.72,5616.64,3296.08,39,Female,West,32,1,118,0,1,8912.72,0.2,8912.72
C0456,Electronics,2024-04-10,6,0.1,Electronics 4,6076.93,3680.63,2396.3,25,Male,East,34,0,261,1,7,22884.870000000003,0.05,3269.2671428571434
C0506,Beauty,2025-09-13,1,0.1,Beauty 4,279.06,232.22,46.84,45,Male,West,37,2,321,1,9,35410.65,0.09444444444444446,3934.516666666667
C0354,Electronics,2025-10-30,4,0.1,Electronics 1,4564.17,3000.49,1563.68,68,Male,West,59,0,120,0,7,34790.13,0.09285714285714286,4970.018571428571
C0228,Grocery,2025-09-08,6,0.2,Grocery 3,767.84,603.93,163.91,46,Female,East,37,1,31,0,4,18832.12,0.125,4708.03
C0199,Clothing,2025-04-03,1,0.2,Clothing 4,378.49,279.72,98.77,68,Female,East,23,0,158,0,6,11144.96,0.05833333333333333,1857.493333333333
C0172,Electronics,2025-09-16,9,0.0,Electronics 4,11625.36,9754.83,1870.53,58,Male,South,44,2,66,1,8,48007.21,0.08750000000000001,6000.90125
C0343,Grocery,2024-01-24,8,0.1,Grocery 3,1103.66,897.04,206.62,44,Female,North,56,3,127,1,8,46164.85,0.09375,5770.60625
C0361,Beauty,2025-08-19,6,0.1,Beauty 1,1724.72,987.08,737.64,64,Male,West,26,0,325,0,8,21297.59,0.07500000000000001,2662.19875
C0538,Electronics,2025-01-08,1,0.0,Electronics 1,1096.45,732.92,363.53,46,Female,East,54,1,29,0,3,16851.23,0.016666666666666666,5617.076666666667
C0041,Clothing,2025-11-30,5,0.2,Clothing 2,1942.76,1422.17,520.59,57,Female,North,1,1,129,0,7,14342.48,0.10714285714285714,2048.925714285714
C0225,Electronics,2024-03-03,9,0.05,Electronics 4,10311.02,8571.28,1739.74,33,Male,West,35,0,94,0,5,37813.05,0.07,7562.610000000001
C0682,Electronics,2025-11-09,1,0.2,Electronics 4,974.78,779.74,195.04,67,Male,South,17,3,357,1,2,1942.07,0.15000000000000002,971.035
C0732,Clothing,2025-02-22,8,0.0,Clothing 4,3679.26,2731.08,948.18,65,Female,South,45,1,342,1,8,13503.85,0.0625,1687.98125
C0744,Grocery,2024-03-16,8,0.1,Grocery 2,1088.35,906.52,181.83,59,Male,East,46,0,28,0,4,17382.0,0.1375,4345.5
C0245,Furniture,2025-01-06,1,0.1,Furniture 3,1859.58,1305.84,553.74,22,Male,East,1,1,199,1,7,21723.61,0.1142857142857143,3103.3728571428574
C0109,Furniture,2024-01-28,3,0.1,Furniture 1,5250.52,2990.07,2260.45,54,Male,North,8,2,42,0,8,23565.15,0.07500000000000001,2945.64375
C0158,Furniture,2024-03-01,7,0.0,Furniture 4,14002.07,11967.39,2034.68,44,Female,East,2,0,119,1,7,57741.77,0.08571428571428573,8248.824285714285
C0105,Furniture,2025-01-23,9,0.0,Furniture 2,17253.24,12669.19,4584.05,58,Female,West,7,2,335,1,7,43736.840000000004,0.0642857142857143,6248.120000000001
C0763,Clothing,2025-08-18,7,0.1,Clothing 3,3383.42,2818.19,565.23,66,Female,North,19,0,52,1,4,12184.11,0.05,3046.0275
C0706,Beauty,2024-03-19,5,0.2,Beauty 3,1223.81,841.04,382.77,18,Female,South,51,1,163,0,6,15398.68,0.125,2566.4466666666667
C0648,Electronics,2024-07-10,6,0.1,Electronics 2,6546.45,4949.07,1597.38,67,Female,North,10,3,163,1,4,17471.45,0.08750000000000001,4367.8625
C0583,Furniture,2024-10-12,5,0.0,Furniture 1,10888.71,7250.6,3638.11,20,Female,East,49,1,257,1,9,64267.66,0.08333333333333333,7140.851111111111
C0274,Electronics,2025-01-30,6,0.2,Electronics 5,5950.0,4125.44,1824.56,39,Male,South,55,1,34,0,7,39397.979999999996,0.07142857142857142,5628.282857142856
C0380,Furniture,2024-01-01,7,0.05,Furniture 1,12714.33,7648.81,5065.52,18,Female,East,19,1,13,0,7,33203.7,0.08571428571428573,4743.385714285714
C0673,Electronics,2025-04-11,1,0.0,Electronics 5,1234.02,999.01,235.01,22,Male,South,47,1,40,0,8,37772.36,0.0625,4721.545
C0651,Clothing,2024-12-29,2,0.05,Clothing 1,1037.71,672.54,365.17,51,Male,East,11,1,275,1,6,8477.02,0.08333333333333333,1412.8366666666668
C0415,Clothing,2025-12-03,1,0.0,Clothing 1,452.36,296.57,155.79,53,Male,South,6,2,41,1,9,29342.34,0.07777777777777778,3260.26
C0670,Furniture,2024-08-07,8,0.2,Furniture 5,13124.07,8845.18,4278.89,67,Female,South,25,0,361,0,9,60218.12,0.10555555555555557,6690.902222222223
C0277,Electronics,2024-12-26,7,0.2,Electronics 5,6258.79,4388.94,1869.85,58,Male,West,52,3,185,1,9,40737.85,0.07777777777777778,4526.427777777778
C0330,Clothing,2024-02-29,1,0.0,Clothing 5,531.65,399.62,132.03,46,Male,North,57,2,110,0,7,45737.399999999994,0.1142857142857143,6533.914285714285
C0671,Clothing,2025-10-31,1,0.1,Clothing 4,462.66,365.03,97.63,49,Female,South,29,0,158,0,6,19854.58,0.05000000000000001,3309.096666666667
C0301,Furniture,2025-08-31,3,0.0,Furniture 3,6524.39,5131.38,1393.01,60,Male,East,47,2,124,0,7,40411.189999999995,0.05714285714285715,5773.027142857142
C0601,Beauty,2024-09-16,3,0.05,Beauty 1,884.0,617.29,266.71,58,Male,North,40,0,215,0,6,10347.54,0.09166666666666667,1724.5900000000001
C0362,Furniture,2024-12-02,5,0.0,Furniture 3,9034.44,6492.71,2541.73,29,Female,North,22,1,193,0,6,29037.17,0.05833333333333334,4839.528333333333
C0238,Grocery,2025-09-17,5,0.1,Grocery 3,676.4,405.24,271.16,34,Male,North,9,1,117,0,9,26140.66,0.08888888888888889,2904.5177777777776
C0175,Clothing,2024-08-03,4,0.0,Clothing 4,2161.47,1583.34,578.13,42,Male,North,20,2,195,0,9,27782.17,0.061111111111111116,3086.9077777777775
C0485,Beauty,2024-06-21,2,0.2,Beauty 1,454.3,389.32,64.98,30,Male,East,10,2,359,1,6,22640.07,0.05000000000000001,3773.345
C0383,Electronics,2024-06-25,6,0.0,Electronics 1,6599.37,4693.19,1906.18,30,Male,West,50,1,316,1,6,14407.539999999999,0.075,2401.2566666666667
C0295,Electronics,2025-05-31,8,0.05,Electronics 3,9521.08,8362.41,1158.67,45,Male,West,22,2,322,1,3,11738.34,0.10000000000000002,3912.78
C0594,Clothing,2024-06-03,6,0.2,Clothing 5,2401.2,1451.58,949.62,34,Male,East,46,1,112,0,6,39135.35,0.075,6522.558333333333
C0000,Clothing,2024-03-05,8,0.2,Clothing 5,2910.46,2351.41,559.05,22,Male,South,1,1,106,0,4,14739.93,0.08750000000000001,3684.9825
C0073,Grocery,2024-04-30,9,0.0,Grocery 3,1290.58,1029.62,260.96,24,Male,West,13,0,247,1,4,17090.31,0.037500000000000006,4272.5775
C0769,Beauty,2025-12-20,8,0.0,Beauty 2,2316.84,1826.91,489.93,37,Female,North,36,0,118,0,3,13026.460000000001,0.03333333333333333,4342.153333333334
C0530,Furniture,2025-09-29,6,0.2,Furniture 3,9922.29,7759.23,2163.06,49,Male,East,11,0,231,0,6,16701.18,0.11666666666666668,2783.53
C0439,Clothing,2025-11-27,1,0.2,Clothing 3,397.73,221.86,175.87,38,Male,South,58,0,37,0,8,14837.23,0.09375,1854.65375
C0011,Clothing,2024-07-21,4,0.05,Clothing 4,1895.13,1534.57,360.56,68,Female,North,3,2,142,1,4,13419.150000000001,0.0625,3354.7875000000004
C0478,Furniture,2024-11-18,4,0.0,Furniture 2,8490.57,6154.73,2335.84,52,Male,South,52,1,156,0,6,33776.14,0.05833333333333333,5629.356666666667
C0347,Clothing,2024-12-24,7,0.0,Clothing 2,3344.89,2453.36,891.53,66,Female,West,48,0,218,0,9,45544.9,0.07222222222222223,5060.544444444445
C0479,Beauty,2025-01-17,8,0.05,Beauty 3,2358.69,1339.28,1019.41,23,Female,North,58,0,300,1,4,11599.08,0.05,2899.77
C0032,Grocery,2024-01-20,6,0.1,Grocery 5,788.54,485.69,302.85,22,Male,North,10,0,32,0,7,26049.53,0.07857142857142858,3721.3614285714284
C0440,Grocery,2025-03-12,4,0.0,Grocery 5,590.2,512.8,77.4,68,Female,South,26,0,288,1,6,14036.65,0.08333333333333333,2339.4416666666666
C0462,Beauty,2024-01-29,8,0.1,Beauty 4,2184.15,1442.49,741.66,56,Male,North,50,0,182,0,2,4990.46,0.07500000000000001,2495.23
C0232,Clothing,2024-07-19,7,0.2,Clothing 2,2909.56,2001.36,908.2,19,Female,East,54,0,336,1,4,6630.27,0.1625,1657.5675
C0043,Grocery,2024-08-01,8,0.0,Grocery 3,1306.85,805.31,501.54,36,Male,East,13,2,256,1,6,7538.53,0.041666666666666664,1256.4216666666666
C0777,Grocery,2025-05-07,6,0.2,Grocery 3,686.74,529.66,157.08,24,Female,North,18,0,272,1,6,22398.02,0.125,3733.0033333333336
C0567,Clothing,2025-10-16,6,0.2,Clothing 5,2209.8,1788.27,421.53,30,Male,West,14,1,150,1,4,7306.51,0.07500000000000001,1826.6275
C0497,Electronics,2025-05-24,4,0.05,Electronics 2,4495.06,3921.68,573.38,37,Female,West,37,0,3,0,5,9601.1,0.06000000000000001,1920.22
C0613,Clothing,2024-11-13,4,0.0,Clothing 5,2018.69,1507.4,511.29,38,Female,North,44,2,262,1,8,28748.38,0.15000000000000002,3593.5475
C0536,Electronics,2025-01-18,3,0.05,Electronics 4,3233.95,2090.65,1143.3,41,Female,East,46,0,12,0,3,5370.69,0.08333333333333333,1790.2299999999998
C0107,Furniture,2025-01-09,3,0.05,Furniture 4,6145.17,3532.47,2612.7,52,Male,West,37,1,110,1,6,14448.84,0.03333333333333333,2408.14
C0363,Electronics,2024-04-17,6,0.05,Electronics 4,7248.82,4661.99,2586.83,64,Female,West,3,0,14,0,7,31231.93,0.05,4461.704285714286
C0710,Clothing,2025-11-29,4,0.2,Clothing 4,1597.97,1224.73,373.24,53,Male,South,32,0,238,1,2,1844.6100000000001,0.2,922.3050000000001
C0230,Beauty,2025-11-02,2,0.0,Beauty 4,594.01,529.23,64.78,42,Male,South,56,1,123,0,7,22226.55,0.08571428571428573,3175.2214285714285
C0777,Grocery,2024-06-24,1,0.05,Grocery 4,129.41,74.76,54.65,24,Female,North,18,0,272,1,6,22398.02,0.125,3733.0033333333336
C0051,Furniture,2024-03-24,8,0.2,Furniture 2,12894.44,8844.66,4049.78,28,Female,North,53,2,273,1,8,39738.32,0.08125,4967.29
C0264,Furniture,2024-04-30,4,0.0,Furniture 3,8153.2,6388.3,1764.9,69,Female,West,13,1,291,1,7,19385.37,0.07142857142857142,2769.3385714285714
C0280,Clothing,2025-04-04,6,0.0,Clothing 3,3234.98,2429.79,805.19,32,Female,South,7,1,25,0,6,15234.330000000002,0.05833333333333334,2539.0550000000003
C0493,Furniture,2024-01-22,9,0.05,Furniture 5,17103.76,13308.31,3795.45,49,Male,North,54,1,120,0,12,41259.65,0.09166666666666667,3438.304166666667
C0140,Clothing,2024-03-16,2,0.2,Clothing 4,745.18,530.66,214.52,69,Female,South,18,2,2,0,8,25484.87,0.11875000000000001,3185.60875
C0183,Furniture,2025-04-18,9,0.2,Furniture 5,13478.56,8672.95,4805.61,54,Female,West,39,0,13,0,5,27281.52,0.12000000000000002,5456.304
C0529,Furniture,2024-04-16,7,0.2,Furniture 4,10438.1,7504.61,2933.49,65,Male,South,39,2,361,1,8,29180.22,0.0875,3647.5275
C0227,Beauty,2024-02-20,6,0.2,Beauty 3,1566.3,1070.63,495.67,48,Male,West,1,1,364,1,8,34385.47,0.08750000000000001,4298.18375
C0703,Beauty,2024-01-15,4,0.0,Beauty 3,1270.41,1014.11,256.3,26,Male,West,26,1,199,0,9,42204.350000000006,0.1,4689.372222222223
C0696,Electronics,2025-05-30,7,0.05,Electronics 4,8498.33,5184.57,3313.76,55,Female,North,11,1,296,0,4,15478.710000000001,0.0625,3869.6775000000002
C0242,Clothing,2024-09-22,2,0.1,Clothing 5,961.28,695.63,265.65,22,Male,West,12,1,294,1,6,24524.019999999997,0.041666666666666664,4087.336666666666
C0447,Grocery,2024-07-26,3,0.0,Grocery 2,413.61,366.32,47.29,67,Male,East,23,2,20,0,4,5344.469999999999,0.1125,1336.1174999999998
C0266,Clothing,2025-04-11,9,0.2,Clothing 2,3745.57,2757.22,988.35,41,Female,North,15,0,52,0,9,35127.93,0.1,3903.1033333333335
C0275,Furniture,2024-05-04,3,0.1,Furniture 2,5620.68,3558.02,2062.66,43,Male,North,36,2,309,1,9,26887.16,0.13333333333333336,2987.4622222222224
C0536,Beauty,2025-01-15,7,0.2,Beauty 1,1587.54,1393.14,194.4,41,Female,East,46,0,12,0,3,5370.69,0.08333333333333333,1790.2299999999998
C0234,Clothing,2024-12-19,9,0.05,Clothing 4,4267.02,2711.5,1555.52,43,Male,South,5,2,75,0,5,7670.210000000001,0.09,1534.0420000000001
C0119,Beauty,2025-05-07,6,0.1,Beauty 5,1672.63,1359.7,312.93,23,Female,East,59,1,173,0,4,4702.04,0.07500000000000001,1175.51
C0207,Beauty,2025-03-31,3,0.0,Beauty 4,971.52,571.58,399.94,68,Female,South,16,1,179,0,7,36856.619999999995,0.08571428571428573,5265.231428571428
C0743,Beauty,2025-05-07,8,0.0,Beauty 1,2213.0,1877.14,335.86,32,Female,East,34,3,184,1,4,11274.73,0.15000000000000002,2818.6825
C0207,Electronics,2024-06-04,8,0.1,Electronics 2,9317.71,5713.63,3604.08,68,Female,South,16,1,179,0,7,36856.619999999995,0.08571428571428573,5265.231428571428
C0291,Clothing,2024-04-12,5,0.0,Clothing 5,2711.21,1865.21,846.0,31,Male,North,36,4,128,0,8,43569.14,0.07500000000000001,5446.1425
C0503,Electronics,2025-01-24,2,0.05,Electronics 1,2473.17,2196.09,277.08,63,Female,North,37,0,69,0,5,22054.96,0.030000000000000006,4410.992
C0080,Electronics,2024-02-11,4,0.2,Electronics 4,3459.71,2604.43,855.28,66,Male,West,39,3,62,0,7,15139.73,0.08571428571428573,2162.8185714285714
C0214,Electronics,2024-11-27,4,0.05,Electronics 3,4305.55,2765.88,1539.67,56,Female,West,7,1,349,1,10,42563.03,0.075,4256.303
C0139,Grocery,2025-04-01,2,0.05,Grocery 5,295.9,162.81,133.09,40,Female,North,30,2,16,0,8,11108.94,0.1,1388.6175
C0739,Electronics,2025-08-22,4,0.05,Electronics 3,4397.43,2429.04,1968.39,64,Female,North,30,5,188,0,6,18522.94,0.08333333333333333,3087.1566666666663
C0746,Clothing,2025-04-21,2,0.1,Clothing 3,820.99,530.45,290.54,45,Female,South,38,5,324,1,3,15212.119999999999,0.11666666666666665,5070.706666666666
C0604,Beauty,2025-12-27,7,0.2,Beauty 4,1768.35,1298.67,469.68,60,Male,South,42,0,349,1,5,7526.349999999999,0.09,1505.27
C0197,Beauty,2025-02-10,4,0.1,Beauty 5,978.18,704.01,274.17,24,Male,North,43,2,33,0,5,26289.66,0.04,5257.932
C0493,Beauty,2024-11-21,7,0.05,Beauty 3,1973.46,1722.16,251.3,49,Male,North,54,1,120,0,12,41259.65,0.09166666666666667,3438.304166666667
C0529,Electronics,2024-06-28,5,0.05,Electronics 4,6210.24,5076.45,1133.79,65,Male,South,39,2,361,1,8,29180.22,0.0875,3647.5275
C0695,Furniture,2025-05-06,7,0.0,Furniture 5,13832.65,12085.0,1747.65,31,Male,West,45,0,216,1,9,50669.99,0.1111111111111111,5629.998888888888
C0124,Furniture,2025-08-14,7,0.0,Furniture 3,15153.28,11048.6,4104.68,62,Male,East,4,0,151,0,9,33364.44,0.061111111111111116,3707.1600000000003
C0589,Electronics,2024-08-22,2,0.05,Electronics 4,2238.51,1581.13,657.38,61,Female,East,26,0,255,0,3,4974.36,0.08333333333333333,1658.12
C0155,Beauty,2024-02-25,4,0.05,Beauty 2,1105.04,826.71,278.33,52,Female,South,7,2,278,1,6,9692.74,0.11666666666666668,1615.4566666666667
C0454,Grocery,2024-01-08,7,0.2,Grocery 2,774.04,526.54,247.5,49,Female,East,43,3,24,0,4,25626.940000000002,0.1,6406.735000000001
C0703,Beauty,2025-04-06,6,0.2,Beauty 1,1399.13,872.75,526.38,26,Male,West,26,1,199,0,9,42204.350000000006,0.1,4689.372222222223
C0049,Electronics,2025-04-29,2,0.0,Electronics 4,2321.75,1956.84,364.91,58,Female,West,11,0,54,0,2,3485.56,0.0,1742.78
C0118,Furniture,2024-03-28,8,0.05,Furniture 2,16253.52,12810.8,3442.72,30,Male,South,9,1,110,0,5,24960.2,0.04,4992.04
C0650,Electronics,2024-01-17,2,0.0,Electronics 5,2601.56,1727.38,874.18,43,Male,East,50,1,325,1,5,5509.32,0.06000000000000001,1101.864
C0015,Beauty,2025-04-22,9,0.0,Beauty 5,2441.84,1724.42,717.42,58,Female,North,29,1,35,1,6,13034.72,0.06666666666666667,2172.4533333333334
C0548,Furniture,2024-10-17,7,0.05,Furniture 5,12231.36,7692.38,4538.98,44,Female,West,32,1,267,1,6,24719.54,0.08333333333333333,4119.923333333333
C0400,Electronics,2024-10-31,3,0.2,Electronics 2,2962.5,2212.97,749.53,69,Female,West,47,2,320,0,10,43060.21,0.12,4306.021
C0277,Clothing,2024-07-10,2,0.0,Clothing 4,996.95,673.37,323.58,58,Male,West,52,3,185,1,9,40737.85,0.07777777777777778,4526.427777777778
C0690,Clothing,2025-06-08,9,0.1,Clothing 4,3885.47,3327.72,557.75,69,Male,South,21,3,109,1,7,12271.98,0.09285714285714286,1753.1399999999999
C0679,Electronics,2025-06-27,5,0.05,Electronics 3,5426.29,3987.93,1438.36,66,Male,East,27,0,177,0,10,32462.629999999997,0.135,3246.263
C0260,Electronics,2024-02-08,8,0.1,Electronics 3,8164.24,5666.85,2497.39,59,Female,East,26,0,119,0,4,16226.49,0.1125,4056.6225
C0003,Beauty,2024-03-06,8,0.2,Beauty 3,1929.77,1567.68,362.09,40,Female,South,33,1,10,0,5,8771.34,0.11000000000000001,1754.268
C0102,Beauty,2025-02-09,1,0.2,Beauty 2,216.84,187.95,28.89,59,Male,East,45,0,345,1,7,21262.26,0.05714285714285715,3037.465714285714
C0085,Grocery,2025-03-16,7,0.2,Grocery 3,880.13,735.87,144.26,54,Female,East,22,1,189,0,8,32791.37,0.09375,4098.92125
C0785,Beauty,2024-04-15,4,0.05,Beauty 5,1094.49,791.56,302.93,48,Male,West,57,2,147,1,8,45318.29,0.1,5664.78625
C0477,Furniture,2024-04-25,9,0.0,Furniture 2,17736.59,11967.86,5768.73,18,Female,South,56,2,337,1,5,52962.25,0.09,10592.45
C0541,Electronics,2025-05-13,2,0.2,Electronics 1,1930.39,1509.07,421.32,20,Male,West,56,2,165,0,4,5969.79,0.1,1492.4475
C0184,Furniture,2024-11-27,1,0.2,Furniture 1,1507.64,1260.24,247.4,43,Female,East,21,2,13,0,4,8321.880000000001,0.1375,2080.4700000000003
C0680,Electronics,2024-03-28,6,0.2,Electronics 3,6202.03,5535.46,666.57,55,Male,West,26,0,177,0,6,28823.52,0.05833333333333334,4803.92
C0578,Beauty,2025-03-20,5,0.05,Beauty 2,1476.9,1048.66,428.24,64,Female,East,17,0,108,0,4,17419.59,0.1375,4354.8975
C0601,Clothing,2024-02-23,5,0.05,Clothing 3,2550.89,1999.6,551.29,58,Male,North,40,0,215,0,6,10347.54,0.09166666666666667,1724.5900000000001
C0374,Electronics,2024-06-17,3,0.0,Electronics 5,3582.32,2337.77,1244.55,64,Male,East,33,2,240,1,7,18780.43,0.09285714285714286,2682.9185714285713
C0558,Clothing,2025-06-04,5,0.05,Clothing 1,2342.92,1360.33,982.59,59,Male,West,31,2,289,1,4,8429.43,0.1125,2107.3575
C0435,Furniture,2024-06-11,9,0.05,Furniture 1,16201.03,10345.5,5855.53,24,Male,West,33,1,92,0,2,20780.260000000002,0.125,10390.130000000001
C0307,Beauty,2024-02-16,7,0.05,Beauty 2,2012.89,1117.3,895.59,46,Female,North,18,2,38,0,8,20996.61,0.125,2624.57625
C0475,Grocery,2025-12-01,9,0.2,Grocery 3,1100.12,801.22,298.9,58,Female,South,31,0,320,1,5,6342.639999999999,0.15,1268.5279999999998
C0259,Electronics,2024-06-12,3,0.1,Electronics 4,3188.11,2169.84,1018.27,48,Male,East,10,0,114,0,5,36898.36,0.05,7379.6720000000005
C0762,Beauty,2025-01-10,8,0.0,Beauty 1,2229.78,1755.72,474.06,67,Male,West,10,0,364,1,3,5263.780000000001,0.06666666666666667,1754.5933333333335
C0573,Furniture,2025-08-25,4,0.1,Furniture 1,6873.27,5260.53,1612.74,20,Male,West,58,2,301,1,8,19877.23,0.125,2484.65375
C0591,Grocery,2025-12-23,9,0.1,Grocery 1,1096.96,667.78,429.18,64,Female,South,38,1,273,1,7,21408.56,0.09285714285714286,3058.3657142857146
C0573,Grocery,2025-08-14,8,0.1,Grocery 5,1040.93,818.0,222.93,20,Male,West,58,2,301,1,8,19877.23,0.125,2484.65375
C0358,Beauty,2024-09-04,2,0.2,Beauty 1,487.75,300.25,187.5,22,Male,East,22,0,136,0,5,22788.23,0.11000000000000001,4557.646
C0760,Clothing,2025-09-15,9,0.2,Clothing 4,3928.11,2168.65,1759.46,27,Male,East,7,0,66,0,4,25134.18,0.17500000000000002,6283.545
C0166,Electronics,2024-01-10,6,0.05,Electronics 3,6399.36,5692.66,706.7,34,Female,East,48,0,252,1,6,20821.87,0.041666666666666664,3470.3116666666665
C0454,Electronics,2024-08-26,7,0.05,Electronics 1,7270.52,4067.45,3203.07,49,Female,East,43,3,24,0,4,25626.940000000002,0.1,6406.735000000001
C0055,Furniture,2024-05-25,6,0.0,Furniture 3,11511.15,7708.01,3803.14,20,Female,North,29,0,5,0,4,13468.38,0.07500000000000001,3367.095
C0235,Beauty,2025-01-20,2,0.2,Beauty 2,447.05,345.63,101.42,55,Female,North,2,0,10,0,7,43237.93,0.07857142857142858,6176.847142857143
C0459,Furniture,2025-10-12,9,0.2,Furniture 3,14963.09,10169.38,4793.71,23,Female,South,27,1,310,1,6,35829.26,0.125,5971.543333333334
C0391,Furniture,2025-07-18,2,0.1,Furniture 1,3244.14,2217.12,1027.02,27,Male,South,10,2,250,1,10,21076.36,0.075,2107.636
C0752,Clothing,2025-12-29,8,0.0,Clothing 4,4384.69,3520.71,863.98,22,Female,East,12,3,287,1,3,21855.04,0.08333333333333333,7285.013333333333
C0490,Grocery,2024-04-09,2,0.1,Grocery 4,289.21,220.02,69.19,66,Male,West,9,1,55,0,7,55106.509999999995,0.10714285714285714,7872.358571428571
C0329,Electronics,2025-07-03,8,0.2,Electronics 1,7665.67,5606.92,2058.75,46,Female,West,28,1,181,1,10,27679.47,0.085,2767.947
C0341,Clothing,2025-06-12,4,0.0,Clothing 3,2168.38,1865.26,303.12,33,Male,South,6,2,116,0,7,30460.81,0.07857142857142858,4351.544285714286
C0489,Furniture,2024-11-29,3,0.1,Furniture 4,5538.3,3255.63,2282.67,49,Female,North,12,1,28,0,12,31217.78,0.08750000000000001,2601.4816666666666
C0632,Beauty,2024-03-12,3,0.1,Beauty 1,889.99,635.83,254.16,40,Male,West,34,1,271,1,3,10634.91,0.03333333333333333,3544.97
C0221,Beauty,2024-03-17,3,0.1,Beauty 4,774.09,490.52,283.57,41,Male,West,24,0,344,1,5,20755.550000000003,0.05,4151.110000000001
C0467,Beauty,2025-10-28,9,0.1,Beauty 3,2671.5,1503.74,1167.76,48,Male,West,10,3,147,0,7,27924.32,0.12142857142857144,3989.1885714285713
C0459,Electronics,2024-08-03,7,0.2,Electronics 2,6290.25,5615.07,675.18,23,Female,South,27,1,310,1,6,35829.26,0.125,5971.543333333334
C0007,Beauty,2025-04-10,7,0.0,Beauty 3,2038.44,1644.84,393.6,54,Male,East,42,1,255,0,5,10840.54,0.12000000000000002,2168.108
C0730,Clothing,2025-11-21,6,0.1,Clothing 4,2935.08,1836.38,1098.7,55,Male,North,22,0,15,0,6,17868.489999999998,0.11666666666666668,2978.0816666666665
C0455,Furniture,2024-12-26,4,0.2,Furniture 4,6234.29,4306.97,1927.32,46,Male,South,5,1,287,1,5,17865.11,0.08,3573.022
C0193,Beauty,2024-06-02,9,0.2,Beauty 4,2034.65,1280.02,754.63,36,Male,South,6,1,229,1,6,26047.59,0.06666666666666667,4341.265
C0506,Beauty,2024-12-19,3,0.05,Beauty 1,779.67,615.7,163.97,45,Male,West,37,2,321,1,9,35410.65,0.09444444444444446,3934.516666666667
C0542,Furniture,2024-06-16,9,0.2,Furniture 4,13389.0,9006.2,4382.8,28,Male,West,46,3,172,1,6,33018.34,0.08333333333333333,5503.056666666666
C0732,Clothing,2024-05-12,4,0.05,Clothing 1,1844.98,1608.73,236.25,65,Female,South,45,1,342,1,8,13503.85,0.0625,1687.98125
C0027,Grocery,2025-08-15,4,0.05,Grocery 4,561.02,349.32,211.7,60,Female,East,23,1,237,1,5,9512.630000000001,0.08,1902.5260000000003
C0330,Furniture,2024-09-09,5,0.2,Furniture 2,8067.92,5425.19,2642.73,46,Male,North,57,2,110,0,7,45737.399999999994,0.1142857142857143,6533.914285714285
C0144,Grocery,2025-05-14,7,0.05,Grocery 1,1060.06,928.76,131.3,69,Male,North,48,0,109,0,6,6988.34,0.06666666666666667,1164.7233333333334
C0459,Grocery,2025-06-14,7,0.05,Grocery 4,900.43,774.04,126.39,23,Female,South,27,1,310,1,6,35829.26,0.125,5971.543333333334
C0401,Grocery,2025-02-05,7,0.1,Grocery 3,1009.47,658.79,350.68,58,Male,North,27,0,51,0,9,32108.64,0.1111111111111111,3567.6266666666666
C0379,Grocery,2025-01-29,1,0.1,Grocery 4,137.09,98.58,38.51,31,Male,West,3,2,348,1,8,12434.26,0.1,1554.2825
C0785,Electronics,2024-05-11,2,0.2,Electronics 2,2018.49,1734.48,284.01,48,Male,West,57,2,147,1,8,45318.29,0.1,5664.78625
C0425,Beauty,2025-01-21,8,0.1,Beauty 2,2271.02,1782.12,488.9,28,Female,South,50,1,191,0,5,12154.42,0.12000000000000002,2430.884
C0328,Electronics,2025-07-02,9,0.0,Electronics 4,11670.92,9022.18,2648.74,25,Female,North,35,2,73,0,6,23693.44,0.125,3948.9066666666663
C0053,Beauty,2024-05-22,2,0.0,Beauty 2,551.21,430.6,120.61,42,Male,East,28,2,130,1,4,13011.08,0.0625,3252.77
C0231,Electronics,2024-06-18,9,0.2,Electronics 5,8763.58,7644.85,1118.73,62,Male,West,41,2,18,0,8,29938.63,0.10625000000000001,3742.32875
C0717,Grocery,2025-05-18,3,0.05,Grocery 4,462.47,338.07,124.4,43,Male,South,38,1,42,0,2,1270.28,0.07500000000000001,635.14
C0361,Grocery,2025-12-17,9,0.0,Grocery 5,1409.19,864.71,544.48,64,Male,West,26,0,325,0,8,21297.59,0.07500000000000001,2662.19875
C0728,Grocery,2024-10-13,9,0.0,Grocery 1,1241.08,887.93,353.15,43,Male,North,30,1,103,0,5,8863.89,0.05,1772.7779999999998
C0426,Grocery,2025-08-27,6,0.0,Grocery 3,920.51,741.11,179.4,62,Male,East,22,2,182,1,7,12738.29,0.1,1819.7557142857145
C0438,Beauty,2024-05-13,2,0.0,Beauty 3,635.99,459.34,176.65,22,Male,West,13,0,264,1,4,13649.95,0.05,3412.4875
C0343,Electronics,2025-02-19,8,0.2,Electronics 5,7334.19,4837.94,2496.25,44,Female,North,56,3,127,1,8,46164.85,0.09375,5770.60625
C0445,Beauty,2025-11-19,1,0.1,Beauty 3,277.15,217.07,60.08,52,Female,West,27,1,187,1,2,1632.25,0.07500000000000001,816.125
C0053,Furniture,2024-11-18,4,0.1,Furniture 5,7690.19,5441.43,2248.76,42,Male,East,28,2,130,1,4,13011.08,0.0625,3252.77
C0046,Furniture,2025-01-04,6,0.0,Furniture 2,12057.28,10694.65,1362.63,41,Male,South,46,1,355,1,4,14537.330000000002,0.075,3634.3325000000004
C0380,Electronics,2024-04-23,1,0.1,Electronics 5,1013.94,682.63,331.31,18,Female,East,19,1,13,0,7,33203.7,0.08571428571428573,4743.385714285714
C0478,Electronics,2025-01-20,4,0.2,Electronics 3,3878.16,3106.87,771.29,52,Male,South,52,1,156,0,6,33776.14,0.05833333333333333,5629.356666666667
C0440,Clothing,2025-03-03,8,0.2,Clothing 5,3256.32,2423.6,832.72,68,Female,South,26,0,288,1,6,14036.65,0.08333333333333333,2339.4416666666666
C0343,Clothing,2025-12-17,1,0.05,Clothing 2,465.77,268.82,196.95,44,Female,North,56,3,127,1,8,46164.85,0.09375,5770.60625
C0235,Furniture,2024-05-26,4,0.1,Furniture 2,7458.65,5328.57,2130.08,55,Female,North,2,0,10,0,7,43237.93,0.07857142857142858,6176.847142857143
C0567,Beauty,2024-09-24,1,0.05,Beauty 3,281.2,157.53,123.67,30,Male,West,14,1,150,1,4,7306.51,0.07500000000000001,1826.6275
C0483,Grocery,2025-04-17,6,0.2,Grocery 3,774.35,639.95,134.4,59,Female,East,3,1,203,1,5,7389.03,0.14,1477.806
C0037,Furniture,2025-11-19,1,0.2,Furniture 1,1693.32,1366.65,326.67,61,Male,East,40,2,40,0,7,39181.15,0.05,5597.307142857143
C0361,Electronics,2024-06-22,3,0.0,Electronics 4,3819.44,2168.22,1651.22,64,Male,West,26,0,325,0,8,21297.59,0.07500000000000001,2662.19875
C0568,Furniture,2025-05-22,5,0.05,Furniture 3,9549.55,6922.4,2627.15,51,Female,West,43,1,137,0,3,10507.82,0.03333333333333333,3502.6066666666666
C0627,Electronics,2025-10-03,2,0.0,Electronics 1,2254.25,1998.48,255.77,37,Female,West,45,0,235,1,7,52635.6,0.07857142857142858,7519.371428571429
C0229,Furniture,2025-04-07,3,0.1,Furniture 3,5642.38,3665.42,1976.96,27,Male,West,3,2,262,1,9,29111.4,0.09444444444444446,3234.6000000000004
C0739,Clothing,2024-11-07,8,0.05,Clothing 4,3472.38,3008.84,463.54,64,Female,North,30,5,188,0,6,18522.94,0.08333333333333333,3087.1566666666663
C0521,Grocery,2024-06-20,7,0.1,Grocery 1,948.32,571.73,376.59,25,Male,West,46,3,252,0,6,25249.6,0.05000000000000001,4208.266666666666
C0350,Clothing,2024-07-29,1,0.2,Clothing 5,364.24,201.17,163.07,45,Male,West,15,0,251,1,7,12059.78,0.04285714285714286,1722.8257142857144
C0501,Grocery,2024-02-07,8,0.2,Grocery 4,965.46,710.27,255.19,51,Male,East,48,1,97,0,5,39205.880000000005,0.09,7841.176000000001
C0697,Beauty,2024-04-20,5,0.0,Beauty 2,1555.78,985.95,569.83,48,Female,South,19,3,57,1,6,31332.699999999997,0.075,5222.116666666666
C0181,Beauty,2024-11-15,2,0.0,Beauty 4,590.3,506.32,83.98,25,Female,South,28,2,242,0,5,15946.84,0.09,3189.368
C0120,Clothing,2024-04-12,9,0.2,Clothing 5,3540.17,2782.12,758.05,40,Female,North,27,1,45,0,8,31426.46,0.10625000000000001,3928.3075
C0352,Clothing,2024-01-08,4,0.0,Clothing 5,1849.12,1461.57,387.55,33,Male,North,35,3,214,1,1,1849.12,0.0,1849.12
C0067,Grocery,2025-05-20,3,0.05,Grocery 4,410.56,322.56,88.0,37,Female,East,41,1,254,1,5,7380.18,0.06000000000000001,1476.036
C0668,Furniture,2024-02-21,2,0.2,Furniture 2,3164.34,2492.35,671.99,65,Female,North,9,1,291,0,6,30440.260000000002,0.17500000000000002,5073.376666666667
C0776,Electronics,2024-04-13,8,0.05,Electronics 1,9783.14,7938.92,1844.22,40,Female,West,37,1,266,1,5,19128.57,0.04,3825.714
C0484,Furniture,2025-03-10,3,0.0,Furniture 2,6477.58,5081.41,1396.17,42,Male,North,21,0,329,1,6,40064.729999999996,0.09166666666666667,6677.454999999999
C0783,Beauty,2025-11-03,6,0.2,Beauty 5,1570.63,1322.46,248.17,24,Male,South,4,0,289,1,6,19842.55,0.11666666666666668,3307.0916666666667
C0054,Beauty,2025-06-12,3,0.1,Beauty 2,745.24,555.46,189.78,43,Male,North,49,0,223,1,10,51216.96,0.13,5121.696
C0506,Grocery,2024-01-24,9,0.05,Grocery 2,1230.23,827.63,402.6,45,Male,West,37,2,321,1,9,35410.65,0.09444444444444446,3934.516666666667
C0354,Clothing,2024-05-02,8,0.1,Clothing 5,3573.3,2549.18,1024.12,68,Male,West,59,0,120,0,7,34790.13,0.09285714285714286,4970.018571428571
C0221,Clothing,2025-06-24,5,0.1,Clothing 2,2313.78,1629.09,684.69,41,Male,West,24,0,344,1,5,20755.550000000003,0.05,4151.110000000001
C0249,Furniture,2025-06-18,4,0.1,Furniture 3,7492.03,4992.52,2499.51,20,Male,North,20,1,107,0,5,22474.809999999998,0.09,4494.9619999999995
C0436,Grocery,2024-10-12,6,0.2,Grocery 2,761.19,529.34,231.85,47,Male,East,57,2,319,1,5,19632.64,0.1,3926.528
C0513,Electronics,2025-11-24,5,0.2,Electronics 2,4796.04,3284.07,1511.97,60,Female,West,14,0,248,1,5,27670.420000000002,0.1,5534.084000000001
C0131,Furniture,2025-10-10,9,0.05,Furniture 3,17293.52,10184.14,7109.38,46,Female,West,48,0,293,1,4,33298.41,0.07500000000000001,8324.6025
C0491,Electronics,2025-06-26,7,0.2,Electronics 4,7339.01,6169.86,1169.15,63,Female,South,34,0,205,1,4,25284.91,0.07500000000000001,6321.2275
C0741,Beauty,2025-06-30,1,0.2,Beauty 2,227.52,185.37,42.15,57,Male,South,25,0,259,0,3,3259.9900000000002,0.16666666666666666,1086.6633333333334
C0008,Grocery,2025-07-26,8,0.0,Grocery 1,1272.9,850.47,422.43,28,Male,North,28,0,79,0,4,30234.16,0.075,7558.54
C0702,Clothing,2024-04-18,2,0.05,Clothing 4,990.25,872.21,118.04,26,Male,East,1,2,267,1,7,19026.28,0.09285714285714286,2718.04
C0486,Electronics,2025-05-26,3,0.1,Electronics 3,3006.78,2652.81,353.97,35,Female,East,56,2,164,0,5,11655.76,0.12000000000000002,2331.152
C0273,Electronics,2025-11-17,4,0.2,Electronics 4,4167.55,3541.8,625.75,67,Female,West,12,2,148,1,6,20487.23,0.10000000000000002,3414.5383333333334
C0587,Beauty,2024-06-13,2,0.1,Beauty 3,578.38,324.06,254.32,23,Male,South,47,0,205,0,2,1818.5900000000001,0.07500000000000001,909.2950000000001
C0494,Grocery,2024-01-11,9,0.1,Grocery 4,1282.92,872.29,410.63,33,Female,North,16,0,162,0,4,5910.54,0.07500000000000001,1477.635
C0614,Beauty,2024-09-20,9,0.05,Beauty 4,2373.53,1685.37,688.16,53,Female,North,29,1,273,1,3,19742.239999999998,0.016666666666666666,6580.746666666666
C0065,Beauty,2024-07-15,2,0.0,Beauty 4,556.76,446.27,110.49,34,Female,South,12,0,277,1,3,3039.98,0.06666666666666667,1013.3266666666667
C0047,Electronics,2025-11-23,3,0.2,Electronics 4,2985.52,2305.37,680.15,64,Male,East,39,1,215,1,4,21100.94,0.125,5275.235
C0513,Clothing,2024-11-21,4,0.1,Clothing 3,1658.62,1306.05,352.57,60,Female,West,14,0,248,1,5,27670.420000000002,0.1,5534.084000000001
C0242,Beauty,2025-04-27,7,0.05,Beauty 2,1840.71,1506.67,334.04,22,Male,West,12,1,294,1,6,24524.019999999997,0.041666666666666664,4087.336666666666
C0190,Grocery,2025-12-17,6,0.2,Grocery 3,705.64,622.34,83.3,53,Male,East,5,0,306,1,7,19137.16,0.1,2733.88
C0337,Grocery,2025-07-29,7,0.0,Grocery 4,946.13,703.0,243.13,34,Male,East,12,0,247,0,5,20551.15,0.09,4110.2300000000005
C0580,Grocery,2025-06-30,1,0.05,Grocery 3,148.81,128.93,19.88,22,Female,East,43,2,104,0,6,22614.32,0.10000000000000002,3769.0533333333333
C0143,Furniture,2025-12-08,5,0.2,Furniture 3,8064.33,6735.22,1329.11,39,Male,North,23,1,254,1,6,43827.92,0.15833333333333335,7304.653333333333
C0778,Beauty,2025-05-17,2,0.05,Beauty 2,521.91,348.78,173.13,32,Male,West,13,1,57,1,9,37075.880000000005,0.1277777777777778,4119.542222222222
C0336,Beauty,2024-06-17,3,0.2,Beauty 1,726.28,606.29,119.99,68,Female,South,34,2,206,1,9,34270.3,0.11666666666666667,3807.8111111111116
C0120,Furniture,2025-06-14,7,0.2,Furniture 3,10201.16,6029.61,4171.55,40,Female,North,27,1,45,0,8,31426.46,0.10625000000000001,3928.3075
C0056,Grocery,2024-08-22,2,0.0,Grocery 5,274.24,166.07,108.17,46,Male,West,50,2,298,1,5,16616.16,0.05,3323.232
C0685,Clothing,2024-08-29,1,0.05,Clothing 4,473.62,424.99,48.63,59,Female,West,22,0,173,1,11,24208.12,0.06818181818181818,2200.7381818181816
C0090,Electronics,2025-04-15,5,0.2,Electronics 4,4799.83,3360.08,1439.75,40,Male,West,21,1,6,0,4,20307.64,0.125,5076.91
C0335,Furniture,2024-08-18,7,0.05,Furniture 4,12871.73,9154.58,3717.15,60,Male,North,9,1,175,1,5,33719.04,0.030000000000000006,6743.808
C0534,Electronics,2024-01-18,5,0.0,Electronics 5,6146.13,5426.18,719.95,48,Female,South,48,1,73,0,8,31290.120000000003,0.10625000000000001,3911.2650000000003
C0410,Furniture,2025-12-30,2,0.0,Furniture 2,3909.89,2645.6,1264.29,27,Female,South,31,0,315,1,8,35139.41,0.07500000000000001,4392.42625
C0210,Grocery,2025-02-20,7,0.0,Grocery 4,1068.26,676.14,392.12,31,Male,North,58,1,4,1,4,23231.01,0.037500000000000006,5807.7525
C0086,Furniture,2025-05-04,4,0.0,Furniture 1,7759.66,4479.17,3280.49,23,Male,South,15,0,134,0,4,33212.73,0.0625,8303.1825
C0569,Beauty,2025-08-13,7,0.05,Beauty 2,2080.77,1525.03,555.74,47,Female,West,38,1,202,1,7,41412.94,0.12142857142857144,5916.134285714286
C0392,Grocery,2025-04-08,2,0.05,Grocery 1,289.52,179.47,110.05,37,Male,South,43,2,352,1,5,12291.17,0.13,2458.234
C0038,Grocery,2025-03-21,9,0.2,Grocery 3,1006.57,576.44,430.13,32,Male,North,50,0,358,1,6,25765.35,0.06666666666666667,4294.224999999999
C0144,Grocery,2025-08-01,3,0.1,Grocery 1,420.09,350.6,69.49,69,Male,North,48,0,109,0,6,6988.34,0.06666666666666667,1164.7233333333334
C0450,Clothing,2024-08-03,9,0.0,Clothing 2,4755.54,3162.48,1593.06,67,Male,North,12,0,225,1,4,15560.59,0.025,3890.1475
C0134,Electronics,2025-08-27,4,0.0,Electronics 1,4383.24,3299.64,1083.6,59,Male,West,48,1,295,0,7,24940.86,0.07142857142857142,3562.98
C0313,Electronics,2025-06-12,7,0.0,Electronics 1,8584.73,5036.03,3548.7,32,Male,West,31,0,290,1,5,26620.8,0.06000000000000001,5324.16
C0099,Furniture,2024-05-12,5,0.05,Furniture 3,10051.82,7307.21,2744.61,25,Female,West,55,0,118,0,11,40467.1,0.05909090909090909,3678.8272727272724
C0637,Beauty,2024-04-16,1,0.1,Beauty 3,249.19,192.16,57.03,33,Female,South,10,0,249,1,2,982.52,0.15000000000000002,491.26
C0504,Electronics,2025-10-04,1,0.0,Electronics 3,1296.4,917.14,379.26,32,Female,West,39,1,18,0,4,19246.019999999997,0.05,4811.504999999999
C0627,Clothing,2025-10-15,4,0.05,Clothing 2,1867.62,1247.79,619.83,37,Female,West,45,0,235,1,7,52635.6,0.07857142857142858,7519.371428571429
C0041,Furniture,2025-12-26,2,0.05,Furniture 3,3980.76,2622.66,1358.1,57,Female,North,1,1,129,0,7,14342.48,0.10714285714285714,2048.925714285714
C0300,Furniture,2024-03-14,6,0.0,Furniture 1,12957.72,7622.82,5334.9,36,Male,East,52,0,69,0,5,30862.08,0.08,6172.416
C0214,Furniture,2025-10-15,2,0.0,Furniture 3,4391.71,2593.27,1798.44,56,Female,West,7,1,349,1,10,42563.03,0.075,4256.303
C0498,Furniture,2025-09-22,6,0.0,Furniture 5,12201.42,8827.65,3373.77,66,Female,West,47,1,217,1,11,77062.63,0.08636363636363636,7005.693636363637
C0657,Electronics,2025-07-14,2,0.0,Electronics 1,2498.05,1495.31,1002.74,50,Male,East,9,1,198,1,8,27158.62,0.043750000000000004,3394.8275
C0182,Clothing,2024-12-29,2,0.2,Clothing 1,760.27,477.61,282.66,43,Female,North,18,0,173,0,8,32395.14,0.10625000000000001,4049.3925
C0615,Grocery,2025-01-06,4,0.2,Grocery 4,459.84,279.44,180.4,51,Female,South,28,1,277,1,9,17085.88,0.1,1898.4311111111112
C0464,Electronics,2024-11-08,6,0.1,Electronics 3,6934.6,5761.75,1172.85,18,Male,East,6,2,100,0,7,19183.75,0.1285714285714286,2740.535714285714
C0659,Clothing,2024-01-22,4,0.2,Clothing 2,1567.44,1108.81,458.63,32,Female,West,17,0,279,0,3,13501.560000000001,0.13333333333333333,4500.52
C0065,Clothing,2024-12-31,4,0.2,Clothing 4,1703.18,1266.15,437.03,34,Female,South,12,0,277,1,3,3039.98,0.06666666666666667,1013.3266666666667
C0792,Beauty,2024-06-22,4,0.2,Beauty 2,873.71,658.81,214.9,55,Male,East,40,1,362,1,7,22320.11,0.09999999999999999,3188.587142857143
C0347,Clothing,2024-05-26,4,0.0,Clothing 4,1887.3,1299.85,587.45,66,Female,West,48,0,218,0,9,45544.9,0.07222222222222223,5060.544444444445
C0224,Beauty,2024-02-10,4,0.2,Beauty 3,896.66,586.82,309.84,55,Female,West,55,2,163,0,7,10123.789999999999,0.1,1446.2557142857142
C0146,Furniture,2024-11-30,8,0.05,Furniture 1,15282.29,10450.88,4831.41,19,Female,West,47,1,6,0,5,32742.340000000004,0.1,6548.468000000001
C0787,Furniture,2024-02-04,6,0.1,Furniture 4,9893.95,7293.7,2600.25,53,Male,West,24,0,263,1,5,32141.08,0.1,6428.216
C0706,Beauty,2025-09-12,4,0.2,Beauty 4,930.02,628.23,301.79,18,Female,South,51,1,163,0,6,15398.68,0.125,2566.4466666666667
C0104,Beauty,2025-10-11,7,0.05,Beauty 2,2189.01,1308.62,880.39,59,Male,West,4,1,260,1,6,35176.99,0.06666666666666667,5862.831666666666
C0355,Clothing,2025-08-07,5,0.05,Clothing 4,2514.75,2187.31,327.44,69,Female,South,52,0,236,0,4,24220.870000000003,0.1,6055.217500000001
C0586,Grocery,2024-08-07,9,0.0,Grocery 4,1420.36,1145.3,275.06,53,Female,South,45,0,329,1,8,29057.98,0.125,3632.2475
C0472,Grocery,2024-04-29,6,0.0,Grocery 5,834.32,478.23,356.09,40,Female,South,49,1,247,1,5,17261.51,0.05,3452.3019999999997
C0151,Beauty,2025-01-03,2,0.0,Beauty 5,583.75,506.11,77.64,32,Male,West,19,0,84,0,4,20297.27,0.025,5074.3175
C0288,Electronics,2025-05-06,6,0.05,Electronics 2,7087.04,4320.7,2766.34,46,Female,North,38,0,165,1,3,12022.08,0.09999999999999999,4007.36
C0294,Grocery,2024-01-16,7,0.2,Grocery 5,759.63,443.78,315.85,46,Male,North,56,1,205,0,7,26075.54,0.09285714285714286,3725.077142857143
C0230,Clothing,2025-09-17,2,0.05,Clothing 1,937.46,572.44,365.02,42,Male,South,56,1,123,0,7,22226.55,0.08571428571428573,3175.2214285714285
C0768,Clothing,2024-11-16,2,0.1,Clothing 2,977.15,856.53,120.62,25,Female,North,49,1,103,0,8,16709.489999999998,0.09375,2088.6862499999997
C0162,Furniture,2025-08-21,6,0.0,Furniture 4,10997.62,6900.49,4097.13,39,Female,North,40,3,114,0,3,12851.210000000001,0.08333333333333333,4283.736666666667
C0565,Clothing,2024-02-26,8,0.1,Clothing 3,3892.51,3213.06,679.45,30,Male,West,35,2,202,1,4,13246.64,0.08750000000000001,3311.66
C0729,Furniture,2024-11-06,4,0.2,Furniture 2,6008.99,4657.35,1351.64,52,Female,North,47,0,107,0,4,20536.06,0.1125,5134.015
C0635,Beauty,2024-11-30,5,0.05,Beauty 1,1336.4,977.41,358.99,53,Male,West,57,0,295,0,6,15135.01,0.10000000000000002,2522.5016666666666
C0639,Furniture,2024-02-05,6,0.05,Furniture 4,10705.59,7257.94,3447.65,67,Female,West,12,0,102,0,7,45632.44,0.09999999999999999,6518.92
C0127,Electronics,2025-05-31,6,0.2,Electronics 5,6256.81,3644.76,2612.05,57,Male,East,56,3,178,0,6,28598.3,0.10833333333333334,4766.383333333333
C0106,Electronics,2025-11-10,2,0.1,Electronics 4,2204.82,1761.05,443.77,58,Male,West,28,1,287,1,5,7485.89,0.09,1497.178
C0626,Grocery,2025-01-29,4,0.05,Grocery 3,598.59,411.93,186.66,35,Female,West,7,1,223,1,7,38175.159999999996,0.10714285714285714,5453.594285714285
C0597,Grocery,2024-10-15,9,0.0,Grocery 4,1313.93,968.69,345.24,58,Female,West,21,1,76,1,8,38507.88,0.05625,4813.485
C0593,Furniture,2025-04-09,8,0.2,Furniture 2,13755.52,7814.74,5940.78,68,Female,North,51,3,247,1,4,17603.47,0.1125,4400.8675
C0334,Grocery,2024-09-20,7,0.1,Grocery 5,960.49,789.12,171.37,41,Female,North,27,3,341,1,2,1200.97,0.15000000000000002,600.485
C0418,Electronics,2024-09-19,1,0.0,Electronics 1,1223.96,969.74,254.22,33,Female,East,8,0,175,1,4,5016.08,0.037500000000000006,1254.02
C0012,Beauty,2025-07-08,4,0.1,Beauty 3,1134.5,834.15,300.35,56,Female,East,55,1,94,0,6,19923.39,0.07500000000000001,3320.565
C0232,Beauty,2025-03-07,1,0.2,Beauty 2,253.13,183.19,69.94,19,Female,East,54,0,336,1,4,6630.27,0.1625,1657.5675
C0422,Furniture,2024-07-11,3,0.2,Furniture 5,4974.59,3322.83,1651.76,57,Female,East,8,0,193,0,7,36287.56,0.15714285714285717,5183.937142857142
C0100,Furniture,2024-10-24,8,0.0,Furniture 2,14780.51,9900.6,4879.91,61,Male,South,42,0,240,1,5,34117.05,0.05,6823.410000000001
C0104,Beauty,2025-09-01,4,0.05,Beauty 4,1223.61,702.31,521.3,59,Male,West,4,1,260,1,6,35176.99,0.06666666666666667,5862.831666666666
C0036,Grocery,2025-01-20,2,0.2,Grocery 1,228.52,180.61,47.91,62,Female,North,38,2,77,0,5,26673.96,0.11000000000000001,5334.7919999999995
C0167,Electronics,2024-02-25,7,0.2,Electronics 1,7386.88,4179.06,3207.82,26,Male,South,38,0,259,1,4,11009.8,0.1625,2752.45
C0794,Furniture,2025-09-17,7,0.1,Furniture 3,12311.48,6777.43,5534.05,40,Female,South,44,2,42,0,5,39552.6,0.09,7910.5199999999995
C0556,Grocery,2025-06-24,6,0.05,Grocery 4,790.02,443.08,346.94,56,Male,South,6,1,176,1,8,44974.68,0.05625000000000001,5621.835
C0758,Furniture,2024-07-13,8,0.2,Furniture 2,12329.18,7658.97,4670.21,24,Female,East,40,1,82,0,4,41688.369999999995,0.0875,10422.092499999999
C0205,Furniture,2025-12-06,7,0.1,Furniture 4,12785.31,9583.47,3201.84,31,Female,North,45,0,211,0,4,21112.949999999997,0.1,5278.237499999999
C0479,Grocery,2025-11-25,6,0.1,Grocery 3,792.41,624.74,167.67,23,Female,North,58,0,300,1,4,11599.08,0.05,2899.77
C0713,Clothing,2025-12-27,9,0.2,Clothing 5,3836.65,2675.14,1161.51,57,Male,North,55,0,175,0,6,14738.73,0.075,2456.455
C0281,Grocery,2024-10-02,3,0.05,Grocery 2,443.08,307.06,136.02,43,Female,South,6,1,344,1,5,8565.73,0.030000000000000006,1713.146
C0525,Furniture,2025-11-05,5,0.1,Furniture 2,8484.21,6379.07,2105.14,34,Male,South,11,1,1,0,6,25724.67,0.075,4287.445
C0554,Furniture,2025-08-11,6,0.0,Furniture 5,12093.25,9177.44,2915.81,69,Male,East,17,2,142,1,6,29599.15,0.05833333333333334,4933.191666666667
C0665,Grocery,2025-09-27,7,0.1,Grocery 2,999.34,845.19,154.15,54,Male,North,33,0,40,0,4,14991.3,0.1,3747.825
C0775,Grocery,2025-02-03,5,0.1,Grocery 2,727.82,608.95,118.87,67,Male,West,33,3,94,1,6,18054.95,0.041666666666666664,3009.1583333333333
C0492,Beauty,2024-07-22,4,0.2,Beauty 5,939.83,787.8,152.03,57,Male,West,22,0,361,1,6,50652.009999999995,0.13333333333333333,8442.001666666665
C0466,Clothing,2024-06-14,2,0.05,Clothing 5,1030.65,871.37,159.28,26,Male,East,19,2,40,0,5,8530.95,0.12000000000000002,1706.19
C0695,Electronics,2025-12-06,6,0.2,Electronics 1,5225.44,4483.12,742.32,31,Male,West,45,0,216,1,9,50669.99,0.1111111111111111,5629.998888888888
C0547,Furniture,2025-01-01,2,0.1,Furniture 5,3727.22,2774.4,952.82,48,Female,West,30,1,105,0,5,12097.619999999999,0.06000000000000001,2419.524
C0289,Beauty,2025-11-08,5,0.0,Beauty 4,1584.6,1201.62,382.98,42,Male,South,58,1,134,0,5,15657.279999999999,0.11000000000000001,3131.4559999999997
C0504,Furniture,2025-02-08,4,0.0,Furniture 2,7880.23,6339.87,1540.36,32,Female,West,39,1,18,0,4,19246.019999999997,0.05,4811.504999999999
C0439,Grocery,2025-01-25,7,0.0,Grocery 3,947.3,587.0,360.3,38,Male,South,58,0,37,0,8,14837.23,0.09375,1854.65375
C0183,Clothing,2024-02-23,5,0.05,Clothing 2,2463.84,1665.95,797.89,54,Female,West,39,0,13,0,5,27281.52,0.12000000000000002,5456.304
C0412,Grocery,2024-10-20,1,0.1,Grocery 1,130.75,113.68,17.07,32,Male,North,12,1,310,1,3,13130.330000000002,0.03333333333333333,4376.776666666668
C0498,Electronics,2025-02-09,5,0.2,Electronics 1,4465.74,3273.24,1192.5,66,Female,West,47,1,217,1,11,77062.63,0.08636363636363636,7005.693636363637
C0723,Grocery,2024-03-20,2,0.2,Grocery 1,223.54,127.0,96.54,24,Male,East,37,2,202,0,4,13961.09,0.15000000000000002,3490.2725
C0464,Clothing,2024-04-28,4,0.1,Clothing 3,1896.9,1312.55,584.35,18,Male,East,6,2,100,0,7,19183.75,0.1285714285714286,2740.535714285714
C0131,Clothing,2025-03-07,3,0.05,Clothing 5,1335.91,809.93,525.98,46,Female,West,48,0,293,1,4,33298.41,0.07500000000000001,8324.6025
C0790,Grocery,2024-06-30,2,0.1,Grocery 3,269.14,181.59,87.55,22,Female,South,1,3,328,1,3,10019.380000000001,0.11666666666666668,3339.7933333333335
C0462,Beauty,2025-05-26,9,0.05,Beauty 1,2806.31,2078.75,727.56,56,Male,North,50,0,182,0,2,4990.46,0.07500000000000001,2495.23
C0229,Clothing,2024-12-02,3,0.0,Clothing 3,1577.65,1146.63,431.02,27,Male,West,3,2,262,1,9,29111.4,0.09444444444444446,3234.6000000000004
C0603,Beauty,2024-10-21,5,0.1,Beauty 4,1362.74,983.44,379.3,24,Male,South,57,2,1,0,4,30723.25,0.125,7680.8125
C0307,Grocery,2024-03-26,8,0.2,Grocery 5,965.43,537.18,428.25,46,Female,North,18,2,38,0,8,20996.61,0.125,2624.57625
C0296,Beauty,2024-10-23,4,0.0,Beauty 4,1120.16,790.59,329.57,62,Female,East,8,2,294,0,5,7329.12,0.07,1465.824
C0671,Clothing,2025-01-30,9,0.0,Clothing 2,4451.78,2493.61,1958.17,49,Female,South,29,0,158,0,6,19854.58,0.05000000000000001,3309.096666666667
C0694,Beauty,2025-02-22,4,0.0,Beauty 4,1114.78,771.09,343.69,22,Male,East,54,0,260,0,7,6780.91,0.042857142857142864,968.7014285714286
C0419,Furniture,2024-07-16,9,0.0,Furniture 1,16500.9,12812.12,3688.78,44,Male,South,42,3,236,1,5,45789.270000000004,0.05,9157.854000000001
C0298,Furniture,2024-01-21,5,0.0,Furniture 3,9218.27,5476.27,3742.0,32,Male,East,8,1,329,1,3,19213.83,0.03333333333333333,6404.610000000001
C0690,Grocery,2025-11-13,1,0.0,Grocery 3,153.2,133.42,19.78,69,Male,South,21,3,109,1,7,12271.98,0.09285714285714286,1753.1399999999999
C0138,Grocery,2025-11-30,8,0.0,Grocery 1,1126.45,868.13,258.32,36,Male,North,32,0,71,0,4,16811.59,0.0625,4202.8975
C0597,Grocery,2025-10-22,8,0.05,Grocery 1,1060.05,663.76,396.29,58,Female,West,21,1,76,1,8,38507.88,0.05625,4813.485
C0467,Beauty,2024-07-30,9,0.1,Beauty 5,2608.43,1794.42,814.01,48,Male,West,10,3,147,0,7,27924.32,0.12142857142857144,3989.1885714285713
C0683,Furniture,2025-03-15,2,0.0,Furniture 2,3697.61,2159.1,1538.51,67,Male,West,15,1,7,0,7,32122.43,0.07142857142857142,4588.918571428571
C0336,Electronics,2024-04-12,8,0.05,Electronics 1,9495.08,5295.62,4199.46,68,Female,South,34,2,206,1,9,34270.3,0.11666666666666667,3807.8111111111116
C0665,Furniture,2025-10-23,4,0.2,Furniture 3,6293.76,5479.04,814.72,54,Male,North,33,0,40,0,4,14991.3,0.1,3747.825
C0012,Beauty,2024-01-05,8,0.0,Beauty 2,2437.96,1917.0,520.96,56,Female,East,55,1,94,0,6,19923.39,0.07500000000000001,3320.565
C0606,Furniture,2024-12-09,9,0.2,Furniture 5,13027.26,10719.82,2307.44,34,Male,North,36,1,193,1,6,36021.72,0.13333333333333333,6003.62
C0055,Grocery,2025-09-17,2,0.1,Grocery 5,243.0,186.57,56.43,20,Female,North,29,0,5,0,4,13468.38,0.07500000000000001,3367.095
C0513,Clothing,2025-06-13,4,0.1,Clothing 5,1914.21,1660.32,253.89,60,Female,West,14,0,248,1,5,27670.420000000002,0.1,5534.084000000001
C0156,Furniture,2025-09-22,3,0.05,Furniture 2,5672.0,4898.18,773.82,24,Male,South,48,1,126,0,5,15171.55,0.1,3034.31
C0770,Furniture,2024-12-28,3,0.05,Furniture 5,5211.29,2972.29,2239.0,51,Male,North,38,3,218,1,7,43289.14,0.0642857142857143,6184.162857142857
C0615,Clothing,2024-03-10,6,0.05,Clothing 2,2760.77,1701.5,1059.27,51,Female,South,28,1,277,1,9,17085.88,0.1,1898.4311111111112
C0083,Grocery,2024-01-06,4,0.0,Grocery 2,600.76,413.64,187.12,61,Male,West,19,0,41,0,4,30469.11,0.05,7617.2775
C0713,Clothing,2024-04-21,6,0.05,Clothing 5,2642.23,1768.66,873.57,57,Male,North,55,0,175,0,6,14738.73,0.075,2456.455
C0201,Electronics,2024-02-12,7,0.2,Electronics 4,6782.28,4977.86,1804.42,65,Female,South,13,0,129,0,7,19291.8,0.07857142857142858,2755.9714285714285
C0436,Electronics,2024-11-22,2,0.0,Electronics 1,2413.8,1552.76,861.04,47,Male,East,57,2,319,1,5,19632.64,0.1,3926.528
C0068,Electronics,2024-02-06,1,0.1,Electronics 5,1102.21,913.85,188.36,21,Male,East,2,1,69,0,5,6105.99,0.06000000000000001,1221.1979999999999
C0084,Grocery,2024-05-15,7,0.1,Grocery 1,1003.64,554.63,449.01,50,Female,South,21,1,49,0,6,25906.21,0.10833333333333334,4317.701666666667
C0193,Grocery,2024-11-02,2,0.0,Grocery 4,294.77,243.78,50.99,36,Male,South,6,1,229,1,6,26047.59,0.06666666666666667,4341.265
C0427,Grocery,2025-06-21,2,0.0,Grocery 3,323.31,222.33,100.98,59,Female,West,56,2,331,1,4,3805.95,0.15000000000000002,951.4875
C0434,Beauty,2025-05-07,6,0.1,Beauty 1,1611.79,889.38,722.41,40,Female,West,23,2,135,0,6,10327.23,0.10833333333333334,1721.205
C0684,Clothing,2024-02-12,3,0.0,Clothing 4,1487.14,1258.82,228.32,26,Male,East,21,1,10,0,3,5329.110000000001,0.03333333333333333,1776.3700000000001
C0132,Clothing,2025-10-21,2,0.2,Clothing 4,824.91,582.69,242.22,22,Male,East,55,1,32,0,4,7259.38,0.0875,1814.845
C0599,Clothing,2025-02-05,3,0.0,Clothing 5,1535.26,1233.82,301.44,51,Male,North,40,0,182,0,7,13250.95,0.10714285714285714,1892.9928571428572
C0004,Clothing,2024-09-11,5,0.0,Clothing 4,2255.72,1934.18,321.54,40,Female,North,23,1,90,1,12,47598.26,0.08750000000000001,3966.521666666667
C0232,Grocery,2024-10-06,8,0.05,Grocery 4,1249.99,702.51,547.48,19,Female,East,54,0,336,1,4,6630.27,0.1625,1657.5675
C0140,Clothing,2025-09-11,9,0.05,Clothing 5,4653.5,2986.41,1667.09,69,Female,South,18,2,2,0,8,25484.87,0.11875000000000001,3185.60875
C0099,Clothing,2024-12-05,7,0.0,Clothing 5,3346.9,1980.07,1366.83,25,Female,West,55,0,118,0,11,40467.1,0.05909090909090909,3678.8272727272724
C0467,Furniture,2024-06-28,9,0.1,Furniture 3,16389.81,9576.62,6813.19,48,Male,West,10,3,147,0,7,27924.32,0.12142857142857144,3989.1885714285713
C0720,Beauty,2024-11-06,5,0.05,Beauty 1,1502.09,1323.3,178.79,25,Female,North,37,3,168,1,5,8832.93,0.1,1766.586
C0533,Clothing,2024-02-19,4,0.1,Clothing 2,1951.37,1623.44,327.93,32,Female,South,26,1,342,1,4,11512.509999999998,0.1,2878.1274999999996
C0683,Electronics,2024-04-21,8,0.0,Electronics 4,9764.94,6617.25,3147.69,67,Male,West,15,1,7,0,7,32122.43,0.07142857142857142,4588.918571428571
C0473,Clothing,2024-08-17,3,0.0,Clothing 1,1355.68,1071.74,283.94,42,Female,South,13,1,32,0,7,34309.61,0.08571428571428573,4901.372857142857
C0042,Grocery,2024-06-09,8,0.0,Grocery 1,1243.36,1083.97,159.39,54,Female,South,1,2,64,0,5,7061.599999999999,0.08,1412.32
C0276,Beauty,2024-09-11,9,0.0,Beauty 2,2480.26,1555.83,924.43,42,Female,North,57,1,324,1,5,7593.35,0.08,1518.67
C0658,Electronics,2024-02-17,4,0.2,Electronics 5,3971.46,2203.97,1767.49,21,Male,North,23,1,295,1,5,30698.47,0.12000000000000002,6139.694
C0035,Electronics,2025-03-21,6,0.05,Electronics 2,6959.6,5835.19,1124.41,21,Female,East,34,3,23,0,7,25360.25,0.09285714285714286,3622.8928571428573
C0077,Grocery,2024-03-25,8,0.05,Grocery 5,1172.07,941.11,230.96,29,Female,South,11,0,236,1,6,16521.54,0.09166666666666667,2753.59
C0667,Beauty,2024-06-07,8,0.1,Beauty 5,2025.76,1227.79,797.97,62,Male,East,42,2,139,0,4,30547.3,0.07500000000000001,7636.825
C0050,Grocery,2025-12-14,2,0.0,Grocery 2,299.62,216.14,83.48,57,Female,North,50,1,311,1,6,9367.779999999999,0.075,1561.2966666666664
C0767,Beauty,2024-01-05,9,0.1,Beauty 2,2487.33,1507.7,979.63,42,Female,North,16,2,163,1,6,32600.55,0.05833333333333334,5433.425
C0606,Furniture,2024-07-23,5,0.1,Furniture 5,8640.53,6574.71,2065.82,34,Male,North,36,1,193,1,6,36021.72,0.13333333333333333,6003.62
C0532,Electronics,2024-12-31,1,0.2,Electronics 4,898.87,698.11,200.76,26,Male,East,10,1,108,0,7,24829.2,0.15,3547.0285714285715
C0429,Grocery,2024-08-12,2,0.0,Grocery 4,283.36,183.29,100.07,55,Male,South,8,0,320,1,5,18514.11,0.07,3702.822
C0071,Furniture,2024-08-21,7,0.0,Furniture 5,15002.45,12351.41,2651.04,27,Male,East,6,1,295,0,2,19812.72,0.025,9906.36
C0331,Grocery,2024-04-02,4,0.2,Grocery 1,476.6,341.13,135.47,37,Female,South,31,1,130,0,7,37008.130000000005,0.09285714285714286,5286.875714285715
C0646,Electronics,2024-11-05,1,0.05,Electronics 2,1176.72,938.11,238.61,41,Female,East,43,0,90,0,4,21706.64,0.025,5426.66
C0723,Electronics,2025-07-05,5,0.0,Electronics 4,6017.87,4657.43,1360.44,24,Male,East,37,2,202,0,4,13961.09,0.15000000000000002,3490.2725
C0357,Furniture,2025-03-05,6,0.1,Furniture 1,11521.71,8154.67,3367.04,64,Female,East,38,2,50,1,8,26705.17,0.043750000000000004,3338.14625
C0671,Grocery,2025-11-05,1,0.05,Grocery 5,142.74,93.13,49.61,49,Female,South,29,0,158,0,6,19854.58,0.05000000000000001,3309.096666666667
C0621,Grocery,2025-05-25,4,0.2,Grocery 3,440.96,274.06,166.9,42,Female,North,8,1,151,1,3,11563.14,0.16666666666666666,3854.3799999999997
C0046,Clothing,2025-07-30,5,0.2,Clothing 2,1879.19,1524.17,355.02,41,Male,South,46,1,355,1,4,14537.330000000002,0.075,3634.3325000000004
C0496,Clothing,2024-11-11,8,0.1,Clothing 2,3249.55,2517.36,732.19,24,Male,West,39,3,161,1,4,15731.45,0.05,3932.8625
C0492,Furniture,2025-03-23,6,0.0,Furniture 1,12795.66,8295.81,4499.85,57,Male,West,22,0,361,1,6,50652.009999999995,0.13333333333333333,8442.001666666665
C0434,Electronics,2025-02-26,1,0.1,Electronics 3,1115.27,990.9,124.37,40,Female,West,23,2,135,0,6,10327.23,0.10833333333333334,1721.205
C0617,Grocery,2025-08-16,6,0.0,Grocery 5,946.66,789.15,157.51,31,Male,West,13,1,143,1,6,22553.73,0.041666666666666664,3758.955
C0711,Clothing,2024-12-31,9,0.2,Clothing 1,3754.81,2231.79,1523.02,45,Male,North,46,1,172,0,6,10123.13,0.11666666666666668,1687.1883333333333
C0440,Furniture,2024-10-22,1,0.1,Furniture 3,1916.81,1163.31,753.5,68,Female,South,26,0,288,1,6,14036.65,0.08333333333333333,2339.4416666666666
C0256,Furniture,2024-02-21,9,0.05,Furniture 4,18765.44,13894.25,4871.19,53,Male,South,4,1,36,0,2,21439.87,0.125,10719.935
C0786,Grocery,2025-09-19,1,0.2,Grocery 3,123.68,72.46,51.22,19,Female,West,46,2,215,0,6,29511.649999999998,0.10833333333333334,4918.608333333333
C0770,Clothing,2024-11-13,6,0.1,Clothing 4,2566.22,2277.57,288.65,51,Male,North,38,3,218,1,7,43289.14,0.0642857142857143,6184.162857142857
C0548,Clothing,2025-08-05,4,0.05,Clothing 4,1748.53,1352.15,396.38,44,Female,West,32,1,267,1,6,24719.54,0.08333333333333333,4119.923333333333
C0512,Clothing,2025-05-10,7,0.0,Clothing 5,3562.82,2042.07,1520.75,61,Female,West,28,0,8,0,11,37494.68,0.10909090909090911,3408.6072727272726
C0083,Clothing,2024-01-02,8,0.1,Clothing 4,3794.95,2676.27,1118.68,61,Male,West,19,0,41,0,4,30469.11,0.05,7617.2775
C0321,Furniture,2025-04-20,8,0.05,Furniture 4,15387.18,9658.36,5728.82,23,Male,East,40,1,12,0,3,32662.55,0.10000000000000002,10887.516666666666
C0158,Electronics,2024-12-22,8,0.0,Electronics 2,9222.83,6655.73,2567.1,44,Female,East,2,0,119,1,7,57741.77,0.08571428571428573,8248.824285714285
C0411,Electronics,2024-06-24,8,0.0,Electronics 1,10021.89,6378.52,3643.37,29,Female,South,17,1,338,1,4,25414.93,0.0625,6353.7325
C0660,Grocery,2024-07-12,3,0.1,Grocery 1,400.79,337.12,63.67,27,Female,North,15,1,193,1,8,38404.75,0.11875000000000001,4800.59375
C0179,Clothing,2025-04-10,5,0.2,Clothing 1,1914.64,1536.28,378.36,44,Female,East,34,2,39,0,3,3394.24,0.13333333333333333,1131.4133333333332
C0797,Beauty,2024-03-03,7,0.05,Beauty 5,2131.09,1848.3,282.79,41,Female,South,48,0,284,1,11,29578.27,0.08181818181818182,2688.933636363636
C0103,Furniture,2025-03-18,2,0.0,Furniture 1,4061.22,2515.05,1546.17,18,Female,North,7,2,205,1,7,25138.02,0.05714285714285715,3591.1457142857143
C0078,Furniture,2025-09-09,6,0.1,Furniture 3,10332.25,7076.43,3255.82,47,Female,West,5,1,126,1,1,10332.25,0.1,10332.25
C0779,Grocery,2024-03-04,5,0.0,Grocery 4,724.29,602.55,121.74,62,Female,East,11,0,27,0,5,20705.03,0.06000000000000001,4141.005999999999
C0080,Grocery,2024-01-06,9,0.0,Grocery 4,1369.35,932.32,437.03,66,Male,West,39,3,62,0,7,15139.73,0.08571428571428573,2162.8185714285714
C0588,Grocery,2024-02-14,1,0.1,Grocery 1,132.92,90.74,42.18,61,Female,South,54,1,200,0,6,27417.58,0.06666666666666667,4569.596666666667
C0610,Electronics,2025-06-17,1,0.1,Electronics 5,1006.67,901.08,105.59,61,Male,East,22,0,209,1,7,9692.55,0.08571428571428573,1384.6499999999999
C0264,Grocery,2025-09-10,1,0.0,Grocery 3,153.31,125.68,27.63,69,Female,West,13,1,291,1,7,19385.37,0.07142857142857142,2769.3385714285714
C0051,Beauty,2025-12-22,5,0.0,Beauty 1,1556.73,1325.22,231.51,28,Female,North,53,2,273,1,8,39738.32,0.08125,4967.29
C0246,Clothing,2024-01-22,5,0.0,Clothing 1,2250.05,1558.03,692.02,57,Male,South,34,0,287,1,8,28256.02,0.037500000000000006,3532.0025
C0054,Electronics,2024-12-17,6,0.1,Electronics 5,6527.78,4928.94,1598.84,43,Male,North,49,0,223,1,10,51216.96,0.13,5121.696
C0537,Grocery,2024-02-05,3,0.1,Grocery 5,411.25,291.04,120.21,24,Male,North,43,2,8,0,7,15154.029999999999,0.1285714285714286,2164.8614285714284
C0711,Clothing,2024-09-28,3,0.1,Clothing 4,1304.66,923.18,381.48,45,Male,North,46,1,172,0,6,10123.13,0.11666666666666668,1687.1883333333333
C0797,Furniture,2024-08-12,4,0.0,Furniture 2,7741.97,4604.11,3137.86,41,Female,South,48,0,284,1,11,29578.27,0.08181818181818182,2688.933636363636
C0640,Beauty,2025-03-18,1,0.2,Beauty 5,231.25,195.35,35.9,52,Female,North,24,0,189,0,7,28070.89,0.07857142857142858,4010.1271428571426
C0619,Beauty,2025-10-25,7,0.0,Beauty 2,2077.04,1426.28,650.76,25,Male,North,44,1,311,1,7,10426.970000000001,0.05714285714285715,1489.567142857143
C0705,Clothing,2025-08-10,1,0.2,Clothing 2,424.96,320.27,104.69,47,Male,North,18,0,323,1,4,9176.47,0.125,2294.1175
C0615,Beauty,2024-02-16,7,0.2,Beauty 4,1669.59,1419.11,250.48,51,Female,South,28,1,277,1,9,17085.88,0.1,1898.4311111111112
C0520,Electronics,2024-06-24,5,0.05,Electronics 2,6262.76,5139.95,1122.81,36,Male,West,20,1,14,0,9,32652.83,0.07777777777777778,3628.0922222222225
C0797,Clothing,2024-07-19,9,0.2,Clothing 3,3510.83,2174.55,1336.28,41,Female,South,48,0,284,1,11,29578.27,0.08181818181818182,2688.933636363636
C0258,Clothing,2024-07-02,7,0.1,Clothing 4,3275.54,2510.63,764.91,27,Male,East,40,0,289,1,5,10875.189999999999,0.09,2175.0379999999996
C0330,Beauty,2024-09-14,5,0.2,Beauty 1,1211.75,876.71,335.04,46,Male,North,57,2,110,0,7,45737.399999999994,0.1142857142857143,6533.914285714285
C0725,Furniture,2025-03-19,7,0.0,Furniture 5,14734.41,9445.54,5288.87,24,Male,West,53,2,126,0,4,30705.6,0.07500000000000001,7676.4
C0248,Clothing,2025-06-23,2,0.0,Clothing 1,1077.67,608.13,469.54,58,Female,East,56,0,159,0,7,30919.96,0.0642857142857143,4417.137142857143
C0238,Electronics,2025-11-17,2,0.2,Electronics 5,1924.49,1482.68,441.81,34,Male,North,9,1,117,0,9,26140.66,0.08888888888888889,2904.5177777777776
C0121,Furniture,2025-05-28,5,0.2,Furniture 2,7991.17,6576.33,1414.84,52,Female,East,3,2,354,1,5,32208.82,0.12000000000000002,6441.764
C0220,Furniture,2024-08-05,8,0.1,Furniture 3,15675.03,13787.78,1887.25,24,Male,South,50,0,50,0,10,35275.33,0.06000000000000001,3527.5330000000004
C0474,Beauty,2024-05-14,8,0.05,Beauty 2,2477.75,1670.61,807.14,50,Female,East,23,0,318,1,5,6499.9800000000005,0.11000000000000001,1299.996
C0709,Grocery,2024-10-02,4,0.05,Grocery 3,626.66,432.22,194.44,42,Female,East,14,0,121,0,4,7224.07,0.037500000000000006,1806.0175
C0109,Electronics,2025-08-06,3,0.05,Electronics 1,3185.03,1933.48,1251.55,54,Male,North,8,2,42,0,8,23565.15,0.07500000000000001,2945.64375
C0544,Clothing,2025-12-26,9,0.05,Clothing 1,3850.55,3444.76,405.79,61,Male,South,49,1,127,0,10,52400.32,0.1,5240.032
C0613,Furniture,2024-10-13,6,0.1,Furniture 3,10664.59,9036.7,1627.89,38,Female,North,44,2,262,1,8,28748.38,0.15000000000000002,3593.5475
C0716,Clothing,2024-05-08,2,0.2,Clothing 4,837.33,741.17,96.16,44,Male,North,38,2,59,0,4,17335.36,0.2,4333.84
C0600,Electronics,2024-01-04,3,0.05,Electronics 5,3127.83,2262.58,865.25,50,Female,South,46,1,108,1,4,16217.7,0.08750000000000001,4054.425
C0124,Beauty,2024-02-26,8,0.2,Beauty 5,1871.46,1166.71,704.75,62,Male,East,4,0,151,0,9,33364.44,0.061111111111111116,3707.1600000000003
C0391,Grocery,2025-04-09,9,0.0,Grocery 5,1371.99,1029.84,342.15,27,Male,South,10,2,250,1,10,21076.36,0.075,2107.636
C0761,Clothing,2025-03-06,9,0.2,Clothing 4,3393.03,2308.05,1084.98,46,Male,West,53,0,278,1,5,22575.31,0.1,4515.062
C0726,Grocery,2025-04-14,1,0.1,Grocery 4,141.24,94.88,46.36,55,Male,South,50,1,54,0,5,5732.06,0.09000000000000001,1146.412
C0490,Furniture,2024-01-18,8,0.1,Furniture 2,13621.07,7884.25,5736.82,66,Male,West,9,1,55,0,7,55106.509999999995,0.10714285714285714,7872.358571428571
C0770,Electronics,2024-11-14,2,0.05,Electronics 5,2435.35,1401.79,1033.56,51,Male,North,38,3,218,1,7,43289.14,0.0642857142857143,6184.162857142857
C0534,Grocery,2024-05-11,8,0.05,Grocery 5,1105.41,754.53,350.88,48,Female,South,48,1,73,0,8,31290.120000000003,0.10625000000000001,3911.2650000000003
C0051,Clothing,2024-09-02,8,0.05,Clothing 3,3874.97,3387.38,487.59,28,Female,North,53,2,273,1,8,39738.32,0.08125,4967.29
C0731,Electronics,2025-03-30,4,0.2,Electronics 1,3873.91,3110.98,762.93,39,Male,West,28,0,291,1,4,17627.55,0.17500000000000002,4406.8875
C0134,Electronics,2024-07-20,2,0.0,Electronics 1,2302.29,1879.12,423.17,59,Male,West,48,1,295,0,7,24940.86,0.07142857142857142,3562.98
C0304,Grocery,2025-04-26,7,0.1,Grocery 3,933.48,589.96,343.52,46,Male,South,5,3,137,0,3,23929.989999999998,0.10000000000000002,7976.663333333333
C0190,Grocery,2024-07-30,1,0.2,Grocery 4,128.3,103.55,24.75,53,Male,East,5,0,306,1,7,19137.16,0.1,2733.88
C0575,Grocery,2025-01-07,6,0.1,Grocery 3,817.83,566.11,251.72,37,Female,West,28,1,331,1,5,16623.41,0.12000000000000002,3324.682
C0023,Furniture,2024-12-01,3,0.1,Furniture 5,4920.03,2808.29,2111.74,66,Female,North,49,0,336,0,5,25399.019999999997,0.09,5079.803999999999
C0512,Grocery,2024-10-07,4,0.1,Grocery 3,563.01,387.45,175.56,61,Female,West,28,0,8,0,11,37494.68,0.10909090909090911,3408.6072727272726
C0691,Grocery,2024-04-02,8,0.1,Grocery 4,1011.41,602.74,408.67,59,Male,South,24,0,290,1,7,17522.11,0.08571428571428573,2503.1585714285716
C0630,Beauty,2025-02-24,9,0.1,Beauty 4,2423.23,2056.83,366.4,56,Male,East,44,1,11,0,3,7247.66,0.05000000000000001,2415.8866666666668
C0245,Furniture,2025-12-23,4,0.2,Furniture 5,6359.73,5368.27,991.46,22,Male,East,1,1,199,1,7,21723.61,0.1142857142857143,3103.3728571428574
C0717,Beauty,2025-04-14,3,0.1,Beauty 4,807.81,525.57,282.24,43,Male,South,38,1,42,0,2,1270.28,0.07500000000000001,635.14
C0289,Clothing,2025-06-28,8,0.2,Clothing 3,2899.85,2215.99,683.86,42,Male,South,58,1,134,0,5,15657.279999999999,0.11000000000000001,3131.4559999999997
C0544,Furniture,2025-08-09,4,0.1,Furniture 1,6872.24,4654.68,2217.56,61,Male,South,49,1,127,0,10,52400.32,0.1,5240.032
C0405,Furniture,2024-01-28,2,0.2,Furniture 4,2912.47,1759.07,1153.4,44,Female,North,58,1,355,1,9,57173.520000000004,0.10555555555555557,6352.613333333334
C0054,Grocery,2025-08-01,9,0.2,Grocery 1,1061.63,825.2,236.43,43,Male,North,49,0,223,1,10,51216.96,0.13,5121.696
C0002,Electronics,2024-06-26,9,0.0,Electronics 2,11062.09,9027.08,2035.01,52,Female,West,45,0,222,0,3,25728.25,0.06666666666666667,8576.083333333334
C0146,Grocery,2025-04-30,3,0.2,Grocery 3,371.09,304.72,66.37,19,Female,West,47,1,6,0,5,32742.340000000004,0.1,6548.468000000001
C0747,Beauty,2025-12-19,2,0.1,Beauty 1,492.97,296.88,196.09,34,Female,West,50,0,68,1,5,13643.189999999999,0.09,2728.638
C0763,Furniture,2025-10-14,2,0.05,Furniture 4,3510.36,2560.47,949.89,66,Female,North,19,0,52,1,4,12184.11,0.05,3046.0275
C0328,Electronics,2024-10-29,6,0.2,Electronics 2,5946.06,3320.07,2625.99,25,Female,North,35,2,73,0,6,23693.44,0.125,3948.9066666666663
C0774,Clothing,2025-09-03,3,0.0,Clothing 3,1509.36,877.78,631.58,62,Male,East,59,1,154,0,4,9953.529999999999,0.0125,2488.3824999999997
C0039,Grocery,2025-03-27,6,0.1,Grocery 2,864.01,499.72,364.29,50,Female,South,4,0,35,0,4,6845.96,0.1125,1711.49
C0773,Beauty,2024-04-07,7,0.1,Beauty 2,1778.54,1013.8,764.74,55,Female,South,21,0,299,0,8,40324.2,0.1125,5040.525
C0184,Grocery,2024-06-24,1,0.2,Grocery 2,110.89,73.94,36.95,43,Female,East,21,2,13,0,4,8321.880000000001,0.1375,2080.4700000000003
C0029,Beauty,2025-11-29,8,0.1,Beauty 1,2100.39,1418.16,682.23,41,Male,North,16,0,338,0,7,14168.71,0.07142857142857142,2024.1014285714284
C0606,Furniture,2025-10-30,1,0.1,Furniture 1,1849.34,1468.85,380.49,34,Male,North,36,1,193,1,6,36021.72,0.13333333333333333,6003.62
C0305,Clothing,2025-10-12,2,0.1,Clothing 4,897.47,597.23,300.24,25,Male,North,17,1,58,0,6,34646.350000000006,0.06666666666666667,5774.391666666667
C0233,Electronics,2024-10-07,7,0.1,Electronics 1,6953.07,4165.85,2787.22,57,Male,North,34,1,23,1,6,13548.13,0.08333333333333333,2258.0216666666665
C0607,Beauty,2024-08-22,6,0.2,Beauty 3,1316.53,1160.4,156.13,44,Female,West,26,1,223,0,3,2442.25,0.11666666666666668,814.0833333333334
C0266,Grocery,2025-08-11,9,0.2,Grocery 1,1118.38,957.8,160.58,41,Female,North,15,0,52,0,9,35127.93,0.1,3903.1033333333335
C0602,Beauty,2024-01-15,6,0.0,Beauty 3,1726.91,1024.88,702.03,56,Male,North,55,0,362,1,9,26142.41,0.05555555555555555,2904.7122222222224
C0156,Beauty,2025-10-17,4,0.1,Beauty 4,1116.61,755.91,360.7,24,Male,South,48,1,126,0,5,15171.55,0.1,3034.31
C0068,Grocery,2025-03-16,7,0.05,Grocery 3,956.59,582.4,374.19,21,Male,East,2,1,69,0,5,6105.99,0.06000000000000001,1221.1979999999999
C0259,Electronics,2025-04-06,7,0.0,Electronics 4,8088.85,7164.21,924.64,48,Male,East,10,0,114,0,5,36898.36,0.05,7379.6720000000005
C0487,Beauty,2024-11-16,7,0.2,Beauty 2,1582.5,1067.54,514.96,45,Male,East,4,1,91,0,3,5193.46,0.10000000000000002,1731.1533333333334
C0179,Grocery,2025-12-15,4,0.2,Grocery 3,526.44,307.62,218.82,44,Female,East,34,2,39,0,3,3394.24,0.13333333333333333,1131.4133333333332
C0114,Electronics,2025-07-01,9,0.2,Electronics 2,7803.77,6277.32,1526.45,44,Female,East,7,1,103,1,6,39586.520000000004,0.09999999999999999,6597.753333333334
C0599,Grocery,2024-02-09,3,0.05,Grocery 3,395.63,316.15,79.48,51,Male,North,40,0,182,0,7,13250.95,0.10714285714285714,1892.9928571428572
C0394,Electronics,2025-01-17,4,0.05,Electronics 1,4866.7,3087.25,1779.45,55,Female,West,5,0,342,1,2,5754.13,0.07500000000000001,2877.065
C0345,Clothing,2025-09-19,3,0.2,Clothing 2,1113.16,737.48,375.68,31,Male,North,24,0,213,1,7,9859.71,0.07857142857142858,1408.53
C0191,Clothing,2024-02-25,3,0.0,Clothing 4,1434.21,997.14,437.07,50,Female,West,23,1,233,0,5,27656.429999999997,0.08,5531.285999999999
C0014,Grocery,2025-06-21,2,0.0,Grocery 4,285.77,183.95,101.82,55,Female,North,22,0,211,0,5,39154.17,0.07,7830.834
C0042,Grocery,2024-06-27,6,0.05,Grocery 2,888.68,578.63,310.05,54,Female,South,1,2,64,0,5,7061.599999999999,0.08,1412.32
C0545,Beauty,2025-01-04,7,0.1,Beauty 2,1856.43,1541.87,314.56,20,Female,South,7,1,3,1,8,20033.53,0.07500000000000001,2504.19125
C0064,Clothing,2025-10-06,4,0.05,Clothing 2,2029.42,1650.22,379.2,39,Female,East,28,0,13,0,4,22439.38,0.0625,5609.845
C0197,Furniture,2024-12-25,9,0.0,Furniture 2,18890.74,14969.4,3921.34,24,Male,North,43,2,33,0,5,26289.66,0.04,5257.932
C0728,Beauty,2024-01-28,5,0.1,Beauty 5,1358.4,1073.64,284.76,43,Male,North,30,1,103,0,5,8863.89,0.05,1772.7779999999998
C0275,Furniture,2024-01-16,5,0.2,Furniture 4,7598.5,5567.11,2031.39,43,Male,North,36,2,309,1,9,26887.16,0.13333333333333336,2987.4622222222224
C0595,Clothing,2025-06-21,1,0.05,Clothing 2,502.78,338.28,164.5,59,Female,West,38,3,272,1,6,11292.99,0.09166666666666667,1882.165
C0274,Furniture,2025-11-10,9,0.05,Furniture 3,18351.69,14721.56,3630.13,39,Male,South,55,1,34,0,7,39397.979999999996,0.07142857142857142,5628.282857142856
C0745,Clothing,2024-08-01,2,0.05,Clothing 3,1013.89,598.93,414.96,36,Female,South,33,1,330,1,5,12800.32,0.07,2560.064
C0657,Grocery,2025-11-13,2,0.05,Grocery 3,259.45,155.51,103.94,50,Male,East,9,1,198,1,8,27158.62,0.043750000000000004,3394.8275
C0375,Furniture,2024-11-26,9,0.1,Furniture 2,16841.39,10007.03,6834.36,22,Male,North,18,0,334,1,4,24007.25,0.037500000000000006,6001.8125
C0547,Clothing,2024-02-12,5,0.05,Clothing 5,2471.87,1993.44,478.43,48,Female,West,30,1,105,0,5,12097.619999999999,0.06000000000000001,2419.524
C0330,Electronics,2025-01-22,1,0.1,Electronics 2,1175.7,890.05,285.65,46,Male,North,57,2,110,0,7,45737.399999999994,0.1142857142857143,6533.914285714285
C0755,Beauty,2025-12-11,4,0.0,Beauty 3,1143.23,808.9,334.33,40,Male,South,51,1,176,0,5,16464.54,0.06000000000000001,3292.9080000000004
C0286,Furniture,2024-07-01,6,0.1,Furniture 1,11418.51,8183.43,3235.08,26,Female,East,15,0,30,1,7,29938.910000000003,0.12142857142857144,4276.987142857143
C0669,Electronics,2025-12-02,1,0.0,Electronics 3,1245.38,1045.68,199.7,24,Male,West,5,0,185,1,3,18057.15,0.06666666666666667,6019.05
C0493,Clothing,2025-04-20,7,0.05,Clothing 5,3576.85,2119.6,1457.25,49,Male,North,54,1,120,0,12,41259.65,0.09166666666666667,3438.304166666667
C0514,Clothing,2024-10-16,7,0.2,Clothing 5,2908.25,1989.64,918.61,67,Female,East,25,0,255,0,8,18246.14,0.08125,2280.7675
C0281,Beauty,2025-05-21,1,0.05,Beauty 3,305.09,248.97,56.12,43,Female,South,6,1,344,1,5,8565.73,0.030000000000000006,1713.146
C0666,Beauty,2024-10-19,6,0.1,Beauty 1,1574.5,1228.49,346.01,44,Female,East,49,2,217,1,5,3883.89,0.07,776.778
C0597,Furniture,2024-03-03,3,0.05,Furniture 4,5309.69,3729.0,1580.69,58,Female,West,21,1,76,1,8,38507.88,0.05625,4813.485
C0652,Grocery,2025-09-27,7,0.2,Grocery 4,817.04,513.53,303.51,28,Male,North,45,1,334,1,5,16356.960000000001,0.1,3271.3920000000003
C0641,Electronics,2024-09-29,4,0.2,Electronics 5,4081.96,3597.25,484.71,65,Female,East,18,0,350,1,2,6254.98,0.2,3127.49
C0126,Clothing,2025-02-17,2,0.2,Clothing 3,741.06,513.39,227.67,22,Female,West,28,3,346,1,7,11018.18,0.08571428571428572,1574.0257142857142
C0700,Electronics,2025-06-27,5,0.05,Electronics 1,5857.26,5021.09,836.17,45,Female,South,22,0,125,1,7,22232.55,0.07857142857142858,3176.078571428571
C0673,Furniture,2024-03-01,4,0.05,Furniture 5,8341.09,6858.38,1482.71,22,Male,South,47,1,40,0,8,37772.36,0.0625,4721.545
C0194,Electronics,2025-06-10,4,0.1,Electronics 4,4661.29,3969.25,692.04,67,Female,South,19,0,50,0,8,26820.29,0.125,3352.53625
C0785,Furniture,2024-09-23,8,0.2,Furniture 5,13238.23,7359.43,5878.8,48,Male,West,57,2,147,1,8,45318.29,0.1,5664.78625
C0421,Beauty,2025-02-01,6,0.1,Beauty 1,1714.81,1229.67,485.14,54,Female,East,49,1,26,0,5,11107.79,0.11000000000000001,2221.558
C0257,Clothing,2024-11-29,5,0.1,Clothing 3,2077.41,1331.21,746.2,23,Female,East,16,0,32,0,9,16867.92,0.09444444444444446,1874.2133333333331
C0178,Furniture,2025-07-21,3,0.2,Furniture 3,4798.88,3099.63,1699.25,64,Male,South,58,1,348,1,6,23259.95,0.09166666666666667,3876.6583333333333
C0291,Beauty,2024-05-16,6,0.2,Beauty 2,1449.19,933.92,515.27,31,Male,North,36,4,128,0,8,43569.14,0.07500000000000001,5446.1425
C0030,Grocery,2024-03-19,1,0.05,Grocery 5,150.56,103.32,47.24,41,Male,East,8,2,309,1,7,16535.11,0.0642857142857143,2362.1585714285716
C0552,Grocery,2024-10-26,8,0.0,Grocery 1,1147.82,796.3,351.52,61,Male,West,56,0,26,0,4,9809.59,0.125,2452.3975
C0566,Clothing,2024-03-27,1,0.05,Clothing 1,437.62,337.81,99.81,29,Male,South,15,0,171,0,5,20109.56,0.11000000000000001,4021.9120000000003
C0534,Grocery,2024-06-26,7,0.1,Grocery 2,982.44,643.62,338.82,48,Female,South,48,1,73,0,8,31290.120000000003,0.10625000000000001,3911.2650000000003
C0439,Beauty,2025-04-24,4,0.2,Beauty 5,958.58,618.74,339.84,38,Male,South,58,0,37,0,8,14837.23,0.09375,1854.65375
C0290,Furniture,2025-08-20,7,0.05,Furniture 1,14210.5,9609.32,4601.18,59,Female,North,44,1,69,0,4,29622.46,0.0625,7405.615
C0579,Clothing,2025-05-21,4,0.0,Clothing 3,1992.6,1574.71,417.89,23,Female,South,29,2,206,1,5,8709.880000000001,0.08,1741.976
C0697,Grocery,2024-08-19,1,0.05,Grocery 1,152.37,83.81,68.56,48,Female,South,19,3,57,1,6,31332.699999999997,0.075,5222.116666666666
C0070,Furniture,2025-08-17,9,0.1,Furniture 2,16225.39,13165.68,3059.71,59,Male,West,53,2,287,1,4,31046.55,0.125,7761.6375
C0306,Electronics,2024-10-23,7,0.0,Electronics 3,8874.93,5934.12,2940.81,33,Male,South,42,0,70,0,3,18037.010000000002,0.016666666666666666,6012.336666666667
C0796,Furniture,2024-05-12,1,0.05,Furniture 1,1983.88,1491.25,492.63,68,Female,West,14,0,272,1,4,11684.39,0.0625,2921.0975
C0689,Clothing,2025-07-06,1,0.05,Clothing 2,452.78,369.71,83.07,58,Female,South,28,3,257,1,4,9021.35,0.1,2255.3375
C0795,Clothing,2025-01-12,5,0.2,Clothing 3,1923.76,1402.02,521.74,33,Male,East,11,1,177,0,7,13222.75,0.10714285714285714,1888.9642857142858
C0146,Grocery,2024-09-27,9,0.1,Grocery 1,1312.0,1018.77,293.23,19,Female,West,47,1,6,0,5,32742.340000000004,0.1,6548.468000000001
C0371,Grocery,2025-04-27,6,0.1,Grocery 3,766.42,668.3,98.12,52,Female,West,3,0,155,1,6,22913.68,0.09166666666666667,3818.9466666666667
C0104,Beauty,2025-06-13,1,0.1,Beauty 4,280.67,157.3,123.37,59,Male,West,4,1,260,1,6,35176.99,0.06666666666666667,5862.831666666666
C0692,Clothing,2024-06-12,7,0.0,Clothing 2,3251.58,2186.15,1065.43,66,Male,North,43,0,222,0,5,6455.82,0.09,1291.164
C0415,Clothing,2024-03-26,4,0.05,Clothing 1,1996.96,1746.14,250.82,53,Male,South,6,2,41,1,9,29342.34,0.07777777777777778,3260.26
C0194,Clothing,2025-01-12,6,0.2,Clothing 3,2267.18,1911.46,355.72,67,Female,South,19,0,50,0,8,26820.29,0.125,3352.53625
C0072,Beauty,2024-02-07,4,0.1,Beauty 4,1100.32,842.72,257.6,42,Male,South,25,3,358,1,4,14569.25,0.125,3642.3125
C0590,Beauty,2025-04-11,1,0.1,Beauty 1,273.47,172.36,101.11,59,Male,South,27,2,73,0,3,1990.1,0.06666666666666667,663.3666666666667
C0649,Grocery,2024-11-17,1,0.2,Grocery 2,112.88,75.14,37.74,62,Male,South,42,0,335,1,5,13377.1,0.06000000000000001,2675.42
C0703,Furniture,2024-06-05,6,0.1,Furniture 5,10781.43,9167.29,1614.14,26,Male,West,26,1,199,0,9,42204.350000000006,0.1,4689.372222222223
C0777,Beauty,2025-03-12,6,0.1,Beauty 2,1742.88,1384.54,358.34,24,Female,North,18,0,272,1,6,22398.02,0.125,3733.0033333333336
C0651,Beauty,2024-10-01,3,0.0,Beauty 2,932.5,606.1,326.4,51,Male,East,11,1,275,1,6,8477.02,0.08333333333333333,1412.8366666666668
C0629,Furniture,2024-10-10,1,0.0,Furniture 4,2197.06,1310.08,886.98,37,Female,West,53,1,262,0,4,13942.71,0.08750000000000001,3485.6775
C0649,Grocery,2024-06-06,7,0.0,Grocery 3,1109.76,913.63,196.13,62,Male,South,42,0,335,1,5,13377.1,0.06000000000000001,2675.42
C0798,Beauty,2025-05-08,2,0.05,Beauty 2,586.35,440.75,145.6,34,Female,South,58,2,142,0,4,10869.01,0.1,2717.2525
C0370,Clothing,2025-10-21,2,0.1,Clothing 4,911.38,808.58,102.8,35,Female,West,39,0,265,1,7,22981.32,0.028571428571428574,3283.0457142857144
C0606,Clothing,2025-03-27,5,0.2,Clothing 1,2174.97,1505.67,669.3,34,Male,North,36,1,193,1,6,36021.72,0.13333333333333333,6003.62
C0655,Furniture,2024-06-21,7,0.05,Furniture 4,13371.86,8988.02,4383.84,45,Male,East,29,1,63,0,8,31078.710000000003,0.08125,3884.8387500000003
C0093,Electronics,2025-08-31,9,0.1,Electronics 2,9530.8,6211.84,3318.96,38,Female,South,37,1,348,1,8,26802.579999999998,0.07500000000000001,3350.3224999999998
C0552,Grocery,2024-03-29,6,0.2,Grocery 5,768.17,552.05,216.12,61,Male,West,56,0,26,0,4,9809.59,0.125,2452.3975
C0271,Beauty,2024-07-30,9,0.1,Beauty 4,2643.96,1752.83,891.13,19,Male,North,51,1,309,1,5,21962.05,0.11000000000000001,4392.41
C0105,Electronics,2024-01-26,6,0.05,Electronics 5,6811.16,3920.62,2890.54,58,Female,West,7,2,335,1,7,43736.840000000004,0.0642857142857143,6248.120000000001
C0136,Beauty,2025-09-11,8,0.05,Beauty 1,2114.58,1394.03,720.55,49,Male,East,20,0,100,0,5,21026.57,0.1,4205.314
C0091,Grocery,2024-02-02,2,0.1,Grocery 1,275.85,172.85,103.0,59,Female,West,16,0,49,0,5,18604.64,0.08,3720.928
C0718,Beauty,2025-02-02,1,0.05,Beauty 5,298.73,249.55,49.18,30,Male,West,2,0,89,0,2,545.2,0.125,272.6
C0617,Furniture,2024-05-19,7,0.0,Furniture 2,13646.18,8630.63,5015.55,31,Male,West,13,1,143,1,6,22553.73,0.041666666666666664,3758.955
C0081,Electronics,2024-06-03,9,0.1,Electronics 5,10201.88,7249.51,2952.37,40,Female,North,51,2,160,0,6,21641.68,0.10833333333333334,3606.9466666666667
C0500,Furniture,2025-03-19,7,0.1,Furniture 4,12678.25,9958.24,2720.01,23,Female,West,30,1,115,1,9,22976.55,0.061111111111111116,2552.95
C0528,Electronics,2025-08-09,4,0.05,Electronics 3,4378.84,2637.07,1741.77,65,Female,North,11,1,58,0,7,38804.64,0.0642857142857143,5543.5199999999995
C0415,Clothing,2024-01-13,5,0.0,Clothing 1,2564.76,1887.53,677.23,53,Male,South,6,2,41,1,9,29342.34,0.07777777777777778,3260.26
C0484,Beauty,2024-04-25,2,0.2,Beauty 1,469.34,397.3,72.04,42,Male,North,21,0,329,1,6,40064.729999999996,0.09166666666666667,6677.454999999999
C0725,Beauty,2024-07-28,4,0.05,Beauty 4,1205.4,909.39,296.01,24,Male,West,53,2,126,0,4,30705.6,0.07500000000000001,7676.4
C0415,Electronics,2025-11-19,7,0.1,Electronics 1,6808.66,4894.3,1914.36,53,Male,South,6,2,41,1,9,29342.34,0.07777777777777778,3260.26
C0527,Clothing,2024-02-12,2,0.0,Clothing 1,1063.64,897.29,166.35,25,Male,East,19,1,13,0,6,19644.43,0.041666666666666664,3274.0716666666667
C0456,Electronics,2024-05-10,5,0.05,Electronics 2,5479.5,4830.39,649.11,25,Male,East,34,0,261,1,7,22884.870000000003,0.05,3269.2671428571434
C0316,Clothing,2024-10-21,3,0.1,Clothing 5,1474.1,1234.33,239.77,55,Female,South,26,3,322,1,7,36075.950000000004,0.1142857142857143,5153.7071428571435
C0712,Beauty,2024-08-25,5,0.0,Beauty 4,1577.75,1093.29,484.46,55,Female,East,4,1,154,0,3,17191.969999999998,0.03333333333333333,5730.656666666666
C0331,Electronics,2024-02-05,7,0.05,Electronics 4,7566.7,5781.66,1785.04,37,Female,South,31,1,130,0,7,37008.130000000005,0.09285714285714286,5286.875714285715
C0639,Furniture,2025-01-29,8,0.1,Furniture 4,15778.94,11586.86,4192.08,67,Female,West,12,0,102,0,7,45632.44,0.09999999999999999,6518.92
C0484,Beauty,2025-03-19,4,0.2,Beauty 3,959.92,629.86,330.06,42,Male,North,21,0,329,1,6,40064.729999999996,0.09166666666666667,6677.454999999999
C0547,Beauty,2024-05-09,8,0.05,Beauty 2,2290.45,1608.73,681.72,48,Female,West,30,1,105,0,5,12097.619999999999,0.06000000000000001,2419.524
C0608,Clothing,2025-05-17,7,0.0,Clothing 3,3786.66,3181.72,604.94,68,Male,North,38,1,135,1,8,44574.15,0.06875,5571.76875
C0588,Furniture,2024-02-11,9,0.0,Furniture 3,19506.25,12779.87,6726.38,61,Female,South,54,1,200,0,6,27417.58,0.06666666666666667,4569.596666666667
C0451,Grocery,2025-06-17,7,0.1,Grocery 5,982.21,846.02,136.19,66,Male,South,24,2,85,0,2,1566.75,0.05,783.375
C0492,Electronics,2024-07-08,5,0.1,Electronics 5,5916.73,5307.31,609.42,57,Male,West,22,0,361,1,6,50652.009999999995,0.13333333333333333,8442.001666666665
C0407,Clothing,2024-06-12,7,0.1,Clothing 4,3042.19,1999.84,1042.35,25,Female,North,19,3,11,0,7,21922.17,0.08571428571428572,3131.738571428571
C0271,Furniture,2024-05-23,3,0.05,Furniture 5,5394.86,3198.93,2195.93,19,Male,North,51,1,309,1,5,21962.05,0.11000000000000001,4392.41
C0581,Furniture,2025-09-26,7,0.0,Furniture 5,12681.92,11223.64,1458.28,61,Male,North,4,2,161,0,6,34150.950000000004,0.11666666666666668,5691.825000000001
C0703,Grocery,2025-01-01,7,0.0,Grocery 4,1017.73,620.69,397.04,26,Male,West,26,1,199,0,9,42204.350000000006,0.1,4689.372222222223
C0564,Furniture,2025-05-18,6,0.0,Furniture 5,12246.32,10042.13,2204.19,64,Female,West,44,1,289,1,4,23765.64,0.0875,5941.41
C0617,Furniture,2024-05-28,1,0.05,Furniture 1,1826.04,1029.32,796.72,31,Male,West,13,1,143,1,6,22553.73,0.041666666666666664,3758.955
C0664,Clothing,2024-02-11,5,0.05,Clothing 1,2412.82,1525.98,886.84,49,Female,North,42,2,307,1,4,6465.35,0.05,1616.3375
C0293,Clothing,2024-01-28,7,0.0,Clothing 3,3183.87,2041.03,1142.84,35,Male,East,26,2,191,1,5,11418.38,0.1,2283.676
C0050,Beauty,2024-11-17,2,0.1,Beauty 1,524.24,342.87,181.37,57,Female,North,50,1,311,1,6,9367.779999999999,0.075,1561.2966666666664
C0270,Beauty,2024-08-26,8,0.05,Beauty 2,2393.09,2086.19,306.9,33,Female,North,47,3,73,0,4,18492.22,0.07500000000000001,4623.055
C0603,Electronics,2025-07-14,8,0.2,Electronics 1,7072.25,4323.68,2748.57,24,Male,South,57,2,1,0,4,30723.25,0.125,7680.8125
C0652,Furniture,2025-07-29,5,0.05,Furniture 5,9908.19,6051.66,3856.53,28,Male,North,45,1,334,1,5,16356.960000000001,0.1,3271.3920000000003
C0411,Electronics,2024-08-14,9,0.0,Electronics 4,11368.75,9005.03,2363.72,29,Female,South,17,1,338,1,4,25414.93,0.0625,6353.7325
C0622,Beauty,2024-11-12,8,0.1,Beauty 1,2189.7,1934.19,255.51,26,Female,North,23,1,354,1,3,7810.93,0.13333333333333333,2603.6433333333334
C0059,Grocery,2024-10-05,5,0.1,Grocery 4,727.12,498.99,228.13,53,Female,South,4,1,121,0,8,38746.31,0.08750000000000001,4843.28875
C0515,Furniture,2025-05-07,8,0.2,Furniture 4,13963.68,11458.53,2505.15,23,Male,North,26,2,276,1,9,37369.950000000004,0.08333333333333333,4152.216666666667
C0543,Furniture,2025-04-04,9,0.1,Furniture 2,14692.36,8240.39,6451.97,27,Female,East,12,1,288,1,3,19443.06,0.05000000000000001,6481.02
C0406,Furniture,2025-04-20,1,0.05,Furniture 5,1968.05,1650.06,317.99,40,Female,South,18,0,237,1,7,13509.16,0.07142857142857142,1929.8799999999999
C0573,Clothing,2024-02-10,9,0.1,Clothing 5,3837.11,3081.92,755.19,20,Male,West,58,2,301,1,8,19877.23,0.125,2484.65375
C0393,Beauty,2024-09-03,1,0.2,Beauty 5,235.59,203.51,32.08,49,Female,East,32,0,200,1,5,15686.03,0.11000000000000001,3137.206
C0418,Grocery,2025-12-06,5,0.1,Grocery 1,691.63,534.71,156.92,33,Female,East,8,0,175,1,4,5016.08,0.037500000000000006,1254.02
C0483,Grocery,2024-09-06,9,0.2,Grocery 3,1125.85,990.15,135.7,59,Female,East,3,1,203,1,5,7389.03,0.14,1477.806
C0635,Clothing,2024-05-07,7,0.2,Clothing 4,2990.51,2052.84,937.67,53,Male,West,57,0,295,0,6,15135.01,0.10000000000000002,2522.5016666666666
C0198,Electronics,2024-05-25,3,0.2,Electronics 3,2998.3,2417.79,580.51,35,Female,South,58,2,49,0,7,15585.45,0.07142857142857142,2226.4928571428572
C0240,Grocery,2024-01-20,6,0.1,Grocery 3,854.94,687.33,167.61,25,Female,South,15,0,43,0,2,1117.49,0.1,558.745
C0335,Clothing,2025-07-23,2,0.05,Clothing 2,968.82,623.93,344.89,60,Male,North,9,1,175,1,5,33719.04,0.030000000000000006,6743.808
C0161,Furniture,2024-01-04,3,0.2,Furniture 3,4432.38,3865.93,566.45,52,Male,South,22,1,350,1,7,20976.74,0.05,2996.6771428571433
C0267,Clothing,2025-03-11,9,0.2,Clothing 4,3255.43,2678.28,577.15,36,Female,West,57,0,292,1,6,30778.89,0.125,5129.815
C0280,Beauty,2024-10-18,1,0.05,Beauty 1,286.7,244.62,42.08,32,Female,South,7,1,25,0,6,15234.330000000002,0.05833333333333334,2539.0550000000003
C0251,Furniture,2024-03-10,9,0.0,Furniture 4,18775.95,12709.57,6066.38,43,Male,South,52,2,24,0,3,35683.07,0.06666666666666667,11894.356666666667
C0328,Grocery,2025-10-07,5,0.2,Grocery 4,553.06,467.03,86.03,25,Female,North,35,2,73,0,6,23693.44,0.125,3948.9066666666663
C0403,Furniture,2025-06-25,1,0.0,Furniture 1,1971.72,1301.81,669.91,68,Female,South,4,1,255,1,5,8037.49,0.05,1607.498
C0556,Furniture,2025-08-21,8,0.2,Furniture 4,12175.81,10806.52,1369.29,56,Male,South,6,1,176,1,8,44974.68,0.05625000000000001,5621.835
C0242,Furniture,2025-11-14,1,0.0,Furniture 3,2026.84,1131.75,895.09,22,Male,West,12,1,294,1,6,24524.019999999997,0.041666666666666664,4087.336666666666
C0676,Grocery,2025-10-27,3,0.2,Grocery 2,352.12,269.98,82.14,48,Male,North,7,3,138,1,5,5085.52,0.12000000000000002,1017.104
C0383,Beauty,2025-05-26,3,0.1,Beauty 3,761.64,448.82,312.82,30,Male,West,50,1,316,1,6,14407.539999999999,0.075,2401.2566666666667
C0576,Clothing,2025-01-24,8,0.05,Clothing 3,3423.34,2744.0,679.34,66,Female,North,30,1,63,1,4,7213.7,0.08750000000000001,1803.425
C0091,Grocery,2025-05-23,4,0.0,Grocery 2,578.58,391.87,186.71,59,Female,West,16,0,49,0,5,18604.64,0.08,3720.928
C0139,Clothing,2024-11-23,6,0.2,Clothing 4,2407.76,2057.97,349.79,40,Female,North,30,2,16,0,8,11108.94,0.1,1388.6175
C0362,Grocery,2024-05-12,1,0.0,Grocery 4,162.88,139.34,23.54,29,Female,North,22,1,193,0,6,29037.17,0.05833333333333334,4839.528333333333
C0292,Beauty,2024-10-08,7,0.0,Beauty 2,1985.54,1347.85,637.69,67,Female,West,54,1,122,0,8,56584.34,0.06875,7073.0425
C0396,Furniture,2024-12-06,7,0.2,Furniture 3,11227.45,9358.01,1869.44,20,Female,East,52,2,191,1,4,19140.54,0.15000000000000002,4785.135
C0126,Clothing,2024-02-03,3,0.1,Clothing 4,1367.95,1078.49,289.46,22,Female,West,28,3,346,1,7,11018.18,0.08571428571428572,1574.0257142857142
C0378,Beauty,2025-09-10,8,0.0,Beauty 3,2471.63,1728.41,743.22,37,Male,North,23,1,109,0,9,32337.16,0.07777777777777778,3593.0177777777776
C0549,Furniture,2025-10-25,5,0.05,Furniture 3,9174.28,6147.99,3026.29,53,Female,West,31,0,274,0,7,24352.77,0.03571428571428571,3478.967142857143
C0582,Grocery,2024-11-02,7,0.1,Grocery 5,869.3,542.1,327.2,23,Male,East,48,1,124,0,5,6254.299999999999,0.08,1250.86
C0198,Electronics,2024-12-28,2,0.1,Electronics 5,2342.03,1339.93,1002.1,35,Female,South,58,2,49,0,7,15585.45,0.07142857142857142,2226.4928571428572
C0275,Grocery,2025-09-05,9,0.05,Grocery 2,1398.63,1022.5,376.13,43,Male,North,36,2,309,1,9,26887.16,0.13333333333333336,2987.4622222222224
C0420,Beauty,2024-11-28,3,0.05,Beauty 4,844.44,624.05,220.39,66,Female,South,32,1,310,1,4,5615.14,0.0625,1403.785
C0414,Grocery,2025-05-17,6,0.0,Grocery 5,914.5,645.09,269.41,18,Male,East,12,1,266,1,6,40812.37,0.06666666666666667,6802.061666666667
C0633,Electronics,2025-01-11,1,0.0,Electronics 1,1086.97,959.48,127.49,37,Female,North,7,0,181,1,4,7455.89,0.0125,1863.9725
C0312,Electronics,2024-07-16,1,0.2,Electronics 3,873.07,484.37,388.7,24,Male,North,56,1,302,0,2,1867.66,0.2,933.83
C0536,Beauty,2025-08-02,2,0.0,Beauty 4,549.2,465.51,83.69,41,Female,East,46,0,12,0,3,5370.69,0.08333333333333333,1790.2299999999998
C0707,Grocery,2024-05-20,9,0.2,Grocery 1,1131.57,939.53,192.04,47,Male,North,22,3,82,0,9,17932.65,0.07777777777777778,1992.5166666666669
C0238,Furniture,2024-06-12,2,0.0,Furniture 2,3781.79,3084.29,697.5,34,Male,North,9,1,117,0,9,26140.66,0.08888888888888889,2904.5177777777776
C0658,Clothing,2025-05-19,8,0.2,Clothing 4,2998.05,2199.73,798.32,21,Male,North,23,1,295,1,5,30698.47,0.12000000000000002,6139.694
C0266,Electronics,2025-06-02,6,0.05,Electronics 5,6167.4,3802.97,2364.43,41,Female,North,15,0,52,0,9,35127.93,0.1,3903.1033333333335
C0267,Grocery,2025-11-27,1,0.2,Grocery 5,108.55,92.49,16.06,36,Female,West,57,0,292,1,6,30778.89,0.125,5129.815
C0522,Furniture,2025-06-02,4,0.2,Furniture 4,6278.89,5089.72,1189.17,27,Female,East,8,2,296,1,8,34039.2,0.13125,4254.9
C0497,Clothing,2024-01-19,5,0.05,Clothing 1,2394.8,2015.19,379.61,37,Female,West,37,0,3,0,5,9601.1,0.06000000000000001,1920.22
C0439,Furniture,2025-09-12,3,0.1,Furniture 1,5485.38,3469.64,2015.74,38,Male,South,58,0,37,0,8,14837.23,0.09375,1854.65375
C0184,Grocery,2024-10-29,6,0.05,Grocery 5,847.8,630.79,217.01,43,Female,East,21,2,13,0,4,8321.880000000001,0.1375,2080.4700000000003
C0077,Clothing,2024-01-07,8,0.2,Clothing 4,3174.12,2207.87,966.25,29,Female,South,11,0,236,1,6,16521.54,0.09166666666666667,2753.59
C0727,Clothing,2025-02-26,8,0.2,Clothing 1,3362.01,2601.81,760.2,22,Male,North,54,2,189,0,4,15543.86,0.15000000000000002,3885.965
C0699,Clothing,2024-05-04,5,0.2,Clothing 1,1915.83,1558.36,357.47,22,Female,West,17,1,111,0,8,23589.2,0.08750000000000001,2948.65
C0709,Clothing,2024-10-30,9,0.1,Clothing 1,3837.55,2343.98,1493.57,42,Female,East,14,0,121,0,4,7224.07,0.037500000000000006,1806.0175
C0410,Furniture,2024-12-09,9,0.05,Furniture 5,18311.79,11186.92,7124.87,27,Female,South,31,0,315,1,8,35139.41,0.07500000000000001,4392.42625
C0707,Clothing,2024-02-24,1,0.0,Clothing 4,518.93,293.33,225.6,47,Male,North,22,3,82,0,9,17932.65,0.07777777777777778,1992.5166666666669
C0378,Furniture,2025-09-12,6,0.1,Furniture 5,10750.03,6503.93,4246.1,37,Male,North,23,1,109,0,9,32337.16,0.07777777777777778,3593.0177777777776
C0060,Clothing,2025-01-07,7,0.0,Clothing 1,3342.78,2119.53,1223.25,65,Female,East,21,2,305,1,6,33614.03,0.05833333333333334,5602.338333333333
C0158,Clothing,2025-12-05,1,0.1,Clothing 4,417.29,240.1,177.19,44,Female,East,2,0,119,1,7,57741.77,0.08571428571428573,8248.824285714285
C0218,Beauty,2024-12-05,6,0.2,Beauty 5,1306.78,881.41,425.37,41,Male,North,39,4,49,0,10,22757.11,0.1,2275.7110000000002
C0301,Beauty,2025-03-10,9,0.0,Beauty 3,2890.28,2272.65,617.63,60,Male,East,47,2,124,0,7,40411.189999999995,0.05714285714285715,5773.027142857142
C0751,Grocery,2025-08-16,3,0.2,Grocery 4,366.72,303.49,63.23,25,Female,West,14,1,296,1,3,6691.28,0.13333333333333333,2230.4266666666667
C0266,Clothing,2024-06-03,8,0.1,Clothing 4,3273.0,2196.3,1076.7,41,Female,North,15,0,52,0,9,35127.93,0.1,3903.1033333333335
C0490,Furniture,2025-10-25,9,0.0,Furniture 1,16770.91,9716.04,7054.87,66,Male,West,9,1,55,0,7,55106.509999999995,0.10714285714285714,7872.358571428571
C0216,Electronics,2024-05-14,6,0.1,Electronics 3,6194.32,5053.2,1141.12,22,Male,North,59,2,314,1,2,8205.88,0.07500000000000001,4102.94
C0514,Grocery,2025-12-28,6,0.0,Grocery 2,857.35,588.93,268.42,67,Female,East,25,0,255,0,8,18246.14,0.08125,2280.7675
C0453,Grocery,2025-04-11,5,0.1,Grocery 1,681.53,434.82,246.71,19,Female,West,6,0,226,0,7,24341.58,0.05,3477.3685714285716
C0120,Furniture,2025-01-13,4,0.1,Furniture 3,7055.2,5042.65,2012.55,40,Female,North,27,1,45,0,8,31426.46,0.10625000000000001,3928.3075
C0369,Electronics,2024-06-02,5,0.1,Electronics 5,5812.79,5170.2,642.59,58,Female,North,57,1,185,0,5,32652.550000000003,0.11000000000000001,6530.51
C0084,Electronics,2025-02-19,5,0.05,Electronics 1,5950.13,4048.61,1901.52,50,Female,South,21,1,49,0,6,25906.21,0.10833333333333334,4317.701666666667
C0711,Clothing,2025-02-07,5,0.0,Clothing 2,2705.37,2396.44,308.93,45,Male,North,46,1,172,0,6,10123.13,0.11666666666666668,1687.1883333333333
C0563,Electronics,2025-12-19,8,0.05,Electronics 4,9781.78,6246.73,3535.05,27,Male,West,4,0,163,0,9,27501.960000000003,0.03888888888888889,3055.7733333333335
C0753,Grocery,2025-09-01,7,0.2,Grocery 2,910.79,534.58,376.21,66,Female,South,47,0,314,1,5,16986.16,0.17,3397.232
C0700,Beauty,2024-12-18,4,0.2,Beauty 1,1052.16,636.57,415.59,45,Female,South,22,0,125,1,7,22232.55,0.07857142857142858,3176.078571428571
C0175,Clothing,2024-10-11,5,0.0,Clothing 1,2405.85,1974.78,431.07,42,Male,North,20,2,195,0,9,27782.17,0.061111111111111116,3086.9077777777775
C0565,Grocery,2024-10-09,2,0.05,Grocery 1,268.45,198.16,70.29,30,Male,West,35,2,202,1,4,13246.64,0.08750000000000001,3311.66
C0080,Clothing,2024-10-03,2,0.2,Clothing 5,746.42,562.56,183.86,66,Male,West,39,3,62,0,7,15139.73,0.08571428571428573,2162.8185714285714
C0768,Electronics,2024-01-10,4,0.05,Electronics 3,4676.82,4156.28,520.54,25,Female,North,49,1,103,0,8,16709.489999999998,0.09375,2088.6862499999997
C0628,Furniture,2024-01-27,1,0.0,Furniture 5,2072.39,1505.99,566.4,44,Male,South,14,0,353,0,4,21879.48,0.07500000000000001,5469.87
C0544,Clothing,2025-07-02,8,0.2,Clothing 4,2936.22,1735.18,1201.04,61,Male,South,49,1,127,0,10,52400.32,0.1,5240.032
C0795,Grocery,2024-07-04,2,0.05,Grocery 2,303.3,243.09,60.21,33,Male,East,11,1,177,0,7,13222.75,0.10714285714285714,1888.9642857142858
C0677,Furniture,2024-10-27,3,0.1,Furniture 5,5705.71,3553.22,2152.49,22,Male,North,49,1,305,0,3,26272.78,0.06666666666666667,8757.593333333332
C0690,Beauty,2025-05-24,3,0.05,Beauty 2,876.97,660.83,216.14,69,Male,South,21,3,109,1,7,12271.98,0.09285714285714286,1753.1399999999999
C0080,Electronics,2025-03-19,2,0.1,Electronics 1,2132.18,1810.29,321.89,66,Male,West,39,3,62,0,7,15139.73,0.08571428571428573,2162.8185714285714
C0018,Grocery,2024-09-20,4,0.05,Grocery 5,530.52,380.37,150.15,61,Female,North,18,2,208,1,10,33457.18,0.065,3345.718
C0768,Beauty,2025-07-03,7,0.1,Beauty 3,1892.11,1248.79,643.32,25,Female,North,49,1,103,0,8,16709.489999999998,0.09375,2088.6862499999997
C0201,Grocery,2024-04-25,9,0.05,Grocery 3,1195.08,898.03,297.05,65,Female,South,13,0,129,0,7,19291.8,0.07857142857142858,2755.9714285714285
C0341,Electronics,2024-12-11,2,0.1,Electronics 3,2205.35,1310.93,894.42,33,Male,South,6,2,116,0,7,30460.81,0.07857142857142858,4351.544285714286
C0034,Clothing,2024-03-18,3,0.0,Clothing 5,1442.99,948.98,494.01,64,Female,South,27,2,85,0,5,9315.28,0.04,1863.056
C0498,Furniture,2025-01-23,5,0.0,Furniture 2,9494.61,6897.36,2597.25,66,Female,West,47,1,217,1,11,77062.63,0.08636363636363636,7005.693636363637
C0656,Furniture,2024-03-10,3,0.1,Furniture 5,5336.34,3409.67,1926.67,57,Female,West,48,3,26,0,3,8906.67,0.06666666666666667,2968.89
C0673,Clothing,2025-11-18,8,0.0,Clothing 5,4064.57,2291.36,1773.21,22,Male,South,47,1,40,0,8,37772.36,0.0625,4721.545
C0465,Electronics,2025-04-26,3,0.2,Electronics 4,2803.66,2116.2,687.46,68,Male,East,3,4,240,1,5,9379.369999999999,0.05,1875.8739999999998
C0529,Clothing,2024-06-28,4,0.2,Clothing 1,1748.35,1207.12,541.23,65,Male,South,39,2,361,1,8,29180.22,0.0875,3647.5275
C0410,Clothing,2025-03-23,5,0.05,Clothing 1,2140.3,1469.77,670.53,27,Female,South,31,0,315,1,8,35139.41,0.07500000000000001,4392.42625
C0356,Furniture,2024-09-12,4,0.05,Furniture 1,8227.55,7395.62,831.93,25,Male,East,53,0,145,0,6,16028.41,0.10833333333333334,2671.4016666666666
C0443,Beauty,2025-01-13,6,0.1,Beauty 4,1458.22,859.07,599.15,43,Male,East,29,0,49,0,10,24585.21,0.155,2458.5209999999997
C0748,Electronics,2024-05-02,8,0.0,Electronics 2,9056.09,5469.53,3586.56,34,Male,North,59,0,107,0,3,11367.95,0.06666666666666667,3789.316666666667
C0201,Furniture,2024-12-31,5,0.2,Furniture 5,8794.16,7533.88,1260.28,65,Female,South,13,0,129,0,7,19291.8,0.07857142857142858,2755.9714285714285
C0376,Furniture,2024-03-18,5,0.0,Furniture 1,10456.19,6227.62,4228.57,56,Male,West,31,0,192,0,3,16304.630000000001,0.016666666666666666,5434.876666666667
C0481,Furniture,2024-04-21,9,0.05,Furniture 2,17594.18,15327.49,2266.69,61,Female,North,14,2,205,1,5,29276.61,0.1,5855.322
C0456,Beauty,2025-03-02,9,0.0,Beauty 2,2822.09,2215.87,606.22,25,Male,East,34,0,261,1,7,22884.870000000003,0.05,3269.2671428571434
C0024,Electronics,2024-12-31,9,0.2,Electronics 5,8481.54,6232.72,2248.82,58,Female,East,21,0,296,1,7,31354.340000000004,0.08571428571428573,4479.191428571429
C0229,Furniture,2024-08-02,1,0.0,Furniture 1,2113.68,1368.48,745.2,27,Male,West,3,2,262,1,9,29111.4,0.09444444444444446,3234.6000000000004
C0516,Electronics,2024-02-13,8,0.05,Electronics 3,8490.48,5738.0,2752.48,63,Female,West,37,1,96,0,8,56319.619999999995,0.1125,7039.952499999999
C0555,Beauty,2024-11-05,9,0.2,Beauty 5,2286.96,1918.95,368.01,44,Male,South,59,1,110,0,2,5209.96,0.2,2604.98
C0587,Grocery,2025-11-06,8,0.05,Grocery 5,1240.21,707.08,533.13,23,Male,South,47,0,205,0,2,1818.5900000000001,0.07500000000000001,909.2950000000001
C0793,Electronics,2025-05-31,7,0.0,Electronics 5,9000.91,7371.67,1629.24,60,Male,North,12,0,143,0,5,26255.34,0.06000000000000001,5251.068
C0538,Furniture,2024-02-12,4,0.0,Furniture 4,8383.46,7039.9,1343.56,46,Female,East,54,1,29,0,3,16851.23,0.016666666666666666,5617.076666666667
C0463,Furniture,2025-11-15,7,0.1,Furniture 1,12981.47,10347.38,2634.09,39,Female,East,37,1,125,0,4,32790.259999999995,0.037500000000000006,8197.564999999999
C0265,Grocery,2024-11-05,6,0.0,Grocery 1,903.8,514.33,389.47,48,Male,South,32,0,258,1,7,18455.260000000002,0.08571428571428573,2636.4657142857145
C0296,Clothing,2025-02-24,8,0.05,Clothing 3,3720.37,3013.24,707.13,62,Female,East,8,2,294,0,5,7329.12,0.07,1465.824
C0661,Electronics,2024-01-01,4,0.1,Electronics 3,4635.92,3723.14,912.78,56,Male,West,19,2,190,1,5,27086.36,0.1,5417.272
C0374,Beauty,2024-08-14,7,0.05,Beauty 3,2053.84,1139.02,914.82,64,Male,East,33,2,240,1,7,18780.43,0.09285714285714286,2682.9185714285713
C0572,Electronics,2025-07-27,8,0.2,Electronics 1,7580.01,6536.24,1043.77,32,Male,West,36,0,294,0,1,7580.01,0.2,7580.01
C0099,Beauty,2024-08-29,8,0.1,Beauty 4,2283.03,1361.3,921.73,25,Female,West,55,0,118,0,11,40467.1,0.05909090909090909,3678.8272727272724
C0102,Grocery,2024-05-01,2,0.0,Grocery 2,273.25,242.17,31.08,59,Male,East,45,0,345,1,7,21262.26,0.05714285714285715,3037.465714285714
C0172,Furniture,2024-03-07,8,0.2,Furniture 1,13601.59,7817.78,5783.81,58,Male,South,44,2,66,1,8,48007.21,0.08750000000000001,6000.90125
C0156,Furniture,2025-11-06,2,0.2,Furniture 5,3398.85,2152.55,1246.3,24,Male,South,48,1,126,0,5,15171.55,0.1,3034.31
C0485,Beauty,2025-08-16,9,0.0,Beauty 2,2553.41,2021.24,532.17,30,Male,East,10,2,359,1,6,22640.07,0.05000000000000001,3773.345
C0509,Electronics,2024-02-02,1,0.05,Electronics 2,1034.59,618.72,415.87,30,Female,South,21,5,320,1,2,3838.92,0.05,1919.46
C0446,Beauty,2025-11-06,3,0.05,Beauty 3,891.54,548.06,343.48,34,Female,South,51,2,196,1,7,22460.99,0.028571428571428574,3208.7128571428575
C0231,Electronics,2025-08-22,6,0.05,Electronics 5,6429.42,3561.32,2868.1,62,Male,West,41,2,18,0,8,29938.63,0.10625000000000001,3742.32875
C0461,Beauty,2024-09-19,5,0.05,Beauty 5,1566.37,1314.6,251.77,25,Female,East,55,1,314,1,3,4996.45,0.05000000000000001,1665.4833333333333
C0095,Clothing,2025-04-24,7,0.2,Clothing 1,2525.14,1422.07,1103.07,32,Female,East,13,2,104,1,5,14480.93,0.1,2896.186
C0378,Beauty,2024-07-07,4,0.1,Beauty 4,1021.64,788.09,233.55,37,Male,North,23,1,109,0,9,32337.16,0.07777777777777778,3593.0177777777776
C0123,Electronics,2024-07-01,1,0.2,Electronics 4,872.08,657.38,214.7,42,Male,East,24,0,202,0,4,7867.7,0.15000000000000002,1966.925
C0061,Grocery,2025-06-05,6,0.05,Grocery 5,903.33,658.47,244.86,56,Female,East,13,1,100,1,4,13832.710000000001,0.1125,3458.1775000000002
C0132,Grocery,2024-05-27,5,0.1,Grocery 5,685.62,467.12,218.5,22,Male,East,55,1,32,0,4,7259.38,0.0875,1814.845
C0088,Beauty,2024-09-16,5,0.0,Beauty 4,1604.53,1050.72,553.81,57,Male,West,31,1,188,1,7,18238.84,0.028571428571428574,2605.5485714285714
C0382,Electronics,2024-09-18,4,0.05,Electronics 4,4981.9,4408.64,573.26,67,Female,North,45,2,51,0,5,15247.529999999999,0.09,3049.506
C0436,Electronics,2024-04-19,9,0.1,Electronics 2,9934.06,8194.36,1739.7,47,Male,East,57,2,319,1,5,19632.64,0.1,3926.528
C0485,Furniture,2025-08-27,8,0.0,Furniture 5,15141.61,13217.97,1923.64,30,Male,East,10,2,359,1,6,22640.07,0.05000000000000001,3773.345
C0351,Electronics,2025-05-06,2,0.2,Electronics 5,1763.58,1422.97,340.61,20,Female,East,5,1,121,1,7,16545.36,0.10714285714285714,2363.6228571428574
C0141,Furniture,2025-09-21,1,0.05,Furniture 5,2039.18,1713.22,325.96,29,Male,East,58,0,29,0,4,6170.42,0.037500000000000006,1542.605
C0016,Electronics,2025-01-17,2,0.0,Electronics 5,2277.65,2021.33,256.32,44,Male,West,37,4,206,1,5,11302.56,0.030000000000000006,2260.5119999999997
C0569,Beauty,2024-05-07,1,0.2,Beauty 4,258.89,183.49,75.4,47,Female,West,38,1,202,1,7,41412.94,0.12142857142857144,5916.134285714286
C0786,Grocery,2024-07-23,7,0.0,Grocery 5,1129.44,979.69,149.75,19,Female,West,46,2,215,0,6,29511.649999999998,0.10833333333333334,4918.608333333333
C0224,Beauty,2024-09-15,6,0.05,Beauty 4,1753.71,990.98,762.73,55,Female,West,55,2,163,0,7,10123.789999999999,0.1,1446.2557142857142
C0163,Electronics,2025-11-18,5,0.0,Electronics 2,6124.79,3599.88,2524.91,39,Male,East,25,0,217,0,8,42728.77,0.07500000000000001,5341.09625
C0249,Clothing,2024-06-22,6,0.1,Clothing 1,2943.45,2124.08,819.37,20,Male,North,20,1,107,0,5,22474.809999999998,0.09,4494.9619999999995
C0171,Grocery,2025-05-20,8,0.2,Grocery 5,1009.15,715.38,293.77,22,Male,South,56,1,299,1,3,3526.7400000000002,0.13333333333333333,1175.5800000000002
C0178,Electronics,2024-03-30,8,0.0,Electronics 3,9951.9,6999.91,2951.99,64,Male,South,58,1,348,1,6,23259.95,0.09166666666666667,3876.6583333333333
C0395,Electronics,2025-11-28,4,0.05,Electronics 5,4501.4,3322.11,1179.29,63,Female,North,55,0,344,1,5,17745.1,0.07,3549.0199999999995
C0628,Clothing,2025-04-16,6,0.05,Clothing 2,2840.88,2097.79,743.09,44,Male,South,14,0,353,0,4,21879.48,0.07500000000000001,5469.87
C0569,Furniture,2024-11-10,6,0.1,Furniture 2,10560.07,9025.67,1534.4,47,Female,West,38,1,202,1,7,41412.94,0.12142857142857144,5916.134285714286
C0767,Furniture,2024-09-09,9,0.05,Furniture 5,18626.42,12499.62,6126.8,42,Female,North,16,2,163,1,6,32600.55,0.05833333333333334,5433.425
C0285,Electronics,2024-09-15,7,0.1,Electronics 3,7768.84,5132.75,2636.09,66,Female,North,29,1,10,0,7,18497.78,0.09285714285714286,2642.54
C0393,Electronics,2024-06-13,3,0.1,Electronics 4,3421.68,2722.51,699.17,49,Female,East,32,0,200,1,5,15686.03,0.11000000000000001,3137.206
C0304,Furniture,2025-03-13,8,0.0,Furniture 2,14519.04,11280.81,3238.23,46,Male,South,5,3,137,0,3,23929.989999999998,0.10000000000000002,7976.663333333333
C0033,Clothing,2025-09-24,4,0.1,Clothing 4,1926.87,1619.43,307.44,46,Male,West,19,1,2,0,6,21158.34,0.041666666666666664,3526.39
C0310,Furniture,2024-06-25,7,0.1,Furniture 3,12392.45,8157.3,4235.15,52,Female,North,4,0,165,1,8,35223.5,0.1125,4402.9375
C0208,Clothing,2025-06-30,9,0.2,Clothing 5,3770.76,2082.36,1688.4,31,Female,North,32,0,87,0,3,13012.95,0.11666666666666668,4337.650000000001
C0382,Clothing,2025-02-17,8,0.1,Clothing 3,3268.82,2877.94,390.88,67,Female,North,45,2,51,0,5,15247.529999999999,0.09,3049.506
C0126,Clothing,2025-07-18,1,0.2,Clothing 1,431.51,244.01,187.5,22,Female,West,28,3,346,1,7,11018.18,0.08571428571428572,1574.0257142857142
C0593,Clothing,2025-07-15,2,0.05,Clothing 4,980.37,772.54,207.83,68,Female,North,51,3,247,1,4,17603.47,0.1125,4400.8675
C0674,Furniture,2024-01-29,8,0.1,Furniture 5,14277.6,9460.93,4816.67,50,Female,North,35,0,340,1,8,26619.81,0.1,3327.47625
C0768,Grocery,2024-01-16,2,0.2,Grocery 5,230.57,160.99,69.58,25,Female,North,49,1,103,0,8,16709.489999999998,0.09375,2088.6862499999997
C0067,Furniture,2025-10-30,1,0.0,Furniture 1,1924.41,1622.88,301.53,37,Female,East,41,1,254,1,5,7380.18,0.06000000000000001,1476.036
C0094,Electronics,2024-04-23,3,0.1,Electronics 5,3112.6,2169.02,943.58,64,Female,North,25,1,88,1,2,8018.280000000001,0.07500000000000001,4009.1400000000003
C0773,Grocery,2025-02-23,5,0.2,Grocery 2,555.72,333.73,221.99,55,Female,South,21,0,299,0,8,40324.2,0.1125,5040.525
C0678,Grocery,2025-07-03,2,0.1,Grocery 5,268.05,218.21,49.84,45,Male,South,13,2,353,1,5,27483.4,0.1,5496.68
C0470,Beauty,2025-01-02,2,0.2,Beauty 4,475.53,264.91,210.62,56,Male,North,17,1,129,0,2,3185.6800000000003,0.1,1592.8400000000001
C0257,Grocery,2024-01-05,4,0.05,Grocery 5,559.96,361.82,198.14,23,Female,East,16,0,32,0,9,16867.92,0.09444444444444446,1874.2133333333331
C0414,Electronics,2024-01-08,6,0.2,Electronics 2,5993.96,4425.5,1568.46,18,Male,East,12,1,266,1,6,40812.37,0.06666666666666667,6802.061666666667
C0428,Furniture,2025-05-03,5,0.1,Furniture 4,8855.67,6227.46,2628.21,19,Male,East,37,1,19,0,5,36034.21,0.11000000000000001,7206.842
C0677,Electronics,2025-10-17,8,0.05,Electronics 4,8370.34,6420.72,1949.62,22,Male,North,49,1,305,0,3,26272.78,0.06666666666666667,8757.593333333332
C0423,Beauty,2024-09-07,9,0.0,Beauty 1,2890.11,1975.31,914.8,48,Female,East,58,1,304,1,7,20767.87,0.05,2966.8385714285714
C0022,Clothing,2025-02-01,1,0.0,Clothing 4,492.51,338.21,154.3,27,Male,West,7,3,113,1,5,26522.59,0.030000000000000006,5304.518
C0559,Furniture,2025-11-12,7,0.05,Furniture 1,13713.06,9215.59,4497.47,62,Male,South,29,1,352,1,2,21971.61,0.025,10985.805
C0621,Furniture,2025-08-25,2,0.2,Furniture 5,3475.13,2990.5,484.63,42,Female,North,8,1,151,1,3,11563.14,0.16666666666666666,3854.3799999999997
C0238,Grocery,2025-01-29,4,0.05,Grocery 1,600.49,333.9,266.59,34,Male,North,9,1,117,0,9,26140.66,0.08888888888888889,2904.5177777777776
C0093,Grocery,2025-04-23,4,0.05,Grocery 1,574.42,504.84,69.58,38,Female,South,37,1,348,1,8,26802.579999999998,0.07500000000000001,3350.3224999999998
C0113,Electronics,2025-12-02,7,0.05,Electronics 3,8051.86,5438.05,2613.81,41,Female,East,45,0,126,0,6,30657.06,0.10000000000000002,5109.51
C0672,Electronics,2025-08-04,3,0.05,Electronics 1,3659.08,2479.79,1179.29,51,Male,South,15,1,248,1,2,7392.68,0.05,3696.34
C0358,Furniture,2024-10-30,9,0.2,Furniture 1,15332.06,12327.93,3004.13,22,Male,East,22,0,136,0,5,22788.23,0.11000000000000001,4557.646
C0423,Beauty,2025-05-20,4,0.05,Beauty 1,1066.73,731.67,335.06,48,Female,East,58,1,304,1,7,20767.87,0.05,2966.8385714285714
C0768,Beauty,2024-08-28,8,0.05,Beauty 2,2337.68,1790.26,547.42,25,Female,North,49,1,103,0,8,16709.489999999998,0.09375,2088.6862499999997
C0048,Clothing,2025-11-03,9,0.1,Clothing 3,4346.23,3765.01,581.22,53,Female,West,46,1,246,0,2,8514.55,0.05,4257.275
C0164,Clothing,2024-03-09,5,0.1,Clothing 1,2386.49,2019.37,367.12,39,Female,East,26,1,64,0,7,29374.199999999997,0.0642857142857143,4196.314285714286
C0666,Clothing,2024-06-13,1,0.05,Clothing 1,439.35,320.89,118.46,44,Female,East,49,2,217,1,5,3883.89,0.07,776.778
C0432,Furniture,2024-09-09,7,0.0,Furniture 4,13819.94,11067.4,2752.54,60,Female,North,18,0,151,1,4,19662.530000000002,0.0875,4915.632500000001
C0021,Furniture,2024-05-27,4,0.1,Furniture 2,7226.26,4966.99,2259.27,37,Female,North,45,1,278,1,1,7226.26,0.1,7226.26
C0562,Furniture,2025-03-10,4,0.1,Furniture 4,6851.25,5629.09,1222.16,43,Male,South,58,1,184,0,6,23595.16,0.075,3932.5266666666666
C0110,Beauty,2025-06-04,5,0.1,Beauty 5,1398.46,852.45,546.01,32,Female,South,12,2,322,1,7,18509.28,0.10714285714285714,2644.182857142857
C0625,Clothing,2025-10-12,3,0.1,Clothing 1,1343.58,760.43,583.15,30,Female,East,37,1,1,0,6,7749.38,0.15,1291.5633333333333
C0638,Furniture,2025-01-01,3,0.1,Furniture 5,5181.31,3830.32,1350.99,59,Male,South,17,1,169,0,4,25693.25,0.07500000000000001,6423.3125
C0659,Grocery,2025-03-29,9,0.2,Grocery 4,1044.76,653.36,391.4,32,Female,West,17,0,279,0,3,13501.560000000001,0.13333333333333333,4500.52
C0371,Beauty,2025-03-13,3,0.0,Beauty 5,964.2,776.23,187.97,52,Female,West,3,0,155,1,6,22913.68,0.09166666666666667,3818.9466666666667
C0214,Clothing,2024-01-03,5,0.0,Clothing 3,2683.1,1570.86,1112.24,56,Female,West,7,1,349,1,10,42563.03,0.075,4256.303
C0705,Electronics,2025-06-01,7,0.2,Electronics 1,7139.83,3948.14,3191.69,47,Male,North,18,0,323,1,4,9176.47,0.125,2294.1175
C0447,Clothing,2024-01-17,2,0.2,Clothing 5,866.22,681.28,184.94,67,Male,East,23,2,20,0,4,5344.469999999999,0.1125,1336.1174999999998
C0508,Furniture,2025-02-03,6,0.05,Furniture 3,12431.26,9016.14,3415.12,31,Male,South,8,1,38,0,7,27352.89,0.05,3907.555714285714
C0109,Beauty,2025-12-30,9,0.1,Beauty 1,2426.03,2142.68,283.35,54,Male,North,8,2,42,0,8,23565.15,0.07500000000000001,2945.64375
C0498,Beauty,2025-07-29,8,0.05,Beauty 1,2096.1,1334.42,761.68,66,Female,West,47,1,217,1,11,77062.63,0.08636363636363636,7005.693636363637
C0464,Electronics,2025-01-04,1,0.2,Electronics 2,1017.61,603.58,414.03,18,Male,East,6,2,100,0,7,19183.75,0.1285714285714286,2740.535714285714
C0233,Grocery,2024-08-20,4,0.05,Grocery 2,585.21,326.6,258.61,57,Male,North,34,1,23,1,6,13548.13,0.08333333333333333,2258.0216666666665
C0613,Electronics,2025-09-03,1,0.2,Electronics 3,937.06,661.08,275.98,38,Female,North,44,2,262,1,8,28748.38,0.15000000000000002,3593.5475
C0106,Clothing,2025-09-19,6,0.05,Clothing 3,3121.05,1826.71,1294.34,58,Male,West,28,1,287,1,5,7485.89,0.09,1497.178
C0575,Beauty,2024-09-25,3,0.05,Beauty 5,827.42,679.71,147.71,37,Female,West,28,1,331,1,5,16623.41,0.12000000000000002,3324.682
C0768,Beauty,2024-03-19,9,0.1,Beauty 5,2628.11,1511.68,1116.43,25,Female,North,49,1,103,0,8,16709.489999999998,0.09375,2088.6862499999997
C0453,Electronics,2025-03-01,2,0.05,Electronics 4,2322.22,2025.59,296.63,19,Female,West,6,0,226,0,7,24341.58,0.05,3477.3685714285716
C0083,Electronics,2025-04-07,8,0.0,Electronics 4,8710.35,6439.55,2270.8,61,Male,West,19,0,41,0,4,30469.11,0.05,7617.2775
C0442,Furniture,2025-11-12,4,0.0,Furniture 5,8576.54,6807.46,1769.08,24,Female,East,46,1,364,1,7,21242.95,0.09285714285714286,3034.707142857143
C0423,Grocery,2025-10-11,9,0.2,Grocery 2,1136.64,677.23,459.41,48,Female,East,58,1,304,1,7,20767.87,0.05,2966.8385714285714
C0441,Grocery,2024-06-16,2,0.05,Grocery 3,293.12,170.4,122.72,33,Female,West,42,1,240,1,7,11972.32,0.09285714285714286,1710.3314285714284
C0218,Beauty,2024-07-03,3,0.0,Beauty 4,920.63,620.31,300.32,41,Male,North,39,4,49,0,10,22757.11,0.1,2275.7110000000002
C0500,Beauty,2025-12-28,4,0.2,Beauty 2,906.02,663.34,242.68,23,Female,West,30,1,115,1,9,22976.55,0.061111111111111116,2552.95
C0211,Beauty,2024-08-26,9,0.2,Beauty 5,2036.66,1530.4,506.26,55,Female,East,55,1,352,1,3,5795.22,0.15,1931.74
C0446,Furniture,2024-11-30,7,0.05,Furniture 2,12047.6,8016.79,4030.81,34,Female,South,51,2,196,1,7,22460.99,0.028571428571428574,3208.7128571428575
C0475,Beauty,2024-08-10,8,0.1,Beauty 1,2010.59,1297.7,712.89,58,Female,South,31,0,320,1,5,6342.639999999999,0.15,1268.5279999999998
C0516,Furniture,2024-10-14,5,0.2,Furniture 2,7738.37,6914.18,824.19,63,Female,West,37,1,96,0,8,56319.619999999995,0.1125,7039.952499999999
C0638,Beauty,2025-02-15,8,0.0,Beauty 5,2419.55,1561.65,857.9,59,Male,South,17,1,169,0,4,25693.25,0.07500000000000001,6423.3125
C0706,Grocery,2024-08-01,6,0.05,Grocery 2,791.87,473.76,318.11,18,Female,South,51,1,163,0,6,15398.68,0.125,2566.4466666666667
C0621,Electronics,2024-10-28,7,0.1,Electronics 2,7647.05,5167.96,2479.09,42,Female,North,8,1,151,1,3,11563.14,0.16666666666666666,3854.3799999999997
C0636,Beauty,2024-09-14,8,0.1,Beauty 5,2057.75,1350.61,707.14,30,Male,North,48,0,223,0,4,5766.71,0.08750000000000001,1441.6775
C0695,Beauty,2024-03-19,9,0.05,Beauty 1,2438.78,1701.31,737.47,31,Male,West,45,0,216,1,9,50669.99,0.1111111111111111,5629.998888888888
C0193,Clothing,2025-07-28,6,0.0,Clothing 1,3268.77,2511.4,757.37,36,Male,South,6,1,229,1,6,26047.59,0.06666666666666667,4341.265
C0234,Grocery,2025-10-12,4,0.2,Grocery 5,527.27,401.31,125.96,43,Male,South,5,2,75,0,5,7670.210000000001,0.09,1534.0420000000001
C0426,Grocery,2024-12-25,6,0.1,Grocery 2,860.45,683.54,176.91,62,Male,East,22,2,182,1,7,12738.29,0.1,1819.7557142857145
C0372,Furniture,2024-05-29,7,0.2,Furniture 1,10201.84,6170.48,4031.36,39,Male,East,13,1,223,1,6,30631.62,0.11666666666666668,5105.2699999999995
C0561,Furniture,2025-04-14,9,0.05,Furniture 3,17881.92,10122.61,7759.31,20,Male,North,25,0,160,0,5,29337.889999999996,0.13,5867.5779999999995
C0007,Clothing,2025-01-24,7,0.1,Clothing 4,2947.41,2436.87,510.54,54,Male,East,42,1,255,0,5,10840.54,0.12000000000000002,2168.108
C0111,Beauty,2025-02-06,9,0.05,Beauty 4,2600.51,1627.93,972.58,58,Male,South,51,0,203,1,3,5500.9800000000005,0.11666666666666668,1833.66
C0597,Beauty,2025-03-10,7,0.05,Beauty 1,2152.09,1421.42,730.67,58,Female,West,21,1,76,1,8,38507.88,0.05625,4813.485
C0657,Beauty,2025-06-08,9,0.1,Beauty 2,2371.78,1682.75,689.03,50,Male,East,9,1,198,1,8,27158.62,0.043750000000000004,3394.8275
C0241,Grocery,2024-01-30,7,0.2,Grocery 4,912.05,730.29,181.76,48,Female,North,30,0,340,1,7,27081.78,0.09285714285714286,3868.825714285714
C0248,Electronics,2024-03-13,8,0.2,Electronics 4,8000.06,4858.07,3141.99,58,Female,East,56,0,159,0,7,30919.96,0.0642857142857143,4417.137142857143
C0449,Beauty,2024-03-10,2,0.1,Beauty 4,518.51,448.95,69.56,32,Female,East,22,3,110,0,7,10621.79,0.1285714285714286,1517.3985714285716
C0381,Electronics,2024-04-22,9,0.0,Electronics 2,9925.02,6575.67,3349.35,66,Female,East,56,1,105,0,5,22000.81,0.1,4400.162
C0135,Electronics,2025-12-10,4,0.1,Electronics 5,4592.46,4105.35,487.11,33,Female,West,58,0,113,0,3,17779.27,0.03333333333333333,5926.423333333333
C0400,Clothing,2025-06-16,8,0.2,Clothing 1,3173.16,2062.22,1110.94,69,Female,West,47,2,320,0,10,43060.21,0.12,4306.021
C0655,Electronics,2025-04-30,4,0.05,Electronics 5,4170.3,3352.83,817.47,45,Male,East,29,1,63,0,8,31078.710000000003,0.08125,3884.8387500000003
C0583,Furniture,2025-05-25,5,0.1,Furniture 5,8285.62,5649.42,2636.2,20,Female,East,49,1,257,1,9,64267.66,0.08333333333333333,7140.851111111111
C0653,Grocery,2024-01-25,7,0.05,Grocery 4,1090.66,919.21,171.45,59,Male,East,22,0,222,1,6,12273.32,0.05000000000000001,2045.5533333333333
C0515,Clothing,2024-06-04,5,0.0,Clothing 3,2371.5,1688.13,683.37,23,Male,North,26,2,276,1,9,37369.950000000004,0.08333333333333333,4152.216666666667
C0701,Electronics,2025-08-02,7,0.1,Electronics 2,8265.49,7064.4,1201.09,50,Male,North,8,1,324,1,8,22130.11,0.1,2766.26375
C0199,Clothing,2024-12-03,1,0.05,Clothing 3,492.21,400.6,91.61,68,Female,East,23,0,158,0,6,11144.96,0.05833333333333333,1857.493333333333
C0036,Furniture,2025-01-06,8,0.1,Furniture 1,13825.41,10439.71,3385.7,62,Female,North,38,2,77,0,5,26673.96,0.11000000000000001,5334.7919999999995
C0091,Furniture,2025-07-01,4,0.1,Furniture 2,7032.57,4483.24,2549.33,59,Female,West,16,0,49,0,5,18604.64,0.08,3720.928
C0793,Clothing,2024-02-24,8,0.2,Clothing 4,3377.3,2164.69,1212.61,60,Male,North,12,0,143,0,5,26255.34,0.06000000000000001,5251.068
C0512,Electronics,2025-08-06,3,0.2,Electronics 3,2842.8,2549.99,292.81,61,Female,West,28,0,8,0,11,37494.68,0.10909090909090911,3408.6072727272726
C0198,Grocery,2025-05-11,6,0.1,Grocery 3,741.11,647.65,93.46,35,Female,South,58,2,49,0,7,15585.45,0.07142857142857142,2226.4928571428572
C0683,Furniture,2024-10-21,6,0.0,Furniture 3,11351.55,6793.29,4558.26,67,Male,West,15,1,7,0,7,32122.43,0.07142857142857142,4588.918571428571
C0247,Electronics,2024-12-30,2,0.1,Electronics 1,2315.67,1439.01,876.66,39,Female,East,47,1,225,1,6,6553.33,0.10000000000000002,1092.2216666666666
C0477,Furniture,2024-02-24,5,0.2,Furniture 5,8313.88,4883.45,3430.43,18,Female,South,56,2,337,1,5,52962.25,0.09,10592.45
C0199,Electronics,2024-05-29,6,0.05,Electronics 5,6841.39,4244.87,2596.52,68,Female,East,23,0,158,0,6,11144.96,0.05833333333333333,1857.493333333333
C0075,Clothing,2024-06-28,8,0.1,Clothing 2,3416.76,2226.3,1190.46,42,Female,West,25,0,71,0,1,3416.76,0.1,3416.76
C0214,Furniture,2025-10-02,8,0.2,Furniture 2,12734.95,10737.72,1997.23,56,Female,West,7,1,349,1,10,42563.03,0.075,4256.303
C0182,Electronics,2024-03-23,4,0.05,Electronics 4,4823.43,2813.57,2009.86,43,Female,North,18,0,173,0,8,32395.14,0.10625000000000001,4049.3925
C0442,Clothing,2024-07-31,6,0.05,Clothing 1,2611.48,2242.59,368.89,24,Female,East,46,1,364,1,7,21242.95,0.09285714285714286,3034.707142857143
C0016,Electronics,2024-04-06,2,0.05,Electronics 1,2505.61,2230.43,275.18,44,Male,West,37,4,206,1,5,11302.56,0.030000000000000006,2260.5119999999997
C0191,Clothing,2024-07-26,9,0.2,Clothing 5,3859.03,2503.0,1356.03,50,Female,West,23,1,233,0,5,27656.429999999997,0.08,5531.285999999999
C0454,Furniture,2024-01-08,8,0.05,Furniture 1,14646.62,10394.44,4252.18,49,Female,East,43,3,24,0,4,25626.940000000002,0.1,6406.735000000001
C0315,Clothing,2024-07-18,9,0.05,Clothing 3,4591.84,3376.22,1215.62,52,Male,East,28,1,215,0,4,21084.28,0.1125,5271.07
C0508,Electronics,2025-06-12,5,0.1,Electronics 5,5596.25,3480.82,2115.43,31,Male,South,8,1,38,0,7,27352.89,0.05,3907.555714285714
C0524,Clothing,2025-07-14,4,0.1,Clothing 4,1859.89,1499.17,360.72,34,Female,East,25,1,233,0,6,18907.57,0.1416666666666667,3151.2616666666668
C0772,Electronics,2024-10-03,7,0.2,Electronics 2,6235.77,4695.53,1540.24,18,Female,North,26,0,52,0,3,8658.460000000001,0.11666666666666668,2886.1533333333336
C0668,Furniture,2025-05-30,7,0.2,Furniture 1,12109.2,7135.49,4973.71,65,Female,North,9,1,291,0,6,30440.260000000002,0.17500000000000002,5073.376666666667
C0182,Beauty,2025-03-27,2,0.2,Beauty 4,475.23,410.41,64.82,43,Female,North,18,0,173,0,8,32395.14,0.10625000000000001,4049.3925
C0554,Electronics,2025-10-21,5,0.2,Electronics 3,5091.1,3338.58,1752.52,69,Male,East,17,2,142,1,6,29599.15,0.05833333333333334,4933.191666666667
C0501,Furniture,2025-08-10,6,0.05,Furniture 5,10942.91,6617.03,4325.88,51,Male,East,48,1,97,0,5,39205.880000000005,0.09,7841.176000000001
C0475,Clothing,2024-06-16,5,0.05,Clothing 4,2283.8,2040.92,242.88,58,Female,South,31,0,320,1,5,6342.639999999999,0.15,1268.5279999999998
C0639,Electronics,2025-03-05,4,0.1,Electronics 1,4721.49,2766.88,1954.61,67,Female,West,12,0,102,0,7,45632.44,0.09999999999999999,6518.92
C0118,Furniture,2025-07-28,3,0.1,Furniture 2,5396.39,3080.77,2315.62,30,Male,South,9,1,110,0,5,24960.2,0.04,4992.04
C0300,Clothing,2024-08-11,4,0.1,Clothing 4,1641.56,1039.34,602.22,36,Male,East,52,0,69,0,5,30862.08,0.08,6172.416
C0652,Grocery,2025-02-22,3,0.0,Grocery 4,480.21,317.78,162.43,28,Male,North,45,1,334,1,5,16356.960000000001,0.1,3271.3920000000003
C0713,Grocery,2024-10-19,3,0.0,Grocery 4,425.45,298.59,126.86,57,Male,North,55,0,175,0,6,14738.73,0.075,2456.455
C0029,Grocery,2024-08-13,2,0.0,Grocery 2,322.73,254.9,67.83,41,Male,North,16,0,338,0,7,14168.71,0.07142857142857142,2024.1014285714284
C0377,Electronics,2024-05-25,4,0.05,Electronics 2,4939.79,3349.18,1590.61,56,Male,South,54,1,166,1,3,16931.09,0.05000000000000001,5643.696666666667
C0211,Clothing,2024-01-26,6,0.2,Clothing 2,2194.93,1636.91,558.02,55,Female,East,55,1,352,1,3,5795.22,0.15,1931.74
C0134,Furniture,2025-07-01,4,0.2,Furniture 4,6505.51,3591.26,2914.25,59,Male,West,48,1,295,0,7,24940.86,0.07142857142857142,3562.98
C0045,Beauty,2025-08-20,2,0.2,Beauty 1,526.23,360.32,165.91,68,Male,South,53,5,288,1,4,3056.1000000000004,0.125,764.0250000000001
C0430,Electronics,2025-04-20,8,0.1,Electronics 5,9384.63,8265.41,1119.22,22,Female,East,55,0,298,1,3,10402.71,0.08333333333333333,3467.5699999999997
C0533,Grocery,2024-06-24,4,0.0,Grocery 2,603.03,495.21,107.82,32,Female,South,26,1,342,1,4,11512.509999999998,0.1,2878.1274999999996
C0425,Beauty,2024-01-14,6,0.2,Beauty 3,1491.98,1207.43,284.55,28,Female,South,50,1,191,0,5,12154.42,0.12000000000000002,2430.884
C0294,Clothing,2025-04-06,5,0.2,Clothing 2,2041.7,1340.54,701.16,46,Male,North,56,1,205,0,7,26075.54,0.09285714285714286,3725.077142857143
C0617,Grocery,2024-05-25,5,0.2,Grocery 3,564.39,406.85,157.54,31,Male,West,13,1,143,1,6,22553.73,0.041666666666666664,3758.955
C0521,Beauty,2025-02-04,4,0.05,Beauty 4,1174.88,993.46,181.42,25,Male,West,46,3,252,0,6,25249.6,0.05000000000000001,4208.266666666666
C0726,Beauty,2025-12-09,7,0.0,Beauty 1,2029.92,1741.78,288.14,55,Male,South,50,1,54,0,5,5732.06,0.09000000000000001,1146.412
C0277,Furniture,2024-01-04,8,0.2,Furniture 3,12385.21,9891.94,2493.27,58,Male,West,52,3,185,1,9,40737.85,0.07777777777777778,4526.427777777778
C0191,Furniture,2025-02-25,9,0.0,Furniture 1,17711.96,12571.76,5140.2,50,Female,West,23,1,233,0,5,27656.429999999997,0.08,5531.285999999999
C0364,Furniture,2025-12-26,4,0.2,Furniture 1,6850.79,3943.37,2907.42,24,Female,West,13,1,316,1,8,42545.5,0.11875000000000001,5318.1875
C0405,Clothing,2024-09-01,4,0.2,Clothing 4,1516.27,897.29,618.98,44,Female,North,58,1,355,1,9,57173.520000000004,0.10555555555555557,6352.613333333334
C0366,Beauty,2025-08-17,1,0.2,Beauty 3,228.04,125.45,102.59,42,Male,South,22,1,5,0,4,13221.569999999998,0.125,3305.3924999999995
C0665,Electronics,2025-08-27,4,0.1,Electronics 4,3894.34,2631.48,1262.86,54,Male,North,33,0,40,0,4,14991.3,0.1,3747.825
C0036,Electronics,2024-12-21,9,0.2,Electronics 2,8043.85,4489.95,3553.9,62,Female,North,38,2,77,0,5,26673.96,0.11000000000000001,5334.7919999999995
C0422,Furniture,2024-08-12,3,0.2,Furniture 2,5259.53,3693.55,1565.98,57,Female,East,8,0,193,0,7,36287.56,0.15714285714285717,5183.937142857142
C0344,Beauty,2025-05-11,8,0.2,Beauty 3,1894.61,1438.27,456.34,65,Male,South,12,0,101,0,5,9996.99,0.11000000000000001,1999.398
C0168,Beauty,2025-03-28,7,0.05,Beauty 1,1873.37,1421.06,452.31,35,Female,North,23,1,208,0,6,26366.82,0.13333333333333333,4394.47
C0512,Furniture,2024-12-13,6,0.1,Furniture 5,11805.87,8787.75,3018.12,61,Female,West,28,0,8,0,11,37494.68,0.10909090909090911,3408.6072727272726
C0641,Clothing,2024-05-20,6,0.2,Clothing 2,2173.02,1367.18,805.84,65,Female,East,18,0,350,1,2,6254.98,0.2,3127.49
C0436,Clothing,2025-06-27,7,0.0,Clothing 4,3488.92,2552.9,936.02,47,Male,East,57,2,319,1,5,19632.64,0.1,3926.528
C0067,Grocery,2024-06-03,1,0.0,Grocery 1,159.14,142.1,17.04,37,Female,East,41,1,254,1,5,7380.18,0.06000000000000001,1476.036
C0060,Clothing,2024-04-08,2,0.05,Clothing 4,1001.84,706.91,294.93,65,Female,East,21,2,305,1,6,33614.03,0.05833333333333334,5602.338333333333
C0337,Grocery,2024-02-19,2,0.05,Grocery 2,267.29,228.82,38.47,34,Male,East,12,0,247,0,5,20551.15,0.09,4110.2300000000005
C0534,Electronics,2024-11-21,7,0.2,Electronics 2,6999.27,4783.94,2215.33,48,Female,South,48,1,73,0,8,31290.120000000003,0.10625000000000001,3911.2650000000003
C0250,Clothing,2024-03-28,4,0.2,Clothing 3,1639.13,1258.96,380.17,27,Female,North,52,3,177,0,3,2767.86,0.10000000000000002,922.62
C0247,Beauty,2024-09-01,2,0.0,Beauty 1,621.03,446.3,174.73,39,Female,East,47,1,225,1,6,6553.33,0.10000000000000002,1092.2216666666666
C0688,Furniture,2024-06-25,1,0.05,Furniture 1,1811.12,1432.63,378.49,41,Male,West,14,0,229,1,4,11235.51,0.08750000000000001,2808.8775
C0011,Electronics,2024-12-01,5,0.2,Electronics 4,5098.31,4405.36,692.95,68,Female,North,3,2,142,1,4,13419.150000000001,0.0625,3354.7875000000004
C0063,Clothing,2025-07-21,4,0.1,Clothing 2,1821.33,1282.79,538.54,68,Female,East,35,2,296,1,4,12794.279999999999,0.08750000000000001,3198.5699999999997
C0124,Clothing,2024-11-24,2,0.0,Clothing 3,1045.02,851.79,193.23,62,Male,East,4,0,151,0,9,33364.44,0.061111111111111116,3707.1600000000003
C0786,Clothing,2025-02-10,1,0.1,Clothing 4,489.56,420.48,69.08,19,Female,West,46,2,215,0,6,29511.649999999998,0.10833333333333334,4918.608333333333
C0398,Furniture,2024-04-14,7,0.2,Furniture 4,11996.31,9913.04,2083.27,32,Female,South,42,2,52,0,3,18684.329999999998,0.20000000000000004,6228.11
C0126,Beauty,2024-03-23,8,0.05,Beauty 4,2408.75,1345.51,1063.24,22,Female,West,28,3,346,1,7,11018.18,0.08571428571428572,1574.0257142857142
C0248,Furniture,2025-12-13,3,0.05,Furniture 5,5460.2,3003.47,2456.73,58,Female,East,56,0,159,0,7,30919.96,0.0642857142857143,4417.137142857143
C0775,Grocery,2025-03-28,5,0.1,Grocery 4,614.8,528.14,86.66,67,Male,West,33,3,94,1,6,18054.95,0.041666666666666664,3009.1583333333333
C0555,Electronics,2024-01-12,3,0.2,Electronics 2,2923.0,2353.77,569.23,44,Male,South,59,1,110,0,2,5209.96,0.2,2604.98
C0178,Electronics,2025-02-16,4,0.1,Electronics 2,3917.82,3468.63,449.19,64,Male,South,58,1,348,1,6,23259.95,0.09166666666666667,3876.6583333333333
C0192,Beauty,2024-01-08,1,0.2,Beauty 5,250.28,163.27,87.01,49,Male,South,32,0,12,0,3,20525.149999999998,0.13333333333333333,6841.716666666666
C0059,Furniture,2024-02-26,9,0.2,Furniture 3,15082.05,12454.59,2627.46,53,Female,South,4,1,121,0,8,38746.31,0.08750000000000001,4843.28875
C0618,Grocery,2024-09-29,7,0.05,Grocery 3,1010.05,838.88,171.17,21,Female,South,36,0,152,0,6,9129.689999999999,0.06666666666666667,1521.6149999999998
C0109,Grocery,2025-04-24,9,0.05,Grocery 5,1197.38,1017.85,179.53,54,Male,North,8,2,42,0,8,23565.15,0.07500000000000001,2945.64375
C0229,Beauty,2025-03-28,3,0.1,Beauty 2,870.87,689.91,180.96,27,Male,West,3,2,262,1,9,29111.4,0.09444444444444446,3234.6000000000004
C0278,Beauty,2025-07-31,8,0.0,Beauty 2,2446.04,1463.73,982.31,21,Male,East,35,0,211,0,4,5968.8,0.025,1492.2
C0496,Electronics,2024-05-11,5,0.0,Electronics 1,6017.87,4744.07,1273.8,24,Male,West,39,3,161,1,4,15731.45,0.05,3932.8625
C0485,Clothing,2024-05-19,2,0.0,Clothing 1,1013.52,771.87,241.65,30,Male,East,10,2,359,1,6,22640.07,0.05000000000000001,3773.345
C0639,Electronics,2025-01-24,3,0.2,Electronics 4,2639.74,1760.14,879.6,67,Female,West,12,0,102,0,7,45632.44,0.09999999999999999,6518.92
C0237,Clothing,2025-09-26,8,0.2,Clothing 3,3353.88,2089.52,1264.36,40,Male,South,44,1,219,1,4,8098.14,0.125,2024.535
C0308,Furniture,2025-06-11,7,0.2,Furniture 2,10216.14,8783.68,1432.46,34,Female,North,44,0,255,1,1,10216.14,0.2,10216.14
C0310,Clothing,2025-05-03,7,0.0,Clothing 2,3554.87,2131.79,1423.08,52,Female,North,4,0,165,1,8,35223.5,0.1125,4402.9375
C0037,Electronics,2024-03-09,3,0.05,Electronics 4,3193.77,2228.51,965.26,61,Male,East,40,2,40,0,7,39181.15,0.05,5597.307142857143
C0590,Grocery,2025-10-02,6,0.05,Grocery 1,805.02,618.24,186.78,59,Male,South,27,2,73,0,3,1990.1,0.06666666666666667,663.3666666666667
C0428,Grocery,2025-12-19,9,0.0,Grocery 4,1277.98,1137.57,140.41,19,Male,East,37,1,19,0,5,36034.21,0.11000000000000001,7206.842
C0380,Furniture,2025-03-01,1,0.05,Furniture 5,1715.44,1346.35,369.09,18,Female,East,19,1,13,0,7,33203.7,0.08571428571428573,4743.385714285714
C0796,Electronics,2024-09-02,3,0.05,Electronics 3,3688.02,2421.95,1266.07,68,Female,West,14,0,272,1,4,11684.39,0.0625,2921.0975
C0143,Clothing,2025-04-28,1,0.2,Clothing 3,424.34,242.4,181.94,39,Male,North,23,1,254,1,6,43827.92,0.15833333333333335,7304.653333333333
C0775,Furniture,2025-04-13,1,0.0,Furniture 3,1812.51,1198.42,614.09,67,Male,West,33,3,94,1,6,18054.95,0.041666666666666664,3009.1583333333333
C0544,Furniture,2025-11-09,9,0.2,Furniture 1,13124.12,8563.16,4560.96,61,Male,South,49,1,127,0,10,52400.32,0.1,5240.032
C0176,Beauty,2024-03-21,3,0.2,Beauty 4,760.73,636.49,124.24,55,Male,South,16,1,52,0,4,9696.47,0.125,2424.1175
C0542,Beauty,2025-01-11,2,0.0,Beauty 2,540.82,368.73,172.09,28,Male,West,46,3,172,1,6,33018.34,0.08333333333333333,5503.056666666666
C0604,Beauty,2025-06-01,1,0.05,Beauty 3,283.23,165.54,117.69,60,Male,South,42,0,349,1,5,7526.349999999999,0.09,1505.27
C0289,Grocery,2024-09-11,9,0.05,Grocery 1,1181.77,1009.81,171.96,42,Male,South,58,1,134,0,5,15657.279999999999,0.11000000000000001,3131.4559999999997
C0275,Beauty,2025-09-05,5,0.2,Beauty 5,1221.99,679.82,542.17,43,Male,North,36,2,309,1,9,26887.16,0.13333333333333336,2987.4622222222224
C0668,Grocery,2024-02-17,8,0.2,Grocery 2,1055.68,581.74,473.94,65,Female,North,9,1,291,0,6,30440.260000000002,0.17500000000000002,5073.376666666667
C0128,Beauty,2024-03-17,3,0.2,Beauty 1,672.77,481.81,190.96,47,Male,South,6,2,246,0,7,37329.119999999995,0.12142857142857144,5332.731428571428
C0010,Clothing,2025-07-31,6,0.05,Clothing 4,3110.31,1786.02,1324.29,45,Male,West,32,0,277,1,3,8035.96,0.10000000000000002,2678.653333333333
C0532,Grocery,2024-04-01,8,0.2,Grocery 5,1030.17,630.45,399.72,26,Male,East,10,1,108,0,7,24829.2,0.15,3547.0285714285715
C0725,Furniture,2024-11-01,7,0.2,Furniture 3,12288.32,10996.2,1292.12,24,Male,West,53,2,126,0,4,30705.6,0.07500000000000001,7676.4
C0400,Clothing,2024-07-24,5,0.1,Clothing 1,2369.78,2003.71,366.07,69,Female,West,47,2,320,0,10,43060.21,0.12,4306.021
C0107,Electronics,2025-05-17,2,0.0,Electronics 5,2571.36,2101.86,469.5,52,Male,West,37,1,110,1,6,14448.84,0.03333333333333333,2408.14
C0431,Beauty,2024-01-09,3,0.05,Beauty 2,871.18,683.68,187.5,56,Female,North,47,2,296,1,3,16833.34,0.11666666666666668,5611.113333333334
C0201,Grocery,2024-09-17,6,0.0,Grocery 2,966.11,547.53,418.58,65,Female,South,13,0,129,0,7,19291.8,0.07857142857142858,2755.9714285714285
C0661,Beauty,2025-12-20,5,0.2,Beauty 4,1106.76,932.52,174.24,56,Male,West,19,2,190,1,5,27086.36,0.1,5417.272
C0489,Clothing,2024-09-26,1,0.05,Clothing 2,497.96,356.0,141.96,49,Female,North,12,1,28,0,12,31217.78,0.08750000000000001,2601.4816666666666
C0269,Beauty,2025-03-12,2,0.1,Beauty 1,553.9,323.71,230.19,48,Male,West,57,0,220,1,3,9372.5,0.10000000000000002,3124.1666666666665
C0499,Furniture,2025-12-22,4,0.05,Furniture 4,6930.97,4541.61,2389.36,40,Male,North,12,2,218,1,2,14517.3,0.025,7258.65
C0533,Furniture,2025-03-19,2,0.2,Furniture 2,3066.62,2225.41,841.21,32,Female,South,26,1,342,1,4,11512.509999999998,0.1,2878.1274999999996
C0542,Furniture,2025-07-05,5,0.2,Furniture 5,7545.77,4186.34,3359.43,28,Male,West,46,3,172,1,6,33018.34,0.08333333333333333,5503.056666666666
C0292,Clothing,2025-12-01,3,0.05,Clothing 1,1397.98,892.4,505.58,67,Female,West,54,1,122,0,8,56584.34,0.06875,7073.0425
C0456,Beauty,2025-03-26,3,0.05,Beauty 5,803.42,536.34,267.08,25,Male,East,34,0,261,1,7,22884.870000000003,0.05,3269.2671428571434
C0034,Beauty,2025-08-30,1,0.0,Beauty 4,286.49,204.07,82.42,64,Female,South,27,2,85,0,5,9315.28,0.04,1863.056
C0322,Furniture,2025-01-06,5,0.0,Furniture 2,9592.06,5282.29,4309.77,49,Male,West,7,1,192,0,9,21764.89,0.11666666666666667,2418.321111111111
C0302,Beauty,2025-08-17,2,0.2,Beauty 3,489.58,366.16,123.42,18,Female,East,14,0,271,1,4,6294.590000000001,0.08750000000000001,1573.6475000000003
C0427,Beauty,2025-04-13,6,0.2,Beauty 5,1334.84,826.5,508.34,59,Female,West,56,2,331,1,4,3805.95,0.15000000000000002,951.4875
C0760,Furniture,2024-09-04,9,0.2,Furniture 1,13654.37,10364.18,3290.19,27,Male,East,7,0,66,0,4,25134.18,0.17500000000000002,6283.545
C0762,Grocery,2025-02-11,9,0.1,Grocery 5,1170.57,741.79,428.78,67,Male,West,10,0,364,1,3,5263.780000000001,0.06666666666666667,1754.5933333333335
C0386,Beauty,2024-09-01,7,0.0,Beauty 3,2078.61,1436.22,642.39,21,Male,West,17,0,243,1,4,5253.56,0.025,1313.39
C0516,Electronics,2024-10-16,8,0.0,Electronics 5,8713.13,6694.04,2019.09,63,Female,West,37,1,96,0,8,56319.619999999995,0.1125,7039.952499999999
C0086,Grocery,2024-07-31,9,0.1,Grocery 2,1336.31,1042.06,294.25,23,Male,South,15,0,134,0,4,33212.73,0.0625,8303.1825
C0385,Beauty,2024-12-24,7,0.05,Beauty 4,1915.36,1073.96,841.4,24,Male,West,7,1,336,1,4,16207.529999999999,0.0625,4051.8824999999997
C0550,Beauty,2024-09-10,3,0.0,Beauty 5,861.72,635.33,226.39,59,Male,South,2,2,34,0,4,13266.27,0.1,3316.5675
C0546,Clothing,2025-04-01,5,0.0,Clothing 2,2527.44,2112.5,414.94,40,Female,North,35,1,141,0,5,21251.06,0.05,4250.212
C0770,Electronics,2024-09-26,8,0.1,Electronics 1,9251.77,5756.9,3494.87,51,Male,North,38,3,218,1,7,43289.14,0.0642857142857143,6184.162857142857
C0372,Clothing,2024-12-24,7,0.2,Clothing 2,2775.81,2043.54,732.27,39,Male,East,13,1,223,1,6,30631.62,0.11666666666666668,5105.2699999999995
C0726,Beauty,2024-04-12,4,0.05,Beauty 3,1082.74,765.13,317.61,55,Male,South,50,1,54,0,5,5732.06,0.09000000000000001,1146.412
C0782,Grocery,2024-10-09,2,0.2,Grocery 4,243.16,206.07,37.09,24,Female,West,45,0,228,0,5,10456.4,0.12000000000000002,2091.2799999999997
C0457,Electronics,2024-09-16,2,0.05,Electronics 3,2272.22,1598.66,673.56,50,Female,East,47,0,21,0,5,12170.46,0.11000000000000001,2434.0919999999996
C0073,Electronics,2025-12-02,4,0.1,Electronics 5,4253.54,3744.58,508.96,24,Male,West,13,0,247,1,4,17090.31,0.037500000000000006,4272.5775
C0301,Clothing,2024-11-22,8,0.0,Clothing 3,4387.11,3414.71,972.4,60,Male,East,47,2,124,0,7,40411.189999999995,0.05714285714285715,5773.027142857142
C0611,Clothing,2024-01-16,5,0.1,Clothing 4,2473.18,1846.19,626.99,42,Female,West,30,2,298,1,4,25636.940000000002,0.1,6409.235000000001
C0464,Electronics,2024-08-13,1,0.05,Electronics 5,1154.12,752.68,401.44,18,Male,East,6,2,100,0,7,19183.75,0.1285714285714286,2740.535714285714
C0749,Grocery,2025-06-16,9,0.2,Grocery 5,986.69,748.68,238.01,26,Male,East,7,1,355,1,7,20021.2,0.1285714285714286,2860.171428571429
C0652,Grocery,2024-04-30,4,0.05,Grocery 2,577.63,344.23,233.4,28,Male,North,45,1,334,1,5,16356.960000000001,0.1,3271.3920000000003
C0050,Electronics,2024-04-28,4,0.0,Electronics 2,5234.37,3641.47,1592.9,57,Female,North,50,1,311,1,6,9367.779999999999,0.075,1561.2966666666664
C0688,Clothing,2024-09-29,8,0.0,Clothing 4,4340.55,2819.4,1521.15,41,Male,West,14,0,229,1,4,11235.51,0.08750000000000001,2808.8775
C0285,Furniture,2024-09-17,4,0.05,Furniture 3,7167.56,5623.64,1543.92,66,Female,North,29,1,10,0,7,18497.78,0.09285714285714286,2642.54
C0655,Beauty,2024-12-17,6,0.05,Beauty 3,1604.02,1311.12,292.9,45,Male,East,29,1,63,0,8,31078.710000000003,0.08125,3884.8387500000003
C0406,Beauty,2024-01-25,9,0.05,Beauty 4,2386.61,2088.33,298.28,40,Female,South,18,0,237,1,7,13509.16,0.07142857142857142,1929.8799999999999
C0364,Grocery,2025-06-10,5,0.1,Grocery 4,718.17,450.82,267.35,24,Female,West,13,1,316,1,8,42545.5,0.11875000000000001,5318.1875
C0057,Electronics,2024-06-05,6,0.2,Electronics 5,5748.54,4941.81,806.73,26,Male,West,56,0,103,0,3,13354.36,0.15,4451.453333333334
C0095,Beauty,2025-06-03,4,0.1,Beauty 2,1045.02,884.17,160.85,32,Female,East,13,2,104,1,5,14480.93,0.1,2896.186
C0476,Beauty,2025-02-16,9,0.05,Beauty 4,2475.13,2108.44,366.69,62,Female,South,40,1,252,1,9,48798.94,0.07777777777777778,5422.104444444445
C0455,Clothing,2024-05-27,1,0.1,Clothing 2,429.79,347.77,82.02,46,Male,South,5,1,287,1,5,17865.11,0.08,3573.022
C0443,Grocery,2024-12-08,3,0.2,Grocery 5,387.55,249.47,138.08,43,Male,East,29,0,49,0,10,24585.21,0.155,2458.5209999999997
C0125,Electronics,2024-01-27,9,0.0,Electronics 1,10604.91,9091.11,1513.8,47,Female,West,20,0,99,0,6,35623.88,0.008333333333333333,5937.313333333333
C0407,Beauty,2025-05-27,5,0.0,Beauty 4,1423.21,1081.41,341.8,25,Female,North,19,3,11,0,7,21922.17,0.08571428571428572,3131.738571428571
C0048,Furniture,2024-08-09,2,0.0,Furniture 1,4168.32,3373.06,795.26,53,Female,West,46,1,246,0,2,8514.55,0.05,4257.275
C0115,Electronics,2024-10-06,4,0.2,Electronics 5,3944.03,2452.56,1491.47,47,Male,West,49,1,292,1,3,20988.89,0.15,6996.296666666666
C0398,Furniture,2024-04-24,3,0.2,Furniture 5,5006.75,3029.55,1977.2,32,Female,South,42,2,52,0,3,18684.329999999998,0.20000000000000004,6228.11
C0493,Grocery,2024-09-23,5,0.05,Grocery 5,758.38,490.59,267.79,49,Male,North,54,1,120,0,12,41259.65,0.09166666666666667,3438.304166666667
C0524,Grocery,2024-10-15,3,0.2,Grocery 4,331.29,241.5,89.79,34,Female,East,25,1,233,0,6,18907.57,0.1416666666666667,3151.2616666666668
C0785,Clothing,2024-06-13,4,0.1,Clothing 3,1620.72,1127.73,492.99,48,Male,West,57,2,147,1,8,45318.29,0.1,5664.78625
C0683,Beauty,2025-12-15,9,0.2,Beauty 2,1965.84,1691.93,273.91,67,Male,West,15,1,7,0,7,32122.43,0.07142857142857142,4588.918571428571
C0303,Grocery,2024-07-23,1,0.2,Grocery 5,124.96,69.3,55.66,64,Male,North,50,0,300,1,4,19970.17,0.1,4992.5425
C0626,Beauty,2024-05-12,7,0.2,Beauty 3,1825.99,1055.45,770.54,35,Female,West,7,1,223,1,7,38175.159999999996,0.10714285714285714,5453.594285714285
C0076,Electronics,2025-02-04,1,0.05,Electronics 5,1101.49,731.27,370.22,35,Female,North,31,0,108,0,6,18349.7,0.1416666666666667,3058.2833333333333
C0685,Grocery,2024-08-20,5,0.1,Grocery 4,712.96,433.98,278.98,59,Female,West,22,0,173,1,11,24208.12,0.06818181818181818,2200.7381818181816
C0309,Clothing,2024-11-27,7,0.0,Clothing 4,3660.43,2534.35,1126.08,23,Male,West,52,1,184,1,4,17936.87,0.0625,4484.2175
C0608,Beauty,2025-06-13,9,0.2,Beauty 2,2366.52,1895.96,470.56,68,Male,North,38,1,135,1,8,44574.15,0.06875,5571.76875
C0776,Grocery,2024-02-27,3,0.05,Grocery 3,425.0,381.52,43.48,40,Female,West,37,1,266,1,5,19128.57,0.04,3825.714
C0562,Furniture,2025-01-06,1,0.05,Furniture 3,1773.11,1100.62,672.49,43,Male,South,58,1,184,0,6,23595.16,0.075,3932.5266666666666
C0736,Electronics,2024-01-16,7,0.1,Electronics 4,7961.03,5119.67,2841.36,55,Male,South,35,0,187,1,6,25372.66,0.05833333333333334,4228.776666666667
C0008,Furniture,2024-02-02,9,0.2,Furniture 4,15318.2,12546.5,2771.7,28,Male,North,28,0,79,0,4,30234.16,0.075,7558.54
C0136,Electronics,2024-03-08,6,0.1,Electronics 1,6748.66,4354.35,2394.31,49,Male,East,20,0,100,0,5,21026.57,0.1,4205.314
C0500,Clothing,2024-04-28,1,0.2,Clothing 2,429.05,341.66,87.39,23,Female,West,30,1,115,1,9,22976.55,0.061111111111111116,2552.95
C0432,Clothing,2024-09-12,5,0.1,Clothing 1,2192.03,1653.28,538.75,60,Female,North,18,0,151,1,4,19662.530000000002,0.0875,4915.632500000001
C0096,Electronics,2025-11-13,4,0.2,Electronics 3,3986.16,3385.1,601.06,30,Female,South,48,2,89,0,4,20854.77,0.1,5213.6925
C0574,Grocery,2025-10-23,5,0.1,Grocery 4,643.12,361.22,281.9,18,Female,North,2,4,157,1,2,1894.13,0.05,947.065
C0046,Clothing,2024-03-16,1,0.05,Clothing 2,469.91,419.59,50.32,41,Male,South,46,1,355,1,4,14537.330000000002,0.075,3634.3325000000004
C0792,Grocery,2025-12-24,3,0.2,Grocery 4,341.46,303.04,38.42,55,Male,East,40,1,362,1,7,22320.11,0.09999999999999999,3188.587142857143
C0125,Furniture,2025-04-08,9,0.05,Furniture 1,15918.51,8879.91,7038.6,47,Female,West,20,0,99,0,6,35623.88,0.008333333333333333,5937.313333333333
C0356,Electronics,2025-02-08,1,0.1,Electronics 5,979.77,710.17,269.6,25,Male,East,53,0,145,0,6,16028.41,0.10833333333333334,2671.4016666666666
C0658,Furniture,2025-08-01,9,0.05,Furniture 4,17686.27,12212.35,5473.92,21,Male,North,23,1,295,1,5,30698.47,0.12000000000000002,6139.694
C0411,Clothing,2024-12-19,5,0.05,Clothing 4,2553.25,1631.42,921.83,29,Female,South,17,1,338,1,4,25414.93,0.0625,6353.7325
C0595,Clothing,2024-07-12,6,0.05,Clothing 4,2744.22,2448.5,295.72,59,Female,West,38,3,272,1,6,11292.99,0.09166666666666667,1882.165
C0562,Grocery,2025-01-21,9,0.05,Grocery 2,1264.35,772.66,491.69,43,Male,South,58,1,184,0,6,23595.16,0.075,3932.5266666666666
C0759,Furniture,2025-06-13,2,0.2,Furniture 5,2882.27,1851.12,1031.15,55,Female,North,52,1,112,0,5,26976.82,0.1,5395.364
C0371,Furniture,2025-05-13,9,0.2,Furniture 4,14149.02,7822.68,6326.34,52,Female,West,3,0,155,1,6,22913.68,0.09166666666666667,3818.9466666666667
C0783,Electronics,2024-05-04,3,0.1,Electronics 1,3098.3,2333.26,765.04,24,Male,South,4,0,289,1,6,19842.55,0.11666666666666668,3307.0916666666667
C0413,Grocery,2025-11-15,4,0.0,Grocery 5,608.9,518.34,90.56,24,Female,West,57,0,28,0,3,3954.0800000000004,0.06666666666666667,1318.0266666666669
C0714,Clothing,2024-07-26,5,0.0,Clothing 4,2704.26,2075.98,628.28,65,Male,North,22,0,355,1,2,3224.53,0.025,1612.265
C0586,Clothing,2025-08-21,6,0.0,Clothing 2,3003.69,2337.06,666.63,53,Female,South,45,0,329,1,8,29057.98,0.125,3632.2475
C0106,Beauty,2024-08-15,3,0.1,Beauty 5,838.44,480.6,357.84,58,Male,West,28,1,287,1,5,7485.89,0.09,1497.178
C0514,Electronics,2024-02-16,8,0.2,Electronics 2,7995.62,6397.96,1597.66,67,Female,East,25,0,255,0,8,18246.14,0.08125,2280.7675
C0702,Grocery,2025-12-28,1,0.05,Grocery 4,132.59,91.9,40.69,26,Male,East,1,2,267,1,7,19026.28,0.09285714285714286,2718.04
C0102,Grocery,2025-03-05,6,0.05,Grocery 4,828.76,593.23,235.53,59,Male,East,45,0,345,1,7,21262.26,0.05714285714285715,3037.465714285714
C0670,Clothing,2024-06-05,6,0.1,Clothing 5,2491.1,1880.17,610.93,67,Female,South,25,0,361,0,9,60218.12,0.10555555555555557,6690.902222222223
C0084,Furniture,2024-01-01,5,0.2,Furniture 3,7905.19,7046.51,858.68,50,Female,South,21,1,49,0,6,25906.21,0.10833333333333334,4317.701666666667
C0696,Grocery,2024-04-04,6,0.05,Grocery 5,921.23,747.91,173.32,55,Female,North,11,1,296,0,4,15478.710000000001,0.0625,3869.6775000000002
C0631,Furniture,2024-05-04,7,0.05,Furniture 2,13249.29,10458.65,2790.64,35,Male,North,17,1,207,1,4,20336.190000000002,0.1125,5084.047500000001
C0121,Clothing,2025-11-06,9,0.1,Clothing 5,4014.48,2814.8,1199.68,52,Female,East,3,2,354,1,5,32208.82,0.12000000000000002,6441.764
C0581,Beauty,2024-05-09,2,0.2,Beauty 2,452.1,254.11,197.99,61,Male,North,4,2,161,0,6,34150.950000000004,0.11666666666666668,5691.825000000001
C0093,Furniture,2024-04-28,5,0.1,Furniture 5,8658.39,6394.56,2263.83,38,Female,South,37,1,348,1,8,26802.579999999998,0.07500000000000001,3350.3224999999998
C0454,Clothing,2025-09-03,6,0.1,Clothing 4,2935.76,2293.73,642.03,49,Female,East,43,3,24,0,4,25626.940000000002,0.1,6406.735000000001
C0739,Beauty,2025-10-03,4,0.1,Beauty 4,1037.45,826.29,211.16,64,Female,North,30,5,188,0,6,18522.94,0.08333333333333333,3087.1566666666663
C0164,Beauty,2024-06-01,9,0.0,Beauty 1,2824.95,2154.75,670.2,39,Female,East,26,1,64,0,7,29374.199999999997,0.0642857142857143,4196.314285714286
C0139,Grocery,2025-04-19,5,0.2,Grocery 3,545.06,357.08,187.98,40,Female,North,30,2,16,0,8,11108.94,0.1,1388.6175
C0338,Electronics,2025-01-25,6,0.0,Electronics 1,6664.77,4181.22,2483.55,28,Female,West,30,0,64,0,4,23214.84,0.05,5803.71
C0294,Grocery,2025-02-25,2,0.05,Grocery 5,274.25,159.49,114.76,46,Male,North,56,1,205,0,7,26075.54,0.09285714285714286,3725.077142857143
C0038,Furniture,2024-08-15,4,0.05,Furniture 2,8210.16,6535.21,1674.95,32,Male,North,50,0,358,1,6,25765.35,0.06666666666666667,4294.224999999999
C0364,Clothing,2025-07-02,6,0.1,Clothing 5,2548.42,2267.52,280.9,24,Female,West,13,1,316,1,8,42545.5,0.11875000000000001,5318.1875
C0207,Electronics,2025-10-05,4,0.0,Electronics 5,5017.67,3681.75,1335.92,68,Female,South,16,1,179,0,7,36856.619999999995,0.08571428571428573,5265.231428571428
C0099,Grocery,2025-06-13,7,0.0,Grocery 1,980.18,770.04,210.14,25,Female,West,55,0,118,0,11,40467.1,0.05909090909090909,3678.8272727272724
C0220,Beauty,2025-10-21,2,0.2,Beauty 4,490.83,388.94,101.89,24,Male,South,50,0,50,0,10,35275.33,0.06000000000000001,3527.5330000000004
C0016,Clothing,2024-03-21,2,0.05,Clothing 2,966.5,586.19,380.31,44,Male,West,37,4,206,1,5,11302.56,0.030000000000000006,2260.5119999999997
C0732,Grocery,2025-04-24,4,0.1,Grocery 1,553.17,341.38,211.79,65,Female,South,45,1,342,1,8,13503.85,0.0625,1687.98125
C0795,Electronics,2025-12-30,3,0.1,Electronics 2,3101.51,1931.81,1169.7,33,Male,East,11,1,177,0,7,13222.75,0.10714285714285714,1888.9642857142858
C0294,Furniture,2025-01-26,8,0.1,Furniture 3,13426.86,11768.57,1658.29,46,Male,North,56,1,205,0,7,26075.54,0.09285714285714286,3725.077142857143
C0701,Beauty,2025-11-18,8,0.1,Beauty 5,2326.96,1292.52,1034.44,50,Male,North,8,1,324,1,8,22130.11,0.1,2766.26375
C0369,Furniture,2024-09-11,5,0.1,Furniture 4,9125.0,6747.11,2377.89,58,Female,North,57,1,185,0,5,32652.550000000003,0.11000000000000001,6530.51
C0729,Grocery,2025-10-16,5,0.2,Grocery 2,565.45,385.64,179.81,52,Female,North,47,0,107,0,4,20536.06,0.1125,5134.015
C0138,Electronics,2025-11-16,3,0.2,Electronics 2,2830.08,2209.65,620.43,36,Male,North,32,0,71,0,4,16811.59,0.0625,4202.8975
C0227,Grocery,2025-03-30,5,0.05,Grocery 2,650.81,408.17,242.64,48,Male,West,1,1,364,1,8,34385.47,0.08750000000000001,4298.18375
C0591,Beauty,2025-05-29,7,0.0,Beauty 4,2089.66,1852.3,237.36,64,Female,South,38,1,273,1,7,21408.56,0.09285714285714286,3058.3657142857146
C0176,Electronics,2025-01-16,7,0.2,Electronics 3,6617.71,4406.9,2210.81,55,Male,South,16,1,52,0,4,9696.47,0.125,2424.1175
C0658,Clothing,2024-08-19,9,0.05,Clothing 1,3960.98,3462.19,498.79,21,Male,North,23,1,295,1,5,30698.47,0.12000000000000002,6139.694
C0340,Beauty,2025-01-26,6,0.05,Beauty 1,1690.98,1278.75,412.23,51,Female,North,11,0,314,1,4,17315.66,0.05,4328.915
C0323,Grocery,2025-12-03,4,0.0,Grocery 1,616.74,428.67,188.07,65,Male,South,23,0,43,0,3,1381.23,0.06666666666666667,460.41
C0362,Electronics,2024-01-11,1,0.1,Electronics 5,1172.55,946.08,226.47,29,Female,North,22,1,193,0,6,29037.17,0.05833333333333334,4839.528333333333
C0638,Electronics,2024-05-29,7,0.1,Electronics 3,7867.22,5849.85,2017.37,59,Male,South,17,1,169,0,4,25693.25,0.07500000000000001,6423.3125
C0004,Grocery,2024-12-30,8,0.2,Grocery 3,960.47,574.85,385.62,40,Female,North,23,1,90,1,12,47598.26,0.08750000000000001,3966.521666666667
C0600,Grocery,2024-09-04,5,0.1,Grocery 4,711.46,566.73,144.73,50,Female,South,46,1,108,1,4,16217.7,0.08750000000000001,4054.425
C0623,Beauty,2025-03-31,9,0.1,Beauty 1,2323.05,1748.85,574.2,39,Female,South,12,1,208,1,5,14613.78,0.030000000000000006,2922.7560000000003
C0656,Beauty,2024-09-20,3,0.1,Beauty 1,837.34,626.31,211.03,57,Female,West,48,3,26,0,3,8906.67,0.06666666666666667,2968.89
C0797,Grocery,2025-04-25,1,0.2,Grocery 2,108.12,87.4,20.72,41,Female,South,48,0,284,1,11,29578.27,0.08181818181818182,2688.933636363636
C0625,Grocery,2024-03-18,6,0.2,Grocery 2,658.45,512.75,145.7,30,Female,East,37,1,1,0,6,7749.38,0.15,1291.5633333333333
C0422,Beauty,2024-08-30,2,0.2,Beauty 4,491.93,333.62,158.31,57,Female,East,8,0,193,0,7,36287.56,0.15714285714285717,5183.937142857142
C0372,Furniture,2025-05-20,1,0.05,Furniture 5,1783.17,1179.52,603.65,39,Male,East,13,1,223,1,6,30631.62,0.11666666666666668,5105.2699999999995
C0310,Clothing,2024-12-10,7,0.05,Clothing 4,3450.51,2200.69,1249.82,52,Female,North,4,0,165,1,8,35223.5,0.1125,4402.9375
C0661,Furniture,2025-06-04,4,0.0,Furniture 5,8218.81,6174.8,2044.01,56,Male,West,19,2,190,1,5,27086.36,0.1,5417.272
C0314,Furniture,2025-04-09,6,0.2,Furniture 3,8762.24,5738.92,3023.32,30,Male,South,30,1,50,0,3,19701.22,0.15,6567.073333333334
C0458,Clothing,2024-08-27,7,0.1,Clothing 2,3082.27,1825.16,1257.11,61,Female,South,43,0,24,0,4,8946.04,0.1125,2236.51
C0076,Beauty,2024-11-08,4,0.2,Beauty 2,981.7,808.87,172.83,35,Female,North,31,0,108,0,6,18349.7,0.1416666666666667,3058.2833333333333
C0253,Clothing,2025-12-05,6,0.2,Clothing 1,2502.47,1559.53,942.94,35,Female,North,23,1,269,1,7,26987.69,0.15714285714285717,3855.3842857142854
C0212,Grocery,2025-12-03,5,0.05,Grocery 5,757.54,460.36,297.18,59,Male,East,11,1,135,1,5,29528.32,0.05,5905.664
C0348,Grocery,2024-01-26,6,0.0,Grocery 4,869.48,736.58,132.9,27,Female,North,25,3,46,0,3,11199.12,0.08333333333333333,3733.0400000000004
C0401,Furniture,2025-05-29,7,0.0,Furniture 4,14942.8,11890.66,3052.14,58,Male,North,27,0,51,0,9,32108.64,0.1111111111111111,3567.6266666666666
C0573,Beauty,2024-12-24,4,0.2,Beauty 2,932.02,762.54,169.48,20,Male,West,58,2,301,1,8,19877.23,0.125,2484.65375
C0345,Clothing,2024-01-01,5,0.05,Clothing 4,2140.82,1439.97,700.85,31,Male,North,24,0,213,1,7,9859.71,0.07857142857142858,1408.53
C0120,Clothing,2025-04-07,6,0.05,Clothing 2,2912.7,2231.43,681.27,40,Female,North,27,1,45,0,8,31426.46,0.10625000000000001,3928.3075
C0436,Furniture,2024-01-17,2,0.2,Furniture 3,3034.67,2659.18,375.49,47,Male,East,57,2,319,1,5,19632.64,0.1,3926.528
C0043,Beauty,2024-08-20,2,0.05,Beauty 4,527.18,342.11,185.07,36,Male,East,13,2,256,1,6,7538.53,0.041666666666666664,1256.4216666666666
C0679,Beauty,2025-05-18,1,0.2,Beauty 5,228.4,131.13,97.27,66,Male,East,27,0,177,0,10,32462.629999999997,0.135,3246.263
C0616,Furniture,2025-08-16,2,0.1,Furniture 3,3836.1,2339.28,1496.82,30,Female,South,32,1,124,1,4,9030.880000000001,0.05,2257.7200000000003
C0180,Furniture,2024-10-28,4,0.2,Furniture 4,6929.92,5988.24,941.68,66,Female,North,23,1,232,0,8,25715.29,0.09375,3214.41125
C0210,Furniture,2025-08-13,9,0.0,Furniture 3,19662.11,12751.58,6910.53,31,Male,North,58,1,4,1,4,23231.01,0.037500000000000006,5807.7525
C0022,Beauty,2025-09-04,9,0.05,Beauty 3,2463.85,1778.75,685.1,27,Male,West,7,3,113,1,5,26522.59,0.030000000000000006,5304.518
C0291,Electronics,2024-11-22,7,0.0,Electronics 5,8325.96,6137.06,2188.9,31,Male,North,36,4,128,0,8,43569.14,0.07500000000000001,5446.1425
C0030,Grocery,2024-05-06,6,0.0,Grocery 5,954.45,845.65,108.8,41,Male,East,8,2,309,1,7,16535.11,0.0642857142857143,2362.1585714285716
C0749,Electronics,2025-04-26,2,0.2,Electronics 2,1850.07,1212.75,637.32,26,Male,East,7,1,355,1,7,20021.2,0.1285714285714286,2860.171428571429
C0107,Grocery,2024-01-11,4,0.1,Grocery 5,527.6,386.46,141.14,52,Male,West,37,1,110,1,6,14448.84,0.03333333333333333,2408.14
C0527,Clothing,2025-10-14,7,0.05,Clothing 3,3150.29,2789.09,361.2,25,Male,East,19,1,13,0,6,19644.43,0.041666666666666664,3274.0716666666667
C0456,Clothing,2024-10-10,9,0.05,Clothing 4,4336.87,2690.9,1645.97,25,Male,East,34,0,261,1,7,22884.870000000003,0.05,3269.2671428571434
C0189,Beauty,2025-07-08,9,0.0,Beauty 3,2786.0,2115.3,670.7,33,Female,West,21,2,70,0,12,57799.59,0.125,4816.6325
C0646,Furniture,2025-06-21,4,0.0,Furniture 4,7709.5,4411.86,3297.64,41,Female,East,43,0,90,0,4,21706.64,0.025,5426.66
C0087,Grocery,2024-12-11,5,0.2,Grocery 5,542.91,348.57,194.34,34,Male,South,4,0,37,0,9,15399.86,0.1111111111111111,1711.0955555555556
C0709,Beauty,2025-12-10,5,0.0,Beauty 3,1570.77,901.98,668.79,42,Female,East,14,0,121,0,4,7224.07,0.037500000000000006,1806.0175
C0592,Electronics,2025-08-04,1,0.05,Electronics 4,1166.58,776.42,390.16,30,Female,South,12,1,80,0,2,3212.71,0.025,1606.355
C0508,Furniture,2025-10-07,2,0.0,Furniture 3,3775.2,2349.13,1426.07,31,Male,South,8,1,38,0,7,27352.89,0.05,3907.555714285714
C0703,Electronics,2024-03-09,1,0.2,Electronics 4,924.41,766.75,157.66,26,Male,West,26,1,199,0,9,42204.350000000006,0.1,4689.372222222223
C0322,Clothing,2024-12-19,7,0.0,Clothing 1,3819.98,2720.55,1099.43,49,Male,West,7,1,192,0,9,21764.89,0.11666666666666667,2418.321111111111
C0225,Electronics,2025-11-25,3,0.05,Electronics 4,3509.06,2427.39,1081.67,33,Male,West,35,0,94,0,5,37813.05,0.07,7562.610000000001
C0123,Grocery,2025-08-16,7,0.2,Grocery 3,856.04,678.25,177.79,42,Male,East,24,0,202,0,4,7867.7,0.15000000000000002,1966.925
C0739,Furniture,2024-11-27,4,0.1,Furniture 3,7401.15,6524.26,876.89,64,Female,North,30,5,188,0,6,18522.94,0.08333333333333333,3087.1566666666663
C0321,Furniture,2024-02-21,8,0.05,Furniture 2,16581.51,10869.85,5711.66,23,Male,East,40,1,12,0,3,32662.55,0.10000000000000002,10887.516666666666
C0663,Grocery,2024-07-25,2,0.1,Grocery 4,261.35,149.85,111.5,28,Male,East,8,1,317,1,5,14129.300000000001,0.13,2825.86
C0265,Beauty,2025-02-21,3,0.05,Beauty 2,817.54,481.06,336.48,48,Male,South,32,0,258,1,7,18455.260000000002,0.08571428571428573,2636.4657142857145
C0763,Clothing,2025-04-13,2,0.05,Clothing 1,926.58,787.62,138.96,66,Female,North,19,0,52,1,4,12184.11,0.05,3046.0275
C0696,Electronics,2025-11-05,4,0.1,Electronics 5,4580.02,3874.92,705.1,55,Female,North,11,1,296,0,4,15478.710000000001,0.0625,3869.6775000000002
C0246,Electronics,2024-03-08,6,0.05,Electronics 3,6321.47,4528.56,1792.91,57,Male,South,34,0,287,1,8,28256.02,0.037500000000000006,3532.0025
C0389,Electronics,2024-10-16,2,0.2,Electronics 1,1807.42,1087.48,719.94,25,Male,West,50,0,74,0,3,7214.45,0.15,2404.8166666666666
C0635,Grocery,2024-07-17,7,0.05,Grocery 2,943.28,692.62,250.66,53,Male,West,57,0,295,0,6,15135.01,0.10000000000000002,2522.5016666666666
C0180,Grocery,2025-12-01,9,0.2,Grocery 5,1109.46,869.76,239.7,66,Female,North,23,1,232,0,8,25715.29,0.09375,3214.41125
C0018,Beauty,2024-05-01,1,0.0,Beauty 2,308.49,205.54,102.95,61,Female,North,18,2,208,1,10,33457.18,0.065,3345.718
C0231,Electronics,2024-06-10,1,0.1,Electronics 2,1052.33,609.17,443.16,62,Male,West,41,2,18,0,8,29938.63,0.10625000000000001,3742.32875
C0472,Clothing,2024-08-05,9,0.1,Clothing 3,3868.72,2563.72,1305.0,40,Female,South,49,1,247,1,5,17261.51,0.05,3452.3019999999997
C0109,Beauty,2024-03-18,6,0.1,Beauty 1,1702.51,1347.88,354.63,54,Male,North,8,2,42,0,8,23565.15,0.07500000000000001,2945.64375
C0266,Electronics,2025-04-14,9,0.05,Electronics 3,9299.1,8298.78,1000.32,41,Female,North,15,0,52,0,9,35127.93,0.1,3903.1033333333335
C0734,Grocery,2025-01-18,7,0.1,Grocery 1,990.12,610.44,379.68,28,Female,East,42,1,196,1,7,26770.54,0.07142857142857142,3824.362857142857
C0060,Electronics,2025-02-11,7,0.0,Electronics 5,7913.26,6885.28,1027.98,65,Female,East,21,2,305,1,6,33614.03,0.05833333333333334,5602.338333333333
C0040,Grocery,2025-10-24,2,0.1,Grocery 3,291.75,207.09,84.66,26,Male,East,22,1,229,1,4,27286.43,0.05,6821.6075
C0339,Beauty,2024-11-12,5,0.2,Beauty 2,1179.29,922.35,256.94,67,Female,North,21,1,243,0,5,22016.73,0.07,4403.346
C0010,Clothing,2024-08-15,4,0.05,Clothing 3,1954.07,1665.44,288.63,45,Male,West,32,0,277,1,3,8035.96,0.10000000000000002,2678.653333333333
C0022,Clothing,2024-10-01,8,0.0,Clothing 1,3696.78,2754.51,942.27,27,Male,West,7,3,113,1,5,26522.59,0.030000000000000006,5304.518
C0146,Grocery,2025-08-07,1,0.1,Grocery 2,128.35,73.35,55.0,19,Female,West,47,1,6,0,5,32742.340000000004,0.1,6548.468000000001
C0081,Furniture,2025-01-20,1,0.2,Furniture 1,1664.19,1070.11,594.08,40,Female,North,51,2,160,0,6,21641.68,0.10833333333333334,3606.9466666666667
C0648,Beauty,2024-05-03,6,0.05,Beauty 4,1727.22,1435.35,291.87,67,Female,North,10,3,163,1,4,17471.45,0.08750000000000001,4367.8625
C0098,Electronics,2025-05-18,9,0.0,Electronics 5,11384.23,8464.31,2919.92,51,Male,South,2,1,262,1,4,19779.879999999997,0.1,4944.969999999999
C0418,Grocery,2025-06-28,9,0.05,Grocery 3,1298.76,863.9,434.86,33,Female,East,8,0,175,1,4,5016.08,0.037500000000000006,1254.02
C0564,Furniture,2024-07-01,6,0.2,Furniture 1,9733.12,7340.29,2392.83,64,Female,West,44,1,289,1,4,23765.64,0.0875,5941.41
C0500,Electronics,2025-02-10,4,0.05,Electronics 1,4886.73,3147.05,1739.68,23,Female,West,30,1,115,1,9,22976.55,0.061111111111111116,2552.95
C0523,Beauty,2025-02-15,3,0.1,Beauty 5,797.8,506.09,291.71,60,Female,East,32,2,204,1,4,11297.240000000002,0.07500000000000001,2824.3100000000004
C0286,Clothing,2024-05-07,9,0.05,Clothing 2,4612.76,3874.43,738.33,26,Female,East,15,0,30,1,7,29938.910000000003,0.12142857142857144,4276.987142857143
C0711,Grocery,2024-01-07,2,0.1,Grocery 2,263.1,181.55,81.55,45,Male,North,46,1,172,0,6,10123.13,0.11666666666666668,1687.1883333333333
C0054,Beauty,2025-06-08,2,0.05,Beauty 1,550.46,355.54,194.92,43,Male,North,49,0,223,1,10,51216.96,0.13,5121.696
C0085,Furniture,2025-03-25,5,0.05,Furniture 4,10030.9,6953.54,3077.36,54,Female,East,22,1,189,0,8,32791.37,0.09375,4098.92125
C0684,Beauty,2025-06-05,4,0.1,Beauty 1,974.49,849.97,124.52,26,Male,East,21,1,10,0,3,5329.110000000001,0.03333333333333333,1776.3700000000001
C0054,Furniture,2024-10-02,5,0.1,Furniture 5,8409.95,5157.62,3252.33,43,Male,North,49,0,223,1,10,51216.96,0.13,5121.696
C0153,Clothing,2025-01-11,9,0.05,Clothing 2,3908.86,2403.29,1505.57,33,Male,South,12,0,69,0,5,25843.85,0.11000000000000001,5168.7699999999995
C0138,Furniture,2025-12-17,3,0.05,Furniture 1,5713.8,3850.06,1863.74,36,Male,North,32,0,71,0,4,16811.59,0.0625,4202.8975
C0026,Furniture,2024-06-13,8,0.0,Furniture 4,16409.83,9372.53,7037.3,38,Female,East,10,2,270,1,1,16409.83,0.0,16409.83
C0093,Clothing,2025-04-21,2,0.1,Clothing 2,811.87,467.82,344.05,38,Female,South,37,1,348,1,8,26802.579999999998,0.07500000000000001,3350.3224999999998
C0458,Electronics,2024-04-06,3,0.05,Electronics 4,3188.44,1765.89,1422.55,61,Female,South,43,0,24,0,4,8946.04,0.1125,2236.51
C0528,Furniture,2024-02-17,1,0.1,Furniture 1,1728.91,1039.36,689.55,65,Female,North,11,1,58,0,7,38804.64,0.0642857142857143,5543.5199999999995
C0066,Grocery,2025-11-29,7,0.05,Grocery 5,956.45,740.42,216.03,65,Female,West,18,3,106,1,3,8539.539999999999,0.08333333333333333,2846.513333333333
C0753,Furniture,2024-04-04,8,0.2,Furniture 2,11768.66,7281.85,4486.81,66,Female,South,47,0,314,1,5,16986.16,0.17,3397.232
C0076,Electronics,2025-04-23,8,0.1,Electronics 4,8074.68,5508.76,2565.92,35,Female,North,31,0,108,0,6,18349.7,0.1416666666666667,3058.2833333333333
C0549,Grocery,2025-01-10,2,0.05,Grocery 5,304.78,242.9,61.88,53,Female,West,31,0,274,0,7,24352.77,0.03571428571428571,3478.967142857143
C0640,Beauty,2025-08-13,7,0.05,Beauty 3,2075.03,1164.38,910.65,52,Female,North,24,0,189,0,7,28070.89,0.07857142857142858,4010.1271428571426
C0416,Beauty,2025-02-03,2,0.1,Beauty 2,517.98,322.79,195.19,68,Female,South,40,2,28,0,7,39994.759999999995,0.07857142857142858,5713.5371428571425
C0393,Beauty,2025-05-23,6,0.0,Beauty 2,1714.83,1540.88,173.95,49,Female,East,32,0,200,1,5,15686.03,0.11000000000000001,3137.206
C0087,Clothing,2025-10-14,7,0.0,Clothing 4,3206.14,2433.26,772.88,34,Male,South,4,0,37,0,9,15399.86,0.1111111111111111,1711.0955555555556
C0193,Electronics,2025-08-28,2,0.0,Electronics 1,2327.47,1817.74,509.73,36,Male,South,6,1,229,1,6,26047.59,0.06666666666666667,4341.265
C0680,Grocery,2025-06-10,1,0.05,Grocery 1,139.59,101.99,37.6,55,Male,West,26,0,177,0,6,28823.52,0.05833333333333334,4803.92
C0278,Grocery,2024-04-28,1,0.05,Grocery 4,154.02,136.78,17.24,21,Male,East,35,0,211,0,4,5968.8,0.025,1492.2
C0027,Clothing,2024-05-03,7,0.05,Clothing 1,3486.67,2093.76,1392.91,60,Female,East,23,1,237,1,5,9512.630000000001,0.08,1902.5260000000003
C0583,Electronics,2024-12-28,6,0.0,Electronics 2,7169.98,4112.56,3057.42,20,Female,East,49,1,257,1,9,64267.66,0.08333333333333333,7140.851111111111
C0546,Electronics,2025-04-25,2,0.05,Electronics 4,2113.49,1766.16,347.33,40,Female,North,35,1,141,0,5,21251.06,0.05,4250.212
C0053,Clothing,2025-05-02,5,0.05,Clothing 2,2449.18,1350.56,1098.62,42,Male,East,28,2,130,1,4,13011.08,0.0625,3252.77
C0040,Furniture,2025-07-28,8,0.05,Furniture 5,16525.48,12337.04,4188.44,26,Male,East,22,1,229,1,4,27286.43,0.05,6821.6075
C0093,Electronics,2024-03-16,3,0.1,Electronics 5,2966.57,1633.08,1333.49,38,Female,South,37,1,348,1,8,26802.579999999998,0.07500000000000001,3350.3224999999998
C0040,Electronics,2024-05-06,6,0.05,Electronics 1,7316.9,4916.12,2400.78,26,Male,East,22,1,229,1,4,27286.43,0.05,6821.6075
C0493,Clothing,2024-04-19,3,0.2,Clothing 1,1123.23,873.66,249.57,49,Male,North,54,1,120,0,12,41259.65,0.09166666666666667,3438.304166666667
C0106,Beauty,2025-01-29,3,0.2,Beauty 5,748.98,555.42,193.56,58,Male,West,28,1,287,1,5,7485.89,0.09,1497.178
C0485,Beauty,2025-04-07,4,0.1,Beauty 1,1011.71,754.69,257.02,30,Male,East,10,2,359,1,6,22640.07,0.05000000000000001,3773.345
C0140,Grocery,2024-03-25,4,0.1,Grocery 3,550.8,333.27,217.53,69,Female,South,18,2,2,0,8,25484.87,0.11875000000000001,3185.60875
C0777,Electronics,2025-09-26,5,0.0,Electronics 5,5685.15,3713.29,1971.86,24,Female,North,18,0,272,1,6,22398.02,0.125,3733.0033333333336
C0580,Electronics,2024-08-09,2,0.1,Electronics 3,2178.01,1739.16,438.85,22,Female,East,43,2,104,0,6,22614.32,0.10000000000000002,3769.0533333333333
C0299,Beauty,2025-04-27,4,0.05,Beauty 2,1162.84,649.04,513.8,19,Male,South,7,2,190,1,3,28041.76,0.05000000000000001,9347.253333333332
C0342,Grocery,2025-07-02,6,0.05,Grocery 1,875.27,663.76,211.51,50,Female,West,31,0,65,0,7,5817.150000000001,0.07142857142857142,831.0214285714286
C0052,Electronics,2024-01-27,4,0.2,Electronics 2,3980.39,2909.56,1070.83,36,Female,North,6,1,93,0,4,6461.29,0.1,1615.3225
C0043,Beauty,2025-09-23,6,0.0,Beauty 3,1644.85,1102.68,542.17,36,Male,East,13,2,256,1,6,7538.53,0.041666666666666664,1256.4216666666666
C0430,Grocery,2025-12-09,2,0.05,Grocery 1,296.59,197.88,98.71,22,Female,East,55,0,298,1,3,10402.71,0.08333333333333333,3467.5699999999997
C0018,Clothing,2025-11-30,2,0.2,Clothing 3,744.74,617.86,126.88,61,Female,North,18,2,208,1,10,33457.18,0.065,3345.718
C0510,Grocery,2024-04-11,8,0.2,Grocery 3,993.99,679.59,314.4,69,Female,South,7,2,55,0,6,18899.9,0.1416666666666667,3149.9833333333336
C0305,Clothing,2024-10-13,5,0.1,Clothing 2,2080.82,1202.61,878.21,25,Male,North,17,1,58,0,6,34646.350000000006,0.06666666666666667,5774.391666666667
C0111,Beauty,2024-06-18,6,0.1,Beauty 5,1613.33,1430.56,182.77,58,Male,South,51,0,203,1,3,5500.9800000000005,0.11666666666666668,1833.66
C0428,Furniture,2024-11-25,7,0.2,Furniture 5,10946.36,6519.97,4426.39,19,Male,East,37,1,19,0,5,36034.21,0.11000000000000001,7206.842
C0442,Electronics,2025-12-12,2,0.0,Electronics 4,2624.33,2175.86,448.47,24,Female,East,46,1,364,1,7,21242.95,0.09285714285714286,3034.707142857143
C0597,Furniture,2025-07-11,9,0.05,Furniture 3,17547.37,9736.69,7810.68,58,Female,West,21,1,76,1,8,38507.88,0.05625,4813.485
C0158,Electronics,2025-07-16,4,0.0,Electronics 3,4404.68,2984.34,1420.34,44,Female,East,2,0,119,1,7,57741.77,0.08571428571428573,8248.824285714285
C0437,Grocery,2024-11-04,9,0.05,Grocery 1,1334.03,974.26,359.77,66,Male,North,54,1,185,0,3,20837.99,0.05000000000000001,6945.996666666667
C0675,Furniture,2025-11-14,4,0.2,Furniture 2,6008.5,3367.31,2641.19,55,Male,South,45,1,56,0,3,22347.920000000002,0.08333333333333333,7449.306666666667
C0215,Electronics,2025-11-02,4,0.1,Electronics 1,4135.23,3336.84,798.39,32,Female,North,40,1,181,1,4,11597.74,0.0625,2899.435
C0668,Furniture,2025-08-11,6,0.2,Furniture 2,9366.61,6005.9,3360.71,65,Female,North,9,1,291,0,6,30440.260000000002,0.17500000000000002,5073.376666666667
C0578,Clothing,2025-08-17,2,0.1,Clothing 3,949.72,702.23,247.49,64,Female,East,17,0,108,0,4,17419.59,0.1375,4354.8975
C0343,Furniture,2025-04-20,6,0.2,Furniture 4,10452.64,8647.62,1805.02,44,Female,North,56,3,127,1,8,46164.85,0.09375,5770.60625
C0706,Grocery,2024-03-10,9,0.0,Grocery 2,1464.57,1108.52,356.05,18,Female,South,51,1,163,0,6,15398.68,0.125,2566.4466666666667
C0773,Electronics,2024-07-26,6,0.05,Electronics 2,6389.5,4533.12,1856.38,55,Female,South,21,0,299,0,8,40324.2,0.1125,5040.525
C0189,Furniture,2025-07-15,1,0.05,Furniture 4,1732.96,1156.99,575.97,33,Female,West,21,2,70,0,12,57799.59,0.125,4816.6325
C0783,Clothing,2024-08-26,7,0.2,Clothing 1,2983.98,1688.3,1295.68,24,Male,South,4,0,289,1,6,19842.55,0.11666666666666668,3307.0916666666667
C0001,Beauty,2024-05-05,1,0.1,Beauty 1,258.56,224.83,33.73,58,Male,East,34,2,71,0,4,15625.63,0.07500000000000001,3906.4075
C0103,Beauty,2025-11-22,1,0.0,Beauty 4,304.97,230.92,74.05,18,Female,North,7,2,205,1,7,25138.02,0.05714285714285715,3591.1457142857143
C0034,Electronics,2024-12-22,3,0.0,Electronics 3,3944.61,3041.44,903.17,64,Female,South,27,2,85,0,5,9315.28,0.04,1863.056
C0294,Furniture,2025-09-20,3,0.05,Furniture 5,5342.52,3762.09,1580.43,46,Male,North,56,1,205,0,7,26075.54,0.09285714285714286,3725.077142857143
C0749,Clothing,2024-07-26,1,0.0,Clothing 4,487.49,331.71,155.78,26,Male,East,7,1,355,1,7,20021.2,0.1285714285714286,2860.171428571429
C0480,Furniture,2024-09-19,1,0.1,Furniture 5,1932.34,1094.34,838.0,32,Female,West,3,1,265,1,4,7087.83,0.1125,1771.9575
C0493,Grocery,2024-09-07,8,0.2,Grocery 4,988.8,602.32,386.48,49,Male,North,54,1,120,0,12,41259.65,0.09166666666666667,3438.304166666667
C0067,Clothing,2024-09-29,5,0.2,Clothing 5,2175.02,1520.21,654.81,37,Female,East,41,1,254,1,5,7380.18,0.06000000000000001,1476.036
C0412,Furniture,2024-11-15,2,0.0,Furniture 1,4105.38,2605.26,1500.12,32,Male,North,12,1,310,1,3,13130.330000000002,0.03333333333333333,4376.776666666668
C0306,Clothing,2024-08-05,4,0.05,Clothing 3,1825.36,1032.34,793.02,33,Male,South,42,0,70,0,3,18037.010000000002,0.016666666666666666,6012.336666666667
C0383,Beauty,2025-08-17,7,0.1,Beauty 5,2005.33,1486.16,519.17,30,Male,West,50,1,316,1,6,14407.539999999999,0.075,2401.2566666666667
C0208,Beauty,2024-08-26,7,0.05,Beauty 4,2098.45,1495.02,603.43,31,Female,North,32,0,87,0,3,13012.95,0.11666666666666668,4337.650000000001
C0161,Electronics,2024-11-18,3,0.05,Electronics 3,3716.6,2592.26,1124.34,52,Male,South,22,1,350,1,7,20976.74,0.05,2996.6771428571433
C0761,Furniture,2025-09-20,2,0.0,Furniture 5,3980.93,3282.2,698.73,46,Male,West,53,0,278,1,5,22575.31,0.1,4515.062
C0446,Beauty,2024-11-15,9,0.0,Beauty 2,2701.53,2052.72,648.81,34,Female,South,51,2,196,1,7,22460.99,0.028571428571428574,3208.7128571428575
C0329,Electronics,2024-01-08,6,0.05,Electronics 1,6598.99,3632.71,2966.28,46,Female,West,28,1,181,1,10,27679.47,0.085,2767.947
C0059,Furniture,2024-01-01,9,0.0,Furniture 4,17167.53,14020.18,3147.35,53,Female,South,4,1,121,0,8,38746.31,0.08750000000000001,4843.28875
C0610,Beauty,2024-11-14,3,0.0,Beauty 3,989.38,711.27,278.11,61,Male,East,22,0,209,1,7,9692.55,0.08571428571428573,1384.6499999999999
C0378,Clothing,2025-04-18,2,0.1,Clothing 1,985.91,720.59,265.32,37,Male,North,23,1,109,0,9,32337.16,0.07777777777777778,3593.0177777777776
C0309,Grocery,2025-11-19,4,0.2,Grocery 2,482.85,415.9,66.95,23,Male,West,52,1,184,1,4,17936.87,0.0625,4484.2175
C0533,Furniture,2024-04-05,3,0.1,Furniture 1,5891.49,3465.53,2425.96,32,Female,South,26,1,342,1,4,11512.509999999998,0.1,2878.1274999999996
C0105,Clothing,2025-01-31,7,0.0,Clothing 5,3399.31,2582.77,816.54,58,Female,West,7,2,335,1,7,43736.840000000004,0.0642857142857143,6248.120000000001
C0426,Clothing,2024-07-29,7,0.2,Clothing 5,2996.0,1943.67,1052.33,62,Male,East,22,2,182,1,7,12738.29,0.1,1819.7557142857145
C0690,Clothing,2024-11-24,1,0.1,Clothing 5,462.14,260.12,202.02,69,Male,South,21,3,109,1,7,12271.98,0.09285714285714286,1753.1399999999999
C0371,Clothing,2024-11-19,6,0.05,Clothing 1,2973.73,2090.78,882.95,52,Female,West,3,0,155,1,6,22913.68,0.09166666666666667,3818.9466666666667
C0000,Furniture,2024-08-16,4,0.05,Furniture 5,7931.67,5149.75,2781.92,22,Male,South,1,1,106,0,4,14739.93,0.08750000000000001,3684.9825
C0183,Clothing,2024-01-14,6,0.2,Clothing 3,2465.2,1357.15,1108.05,54,Female,West,39,0,13,0,5,27281.52,0.12000000000000002,5456.304
C0044,Clothing,2024-02-23,4,0.05,Clothing 2,2033.88,1469.54,564.34,21,Male,North,36,0,354,1,5,16385.780000000002,0.06000000000000001,3277.1560000000004
C0400,Beauty,2025-01-16,5,0.0,Beauty 4,1467.6,966.99,500.61,69,Female,West,47,2,320,0,10,43060.21,0.12,4306.021
C0291,Grocery,2024-06-12,7,0.05,Grocery 5,1067.16,749.09,318.07,31,Male,North,36,4,128,0,8,43569.14,0.07500000000000001,5446.1425
C0105,Beauty,2024-08-26,3,0.05,Beauty 3,800.86,443.76,357.1,58,Female,West,7,2,335,1,7,43736.840000000004,0.0642857142857143,6248.120000000001
C0549,Furniture,2024-03-07,2,0.05,Furniture 1,3571.97,2466.89,1105.08,53,Female,West,31,0,274,0,7,24352.77,0.03571428571428571,3478.967142857143
C0141,Beauty,2024-02-06,7,0.05,Beauty 5,2081.72,1487.68,594.04,29,Male,East,58,0,29,0,4,6170.42,0.037500000000000006,1542.605
C0273,Electronics,2024-04-02,9,0.1,Electronics 1,10206.25,7278.15,2928.1,67,Female,West,12,2,148,1,6,20487.23,0.10000000000000002,3414.5383333333334
C0790,Beauty,2024-10-02,4,0.05,Beauty 1,1231.72,986.51,245.21,22,Female,South,1,3,328,1,3,10019.380000000001,0.11666666666666668,3339.7933333333335
C0053,Beauty,2024-04-29,9,0.1,Beauty 4,2320.5,2081.37,239.13,42,Male,East,28,2,130,1,4,13011.08,0.0625,3252.77
C0198,Electronics,2024-06-17,2,0.05,Electronics 4,2077.57,1162.92,914.65,35,Female,South,58,2,49,0,7,15585.45,0.07142857142857142,2226.4928571428572
C0254,Clothing,2024-08-08,8,0.2,Clothing 4,3204.78,2206.84,997.94,52,Male,North,51,0,316,0,3,14369.630000000001,0.08333333333333333,4789.876666666667
C0406,Grocery,2024-07-31,9,0.2,Grocery 5,1161.07,986.74,174.33,40,Female,South,18,0,237,1,7,13509.16,0.07142857142857142,1929.8799999999999
C0195,Grocery,2024-01-09,3,0.05,Grocery 5,467.81,359.74,108.07,22,Female,North,10,0,154,0,5,8704.460000000001,0.09,1740.8920000000003
C0776,Furniture,2024-03-26,2,0.0,Furniture 1,4286.26,3833.03,453.23,40,Female,West,37,1,266,1,5,19128.57,0.04,3825.714
C0004,Furniture,2025-11-24,6,0.1,Furniture 2,10778.31,8619.37,2158.94,40,Female,North,23,1,90,1,12,47598.26,0.08750000000000001,3966.521666666667
C0758,Clothing,2025-05-02,8,0.05,Clothing 4,4076.17,3275.15,801.02,24,Female,East,40,1,82,0,4,41688.369999999995,0.0875,10422.092499999999
C0427,Furniture,2024-03-31,1,0.2,Furniture 2,1508.47,869.83,638.64,59,Female,West,56,2,331,1,4,3805.95,0.15000000000000002,951.4875
C0030,Beauty,2024-07-26,6,0.05,Beauty 4,1854.04,1198.34,655.7,41,Male,East,8,2,309,1,7,16535.11,0.0642857142857143,2362.1585714285716
C0093,Grocery,2024-10-06,8,0.05,Grocery 3,1155.24,871.44,283.8,38,Female,South,37,1,348,1,8,26802.579999999998,0.07500000000000001,3350.3224999999998
C0082,Beauty,2025-10-23,1,0.05,Beauty 3,278.69,204.23,74.46,26,Male,North,11,1,87,0,5,22238.11,0.05,4447.622
C0229,Furniture,2025-10-04,5,0.2,Furniture 1,8130.63,6641.97,1488.66,27,Male,West,3,2,262,1,9,29111.4,0.09444444444444446,3234.6000000000004
C0266,Beauty,2025-07-16,1,0.0,Beauty 4,317.04,284.63,32.41,41,Female,North,15,0,52,0,9,35127.93,0.1,3903.1033333333335
C0512,Beauty,2024-03-18,2,0.2,Beauty 5,455.05,283.21,171.84,61,Female,West,28,0,8,0,11,37494.68,0.10909090909090911,3408.6072727272726
C0248,Electronics,2024-12-24,5,0.0,Electronics 5,5522.26,3865.25,1657.01,58,Female,East,56,0,159,0,7,30919.96,0.0642857142857143,4417.137142857143
C0580,Beauty,2024-12-19,3,0.2,Beauty 2,753.57,643.09,110.48,22,Female,East,43,2,104,0,6,22614.32,0.10000000000000002,3769.0533333333333
C0235,Electronics,2025-04-10,1,0.1,Electronics 4,1177.73,993.24,184.49,55,Female,North,2,0,10,0,7,43237.93,0.07857142857142858,6176.847142857143
C0210,Beauty,2025-09-08,8,0.1,Beauty 1,2219.17,1855.27,363.9,31,Male,North,58,1,4,1,4,23231.01,0.037500000000000006,5807.7525
C0220,Beauty,2024-08-22,2,0.0,Beauty 4,557.11,427.38,129.73,24,Male,South,50,0,50,0,10,35275.33,0.06000000000000001,3527.5330000000004
C0263,Clothing,2025-02-10,8,0.1,Clothing 3,3703.24,3324.09,379.15,66,Female,South,30,0,158,0,4,8224.86,0.07500000000000001,2056.215
C0670,Electronics,2024-07-11,2,0.1,Electronics 5,1994.39,1346.74,647.65,67,Female,South,25,0,361,0,9,60218.12,0.10555555555555557,6690.902222222223
C0197,Grocery,2024-06-02,5,0.05,Grocery 4,684.5,404.34,280.16,24,Male,North,43,2,33,0,5,26289.66,0.04,5257.932
C0218,Clothing,2024-08-16,7,0.05,Clothing 1,3013.51,1797.25,1216.26,41,Male,North,39,4,49,0,10,22757.11,0.1,2275.7110000000002
C0765,Grocery,2025-06-20,5,0.1,Grocery 5,673.31,473.0,200.31,58,Male,North,24,0,112,0,3,13218.96,0.06666666666666667,4406.32
C0522,Electronics,2024-11-15,4,0.05,Electronics 4,4397.08,3657.19,739.89,27,Female,East,8,2,296,1,8,34039.2,0.13125,4254.9
C0152,Electronics,2025-05-12,7,0.2,Electronics 2,6179.07,4377.85,1801.22,65,Female,East,13,2,182,0,5,38516.16,0.12000000000000002,7703.232000000001
C0694,Grocery,2025-05-19,1,0.0,Grocery 2,144.27,110.22,34.05,22,Male,East,54,0,260,0,7,6780.91,0.042857142857142864,968.7014285714286
C0146,Furniture,2024-09-21,8,0.05,Furniture 1,15648.61,10567.62,5080.99,19,Female,West,47,1,6,0,5,32742.340000000004,0.1,6548.468000000001
C0129,Clothing,2025-11-28,7,0.2,Clothing 2,2681.89,2146.02,535.87,51,Female,North,35,4,14,0,4,5384.83,0.1125,1346.2075
C0356,Clothing,2024-02-03,7,0.2,Clothing 5,2600.12,1569.43,1030.69,25,Male,East,53,0,145,0,6,16028.41,0.10833333333333334,2671.4016666666666
C0553,Electronics,2025-10-16,4,0.05,Electronics 5,4600.86,3368.02,1232.84,34,Female,East,26,1,226,1,4,24161.11,0.1125,6040.2775
C0151,Clothing,2024-01-06,4,0.1,Clothing 3,1891.16,1162.68,728.48,32,Male,West,19,0,84,0,4,20297.27,0.025,5074.3175
C0602,Clothing,2024-10-06,6,0.0,Clothing 2,3198.08,2283.45,914.63,56,Male,North,55,0,362,1,9,26142.41,0.05555555555555555,2904.7122222222224
C0125,Clothing,2025-08-25,6,0.0,Clothing 2,2983.26,2090.29,892.97,47,Female,West,20,0,99,0,6,35623.88,0.008333333333333333,5937.313333333333
C0625,Clothing,2025-05-14,9,0.2,Clothing 5,3751.97,2857.49,894.48,30,Female,East,37,1,1,0,6,7749.38,0.15,1291.5633333333333
C0076,Clothing,2024-08-22,8,0.1,Clothing 1,3840.0,2796.83,1043.17,35,Female,North,31,0,108,0,6,18349.7,0.1416666666666667,3058.2833333333333
C0371,Furniture,2025-10-08,1,0.0,Furniture 4,2069.16,1844.68,224.48,52,Female,West,3,0,155,1,6,22913.68,0.09166666666666667,3818.9466666666667
C0512,Clothing,2024-04-10,2,0.2,Clothing 5,804.36,695.86,108.5,61,Female,West,28,0,8,0,11,37494.68,0.10909090909090911,3408.6072727272726
C0212,Furniture,2025-05-04,9,0.05,Furniture 5,15594.99,10182.39,5412.6,59,Male,East,11,1,135,1,5,29528.32,0.05,5905.664
C0489,Furniture,2025-01-13,4,0.1,Furniture 4,6897.65,4086.25,2811.4,49,Female,North,12,1,28,0,12,31217.78,0.08750000000000001,2601.4816666666666
C0550,Furniture,2024-05-31,6,0.2,Furniture 5,9254.05,5299.45,3954.6,59,Male,South,2,2,34,0,4,13266.27,0.1,3316.5675
C0520,Grocery,2025-11-03,1,0.2,Grocery 2,117.48,72.76,44.72,36,Male,West,20,1,14,0,9,32652.83,0.07777777777777778,3628.0922222222225
C0317,Beauty,2025-07-12,1,0.0,Beauty 5,327.05,205.3,121.75,55,Female,South,41,0,282,0,5,14552.81,0.04,2910.562
C0618,Clothing,2024-01-07,4,0.05,Clothing 1,1789.37,1540.72,248.65,21,Female,South,36,0,152,0,6,9129.689999999999,0.06666666666666667,1521.6149999999998
C0585,Beauty,2024-03-04,7,0.05,Beauty 1,2011.58,1757.51,254.07,66,Male,South,39,0,306,1,6,20009.36,0.13333333333333333,3334.8933333333334
C0261,Clothing,2024-02-10,7,0.2,Clothing 1,3075.08,1939.34,1135.74,26,Female,South,46,0,5,0,5,13105.98,0.1,2621.196
C0586,Electronics,2024-10-30,9,0.2,Electronics 4,8845.28,7213.82,1631.46,53,Female,South,45,0,329,1,8,29057.98,0.125,3632.2475
C0734,Beauty,2024-10-31,2,0.1,Beauty 2,508.56,428.47,80.09,28,Female,East,42,1,196,1,7,26770.54,0.07142857142857142,3824.362857142857
C0653,Beauty,2025-06-12,2,0.0,Beauty 4,655.22,446.94,208.28,59,Male,East,22,0,222,1,6,12273.32,0.05000000000000001,2045.5533333333333
C0586,Electronics,2025-05-08,5,0.2,Electronics 1,4642.84,3969.9,672.94,53,Female,South,45,0,329,1,8,29057.98,0.125,3632.2475
C0613,Grocery,2024-01-12,5,0.1,Grocery 4,613.96,550.13,63.83,38,Female,North,44,2,262,1,8,28748.38,0.15000000000000002,3593.5475
C0643,Grocery,2024-12-13,1,0.05,Grocery 2,140.54,124.9,15.64,43,Male,North,32,1,258,0,6,33046.79,0.075,5507.798333333333
C0231,Clothing,2025-07-26,5,0.05,Clothing 3,2251.81,1823.22,428.59,62,Male,West,41,2,18,0,8,29938.63,0.10625000000000001,3742.32875
C0576,Grocery,2025-10-17,9,0.05,Grocery 1,1364.29,927.83,436.46,66,Female,North,30,1,63,1,4,7213.7,0.08750000000000001,1803.425
C0159,Furniture,2024-08-01,2,0.05,Furniture 5,3587.17,2257.95,1329.22,58,Male,East,35,0,52,0,3,8048.450000000001,0.09999999999999999,2682.816666666667
C0286,Grocery,2024-02-02,8,0.2,Grocery 2,1021.41,916.72,104.69,26,Female,East,15,0,30,1,7,29938.910000000003,0.12142857142857144,4276.987142857143
C0747,Grocery,2024-04-21,5,0.2,Grocery 4,544.34,352.0,192.34,34,Female,West,50,0,68,1,5,13643.189999999999,0.09,2728.638
C0226,Beauty,2024-09-05,5,0.0,Beauty 3,1628.75,1145.72,483.03,60,Male,North,58,0,317,1,4,4844.049999999999,0.037500000000000006,1211.0124999999998
C0674,Clothing,2024-11-19,6,0.2,Clothing 3,2180.25,1400.69,779.56,50,Female,North,35,0,340,1,8,26619.81,0.1,3327.47625
C0338,Furniture,2024-09-13,7,0.05,Furniture 3,14466.52,10468.58,3997.94,28,Female,West,30,0,64,0,4,23214.84,0.05,5803.71
C0167,Clothing,2024-03-07,6,0.2,Clothing 1,2195.37,1292.27,903.1,26,Male,South,38,0,259,1,4,11009.8,0.1625,2752.45
C0077,Beauty,2024-09-05,1,0.2,Beauty 5,257.88,214.86,43.02,29,Female,South,11,0,236,1,6,16521.54,0.09166666666666667,2753.59
C0438,Clothing,2024-07-30,3,0.1,Clothing 4,1439.46,1046.18,393.28,22,Male,West,13,0,264,1,4,13649.95,0.05,3412.4875
C0361,Beauty,2024-12-22,8,0.1,Beauty 2,2200.79,1533.57,667.22,64,Male,West,26,0,325,0,8,21297.59,0.07500000000000001,2662.19875
C0409,Furniture,2024-02-27,1,0.1,Furniture 1,1632.95,1105.67,527.28,18,Female,East,12,0,270,1,2,4380.8,0.15000000000000002,2190.4
C0034,Clothing,2025-07-31,7,0.2,Clothing 5,2867.84,2159.27,708.57,64,Female,South,27,2,85,0,5,9315.28,0.04,1863.056
C0214,Furniture,2024-10-31,5,0.05,Furniture 2,9723.91,8002.4,1721.51,56,Female,West,7,1,349,1,10,42563.03,0.075,4256.303
C0003,Clothing,2024-08-20,2,0.1,Clothing 5,910.3,788.23,122.07,40,Female,South,33,1,10,0,5,8771.34,0.11000000000000001,1754.268
C0241,Clothing,2025-10-23,2,0.2,Clothing 4,821.04,693.39,127.65,48,Female,North,30,0,340,1,7,27081.78,0.09285714285714286,3868.825714285714
C0745,Clothing,2025-06-27,9,0.2,Clothing 5,3937.04,2779.27,1157.77,36,Female,South,33,1,330,1,5,12800.32,0.07,2560.064
C0121,Furniture,2024-04-09,1,0.0,Furniture 4,2198.2,1850.66,347.54,52,Female,East,3,2,354,1,5,32208.82,0.12000000000000002,6441.764
C0551,Clothing,2024-04-16,1,0.05,Clothing 1,476.95,350.57,126.38,38,Male,South,30,0,289,1,4,17062.06,0.1125,4265.515
C0004,Grocery,2024-01-02,1,0.1,Grocery 1,123.98,95.88,28.1,40,Female,North,23,1,90,1,12,47598.26,0.08750000000000001,3966.521666666667
C0449,Grocery,2025-02-13,6,0.1,Grocery 2,750.7,590.12,160.58,32,Female,East,22,3,110,0,7,10621.79,0.1285714285714286,1517.3985714285716
C0736,Electronics,2024-09-15,9,0.1,Electronics 3,10148.36,7001.24,3147.12,55,Male,South,35,0,187,1,6,25372.66,0.05833333333333334,4228.776666666667
C0272,Clothing,2024-09-30,2,0.2,Clothing 4,877.11,631.62,245.49,25,Female,East,51,4,340,1,7,19295.25,0.09285714285714286,2756.464285714286
C0157,Clothing,2025-01-06,8,0.1,Clothing 5,3553.96,2816.18,737.78,46,Female,East,52,0,347,0,3,11402.26,0.10000000000000002,3800.7533333333336
C0456,Clothing,2025-01-28,7,0.1,Clothing 1,2896.76,1905.42,991.34,25,Male,East,34,0,261,1,7,22884.870000000003,0.05,3269.2671428571434
C0223,Beauty,2024-01-01,3,0.2,Beauty 4,698.84,567.05,131.79,28,Female,West,55,2,117,1,3,3946.2799999999997,0.13333333333333333,1315.4266666666665
C0713,Clothing,2024-03-19,1,0.0,Clothing 1,488.5,329.22,159.28,57,Male,North,55,0,175,0,6,14738.73,0.075,2456.455
C0679,Grocery,2025-07-30,5,0.1,Grocery 3,742.04,560.18,181.86,66,Male,East,27,0,177,0,10,32462.629999999997,0.135,3246.263
C0521,Furniture,2025-11-27,1,0.05,Furniture 1,1970.9,1661.8,309.1,25,Male,West,46,3,252,0,6,25249.6,0.05000000000000001,4208.266666666666
C0511,Furniture,2025-09-03,2,0.2,Furniture 2,2955.43,1649.49,1305.94,56,Male,East,6,1,123,0,5,9038.16,0.08,1807.632
C0481,Furniture,2025-10-23,5,0.1,Furniture 4,8706.74,5521.11,3185.63,61,Female,North,14,2,205,1,5,29276.61,0.1,5855.322
C0588,Grocery,2024-12-04,8,0.1,Grocery 4,982.49,733.34,249.15,61,Female,South,54,1,200,0,6,27417.58,0.06666666666666667,4569.596666666667
C0368,Beauty,2025-08-26,9,0.2,Beauty 5,2226.12,1307.03,919.09,19,Female,West,29,1,133,1,7,25568.27,0.1285714285714286,3652.61
C0775,Beauty,2025-10-06,6,0.0,Beauty 3,1862.19,1158.21,703.98,67,Male,West,33,3,94,1,6,18054.95,0.041666666666666664,3009.1583333333333
C0276,Clothing,2025-10-13,3,0.1,Clothing 2,1230.52,999.41,231.11,42,Female,North,57,1,324,1,5,7593.35,0.08,1518.67
C0007,Electronics,2024-04-19,3,0.2,Electronics 5,2785.26,1557.07,1228.19,54,Male,East,42,1,255,0,5,10840.54,0.12000000000000002,2168.108
C0558,Clothing,2024-04-17,6,0.2,Clothing 5,2593.36,1980.06,613.3,59,Male,West,31,2,289,1,4,8429.43,0.1125,2107.3575
C0529,Beauty,2024-10-20,2,0.0,Beauty 5,639.22,359.21,280.01,65,Male,South,39,2,361,1,8,29180.22,0.0875,3647.5275
C0784,Beauty,2025-01-02,5,0.2,Beauty 4,1217.81,719.21,498.6,42,Female,North,38,1,229,0,8,39552.1,0.10625000000000001,4944.0125
C0316,Furniture,2025-11-30,7,0.0,Furniture 4,13956.95,9583.11,4373.84,55,Female,South,26,3,322,1,7,36075.950000000004,0.1142857142857143,5153.7071428571435
C0339,Furniture,2024-08-20,8,0.05,Furniture 1,16698.27,14822.54,1875.73,67,Female,North,21,1,243,0,5,22016.73,0.07,4403.346
C0449,Clothing,2025-08-30,1,0.2,Clothing 3,417.78,309.59,108.19,32,Female,East,22,3,110,0,7,10621.79,0.1285714285714286,1517.3985714285716
C0313,Grocery,2025-10-09,3,0.1,Grocery 3,441.66,291.18,150.48,32,Male,West,31,0,290,1,5,26620.8,0.06000000000000001,5324.16
C0627,Electronics,2025-12-05,3,0.1,Electronics 2,2962.39,2055.79,906.6,37,Female,West,45,0,235,1,7,52635.6,0.07857142857142858,7519.371428571429
C0342,Grocery,2024-05-18,5,0.1,Grocery 1,636.14,476.51,159.63,50,Female,West,31,0,65,0,7,5817.150000000001,0.07142857142857142,831.0214285714286
C0626,Electronics,2024-06-25,2,0.2,Electronics 2,1739.95,1334.19,405.76,35,Female,West,7,1,223,1,7,38175.159999999996,0.10714285714285714,5453.594285714285
C0340,Electronics,2024-06-09,9,0.0,Electronics 5,11594.7,7464.28,4130.42,51,Female,North,11,0,314,1,4,17315.66,0.05,4328.915
C0180,Beauty,2025-06-20,9,0.05,Beauty 5,2664.64,1649.55,1015.09,66,Female,North,23,1,232,0,8,25715.29,0.09375,3214.41125
C0792,Beauty,2025-05-16,3,0.05,Beauty 4,799.88,578.6,221.28,55,Male,East,40,1,362,1,7,22320.11,0.09999999999999999,3188.587142857143
C0421,Furniture,2024-10-24,4,0.2,Furniture 1,7006.96,5435.28,1571.68,54,Female,East,49,1,26,0,5,11107.79,0.11000000000000001,2221.558
C0565,Furniture,2024-03-05,4,0.1,Furniture 4,7856.35,6566.36,1289.99,30,Male,West,35,2,202,1,4,13246.64,0.08750000000000001,3311.66
C0473,Clothing,2025-01-15,1,0.1,Clothing 1,425.21,322.09,103.12,42,Female,South,13,1,32,0,7,34309.61,0.08571428571428573,4901.372857142857
C0287,Grocery,2025-06-18,8,0.2,Grocery 4,988.23,783.03,205.2,47,Female,South,34,1,89,0,6,22204.899999999998,0.11666666666666668,3700.816666666666
C0777,Furniture,2024-12-12,8,0.2,Furniture 1,13230.34,9517.81,3712.53,24,Female,North,18,0,272,1,6,22398.02,0.125,3733.0033333333336
C0297,Grocery,2024-07-14,3,0.05,Grocery 2,385.09,288.18,96.91,40,Female,West,25,1,107,0,7,24131.82,0.10714285714285714,3447.402857142857
C0794,Clothing,2025-03-08,5,0.05,Clothing 1,2464.67,1903.73,560.94,40,Female,South,44,2,42,0,5,39552.6,0.09,7910.5199999999995
C0344,Clothing,2025-04-27,4,0.0,Clothing 5,1888.54,1194.91,693.63,65,Male,South,12,0,101,0,5,9996.99,0.11000000000000001,1999.398
C0018,Beauty,2025-03-07,3,0.0,Beauty 3,972.24,852.58,119.66,61,Female,North,18,2,208,1,10,33457.18,0.065,3345.718
C0029,Clothing,2025-09-29,3,0.05,Clothing 5,1521.47,1020.71,500.76,41,Male,North,16,0,338,0,7,14168.71,0.07142857142857142,2024.1014285714284
C0778,Beauty,2024-08-17,1,0.1,Beauty 1,291.89,222.32,69.57,32,Male,West,13,1,57,1,9,37075.880000000005,0.1277777777777778,4119.542222222222
C0422,Furniture,2025-03-21,8,0.2,Furniture 4,13459.34,10045.16,3414.18,57,Female,East,8,0,193,0,7,36287.56,0.15714285714285717,5183.937142857142
C0310,Beauty,2025-09-16,6,0.05,Beauty 3,1595.4,1353.97,241.43,52,Female,North,4,0,165,1,8,35223.5,0.1125,4402.9375
C0649,Grocery,2024-06-04,9,0.1,Grocery 3,1181.11,696.57,484.54,62,Male,South,42,0,335,1,5,13377.1,0.06000000000000001,2675.42
C0493,Clothing,2024-07-24,1,0.2,Clothing 5,416.71,358.15,58.56,49,Male,North,54,1,120,0,12,41259.65,0.09166666666666667,3438.304166666667
C0528,Electronics,2024-02-05,6,0.05,Electronics 1,6598.31,3945.49,2652.82,65,Female,North,11,1,58,0,7,38804.64,0.0642857142857143,5543.5199999999995
C0548,Grocery,2024-09-30,6,0.0,Grocery 5,937.81,563.24,374.57,44,Female,West,32,1,267,1,6,24719.54,0.08333333333333333,4119.923333333333
C0158,Clothing,2024-02-02,6,0.2,Clothing 1,2321.36,1977.31,344.05,44,Female,East,2,0,119,1,7,57741.77,0.08571428571428573,8248.824285714285
C0070,Electronics,2025-06-28,9,0.1,Electronics 2,9093.51,5819.72,3273.79,59,Male,West,53,2,287,1,4,31046.55,0.125,7761.6375
C0582,Beauty,2024-03-05,4,0.0,Beauty 1,1204.36,920.28,284.08,23,Male,East,48,1,124,0,5,6254.299999999999,0.08,1250.86
C0017,Beauty,2025-05-20,2,0.05,Beauty 3,591.23,421.11,170.12,24,Male,East,16,2,57,0,2,6575.08,0.025,3287.54
C0575,Clothing,2025-02-27,1,0.05,Clothing 3,476.63,418.0,58.63,37,Female,West,28,1,331,1,5,16623.41,0.12000000000000002,3324.682
C0103,Furniture,2025-12-22,5,0.0,Furniture 4,10283.73,8471.01,1812.72,18,Female,North,7,2,205,1,7,25138.02,0.05714285714285715,3591.1457142857143
C0210,Grocery,2024-09-11,2,0.05,Grocery 4,281.47,187.81,93.66,31,Male,North,58,1,4,1,4,23231.01,0.037500000000000006,5807.7525
C0566,Grocery,2024-09-08,2,0.2,Grocery 4,253.36,211.48,41.88,29,Male,South,15,0,171,0,5,20109.56,0.11000000000000001,4021.9120000000003
C0498,Furniture,2024-06-26,2,0.1,Furniture 5,3707.98,2332.42,1375.56,66,Female,West,47,1,217,1,11,77062.63,0.08636363636363636,7005.693636363637
C0625,Grocery,2025-01-27,3,0.2,Grocery 3,365.37,279.67,85.7,30,Female,East,37,1,1,0,6,7749.38,0.15,1291.5633333333333
C0488,Beauty,2024-06-09,2,0.2,Beauty 1,473.8,385.23,88.57,57,Male,South,9,2,273,1,1,473.8,0.2,473.8
C0038,Electronics,2024-03-23,5,0.05,Electronics 1,5740.73,4570.23,1170.5,32,Male,North,50,0,358,1,6,25765.35,0.06666666666666667,4294.224999999999
C0671,Furniture,2025-11-23,6,0.0,Furniture 2,10922.42,8517.73,2404.69,49,Female,South,29,0,158,0,6,19854.58,0.05000000000000001,3309.096666666667
C0172,Beauty,2025-05-10,3,0.0,Beauty 4,930.01,781.66,148.35,58,Male,South,44,2,66,1,8,48007.21,0.08750000000000001,6000.90125
C0108,Beauty,2024-03-27,2,0.2,Beauty 1,451.62,336.31,115.31,42,Male,North,25,1,49,1,3,5585.83,0.16666666666666666,1861.9433333333334
C0702,Electronics,2025-03-27,6,0.05,Electronics 5,7332.68,6415.52,917.16,26,Male,East,1,2,267,1,7,19026.28,0.09285714285714286,2718.04
C0155,Electronics,2024-08-10,1,0.1,Electronics 5,1147.47,689.27,458.2,52,Female,South,7,2,278,1,6,9692.74,0.11666666666666668,1615.4566666666667
C0428,Furniture,2024-05-11,7,0.05,Furniture 1,13374.36,9020.98,4353.38,19,Male,East,37,1,19,0,5,36034.21,0.11000000000000001,7206.842
C0388,Beauty,2024-12-10,4,0.2,Beauty 4,1026.65,846.01,180.64,64,Female,North,1,0,189,1,3,3659.96,0.10000000000000002,1219.9866666666667
C0615,Beauty,2025-07-28,4,0.1,Beauty 3,1116.89,734.71,382.18,51,Female,South,28,1,277,1,9,17085.88,0.1,1898.4311111111112
C0035,Beauty,2024-01-01,3,0.2,Beauty 3,668.34,471.2,197.14,21,Female,East,34,3,23,0,7,25360.25,0.09285714285714286,3622.8928571428573
C0085,Electronics,2024-09-16,3,0.05,Electronics 4,3584.69,2941.27,643.42,54,Female,East,22,1,189,0,8,32791.37,0.09375,4098.92125
C0332,Grocery,2025-11-03,2,0.2,Grocery 3,263.8,194.82,68.98,34,Female,West,55,2,206,1,4,37341.92,0.07500000000000001,9335.48
C0378,Furniture,2024-10-14,6,0.1,Furniture 2,9808.51,6038.77,3769.74,37,Male,North,23,1,109,0,9,32337.16,0.07777777777777778,3593.0177777777776
C0630,Furniture,2024-03-13,2,0.0,Furniture 3,3795.94,2320.05,1475.89,56,Male,East,44,1,11,0,3,7247.66,0.05000000000000001,2415.8866666666668
C0484,Furniture,2024-11-08,7,0.0,Furniture 1,14273.67,9355.41,4918.26,42,Male,North,21,0,329,1,6,40064.729999999996,0.09166666666666667,6677.454999999999
C0118,Clothing,2025-05-13,3,0.05,Clothing 2,1400.83,919.02,481.81,30,Male,South,9,1,110,0,5,24960.2,0.04,4992.04
C0783,Grocery,2025-12-28,6,0.0,Grocery 5,924.76,552.85,371.91,24,Male,South,4,0,289,1,6,19842.55,0.11666666666666668,3307.0916666666667
C0367,Grocery,2025-04-04,5,0.2,Grocery 1,610.37,514.01,96.36,34,Male,South,59,1,60,0,4,22130.24,0.125,5532.56
C0771,Beauty,2024-02-06,6,0.0,Beauty 3,1903.68,1235.33,668.35,69,Male,West,56,1,141,0,2,2394.33,0.025,1197.165
C0791,Clothing,2025-08-13,7,0.1,Clothing 2,2879.67,2392.39,487.28,41,Male,North,41,2,292,1,5,13708.57,0.06999999999999999,2741.714
C0041,Clothing,2025-07-23,6,0.1,Clothing 3,2667.93,2376.35,291.58,57,Female,North,1,1,129,0,7,14342.48,0.10714285714285714,2048.925714285714
C0404,Electronics,2025-04-20,8,0.1,Electronics 2,9262.17,6170.33,3091.84,43,Female,West,11,4,88,1,7,35907.72,0.05714285714285715,5129.674285714286
C0337,Electronics,2025-10-16,3,0.1,Electronics 3,3151.07,2803.13,347.94,34,Male,East,12,0,247,0,5,20551.15,0.09,4110.2300000000005
C0398,Beauty,2025-07-15,7,0.2,Beauty 3,1681.27,1037.21,644.06,32,Female,South,42,2,52,0,3,18684.329999999998,0.20000000000000004,6228.11
C0247,Beauty,2024-06-18,4,0.2,Beauty 4,868.14,674.21,193.93,39,Female,East,47,1,225,1,6,6553.33,0.10000000000000002,1092.2216666666666
C0447,Clothing,2024-11-03,6,0.2,Clothing 2,2267.6,2033.84,233.76,67,Male,East,23,2,20,0,4,5344.469999999999,0.1125,1336.1174999999998
C0393,Furniture,2025-01-05,5,0.05,Furniture 3,9430.94,7855.31,1575.63,49,Female,East,32,0,200,1,5,15686.03,0.11000000000000001,3137.206
C0148,Grocery,2024-12-22,9,0.1,Grocery 4,1190.45,750.45,440.0,60,Female,West,28,1,306,1,1,1190.45,0.1,1190.45
C0230,Beauty,2025-04-11,3,0.0,Beauty 4,938.64,600.79,337.85,42,Male,South,56,1,123,0,7,22226.55,0.08571428571428573,3175.2214285714285
C0117,Clothing,2025-05-27,5,0.2,Clothing 3,2044.75,1312.42,732.33,25,Female,South,32,1,321,1,5,19787.03,0.13,3957.406
C0674,Beauty,2024-03-16,2,0.0,Beauty 2,645.63,568.19,77.44,50,Female,North,35,0,340,1,8,26619.81,0.1,3327.47625
C0541,Clothing,2025-02-18,6,0.0,Clothing 3,3212.86,2043.04,1169.82,20,Male,West,56,2,165,0,4,5969.79,0.1,1492.4475
C0310,Furniture,2024-01-29,1,0.2,Furniture 3,1517.19,1105.07,412.12,52,Female,North,4,0,165,1,8,35223.5,0.1125,4402.9375
C0316,Clothing,2025-01-08,4,0.2,Clothing 5,1445.64,972.14,473.5,55,Female,South,26,3,322,1,7,36075.950000000004,0.1142857142857143,5153.7071428571435
C0063,Furniture,2024-11-04,1,0.0,Furniture 2,2141.79,1448.8,692.99,68,Female,East,35,2,296,1,4,12794.279999999999,0.08750000000000001,3198.5699999999997
C0231,Clothing,2024-05-30,3,0.2,Clothing 2,1158.99,803.04,355.95,62,Male,West,41,2,18,0,8,29938.63,0.10625000000000001,3742.32875
C0739,Beauty,2025-12-24,5,0.0,Beauty 4,1454.13,975.38,478.75,64,Female,North,30,5,188,0,6,18522.94,0.08333333333333333,3087.1566666666663
C0025,Furniture,2024-07-07,3,0.0,Furniture 4,5590.07,4248.31,1341.76,51,Male,West,34,0,334,1,3,9385.439999999999,0.13333333333333333,3128.4799999999996
C0116,Clothing,2024-02-11,4,0.2,Clothing 3,1661.76,1161.43,500.33,19,Female,East,41,1,223,1,6,14200.949999999999,0.10000000000000002,2366.825
C0676,Beauty,2024-09-18,2,0.0,Beauty 1,573.61,404.02,169.59,48,Male,North,7,3,138,1,5,5085.52,0.12000000000000002,1017.104
C0416,Furniture,2025-07-06,7,0.0,Furniture 4,13094.88,9521.26,3573.62,68,Female,South,40,2,28,0,7,39994.759999999995,0.07857142857142858,5713.5371428571425
C0025,Grocery,2024-01-07,8,0.2,Grocery 4,960.65,648.11,312.54,51,Male,West,34,0,334,1,3,9385.439999999999,0.13333333333333333,3128.4799999999996
C0391,Electronics,2024-12-25,5,0.1,Electronics 5,5670.45,4616.29,1054.16,27,Male,South,10,2,250,1,10,21076.36,0.075,2107.636
C0599,Beauty,2024-10-31,1,0.1,Beauty 3,257.56,187.04,70.52,51,Male,North,40,0,182,0,7,13250.95,0.10714285714285714,1892.9928571428572
C0276,Furniture,2025-09-24,1,0.2,Furniture 3,1671.05,1216.9,454.15,42,Female,North,57,1,324,1,5,7593.35,0.08,1518.67
C0305,Furniture,2024-01-03,7,0.0,Furniture 2,13893.53,8661.86,5231.67,25,Male,North,17,1,58,0,6,34646.350000000006,0.06666666666666667,5774.391666666667
C0505,Beauty,2024-01-13,9,0.2,Beauty 3,2118.43,1188.0,930.43,41,Female,South,51,1,15,0,5,24785.989999999998,0.08,4957.197999999999
C0478,Furniture,2025-02-16,8,0.05,Furniture 1,14772.94,12309.5,2463.44,52,Male,South,52,1,156,0,6,33776.14,0.05833333333333333,5629.356666666667
C0722,Clothing,2024-05-10,4,0.1,Clothing 3,1672.41,1420.58,251.83,61,Male,South,28,1,236,1,2,8201.44,0.15000000000000002,4100.72
C0198,Clothing,2025-05-28,5,0.05,Clothing 4,2295.5,1456.35,839.15,35,Female,South,58,2,49,0,7,15585.45,0.07142857142857142,2226.4928571428572
C0220,Electronics,2024-07-22,2,0.05,Electronics 4,2452.94,1658.22,794.72,24,Male,South,50,0,50,0,10,35275.33,0.06000000000000001,3527.5330000000004
C0124,Electronics,2025-02-14,1,0.05,Electronics 4,1049.29,708.59,340.7,62,Male,East,4,0,151,0,9,33364.44,0.061111111111111116,3707.1600000000003
C0531,Furniture,2024-01-28,7,0.1,Furniture 5,13754.92,10859.16,2895.76,26,Female,West,40,1,285,0,3,16381.02,0.05000000000000001,5460.34
C0426,Beauty,2025-05-21,4,0.2,Beauty 4,884.64,544.52,340.12,62,Male,East,22,2,182,1,7,12738.29,0.1,1819.7557142857145
C0277,Electronics,2025-01-13,5,0.0,Electronics 4,5834.44,5207.53,626.91,58,Male,West,52,3,185,1,9,40737.85,0.07777777777777778,4526.427777777778
C0556,Grocery,2024-01-01,4,0.1,Grocery 3,551.48,315.25,236.23,56,Male,South,6,1,176,1,8,44974.68,0.05625000000000001,5621.835
C0301,Electronics,2024-07-13,3,0.2,Electronics 4,3074.6,2738.91,335.69,60,Male,East,47,2,124,0,7,40411.189999999995,0.05714285714285715,5773.027142857142
C0156,Grocery,2024-02-13,9,0.1,Grocery 4,1128.39,647.78,480.61,24,Male,South,48,1,126,0,5,15171.55,0.1,3034.31
C0431,Furniture,2024-02-02,8,0.2,Furniture 3,11881.22,7855.03,4026.19,56,Female,North,47,2,296,1,3,16833.34,0.11666666666666668,5611.113333333334
C0349,Beauty,2025-05-24,7,0.0,Beauty 3,2153.92,1373.65,780.27,26,Female,South,58,1,115,1,5,9824.79,0.06000000000000001,1964.958
C0324,Beauty,2024-11-08,4,0.05,Beauty 4,1092.75,700.31,392.44,68,Female,South,47,1,326,1,5,10439.68,0.11000000000000001,2087.936
C0355,Clothing,2025-08-09,7,0.05,Clothing 2,3421.09,3072.6,348.49,69,Female,South,52,0,236,0,4,24220.870000000003,0.1,6055.217500000001
C0731,Beauty,2024-07-07,4,0.1,Beauty 2,1149.25,816.45,332.8,39,Male,West,28,0,291,1,4,17627.55,0.17500000000000002,4406.8875
C0172,Furniture,2025-06-07,5,0.05,Furniture 3,8696.05,5146.57,3549.48,58,Male,South,44,2,66,1,8,48007.21,0.08750000000000001,6000.90125
C0220,Clothing,2025-03-25,2,0.05,Clothing 4,1015.45,907.61,107.84,24,Male,South,50,0,50,0,10,35275.33,0.06000000000000001,3527.5330000000004
C0452,Clothing,2025-04-28,7,0.2,Clothing 3,2541.05,1613.4,927.65,43,Male,South,7,3,159,1,4,6702.72,0.1,1675.68
C0037,Electronics,2025-08-27,1,0.0,Electronics 1,1295.72,745.55,550.17,61,Male,East,40,2,40,0,7,39181.15,0.05,5597.307142857143
C0116,Beauty,2025-05-31,7,0.2,Beauty 5,1839.81,1027.47,812.34,19,Female,East,41,1,223,1,6,14200.949999999999,0.10000000000000002,2366.825
C0453,Clothing,2025-06-28,6,0.0,Clothing 3,3100.47,2207.94,892.53,19,Female,West,6,0,226,0,7,24341.58,0.05,3477.3685714285716
C0407,Clothing,2025-06-23,1,0.05,Clothing 3,521.0,454.01,66.99,25,Female,North,19,3,11,0,7,21922.17,0.08571428571428572,3131.738571428571
C0522,Grocery,2024-11-22,5,0.1,Grocery 5,718.47,399.42,319.05,27,Female,East,8,2,296,1,8,34039.2,0.13125,4254.9
C0090,Electronics,2025-06-12,3,0.2,Electronics 3,2617.55,2104.02,513.53,40,Male,West,21,1,6,0,4,20307.64,0.125,5076.91
C0683,Beauty,2025-09-06,5,0.2,Beauty 1,1080.91,693.02,387.89,67,Male,West,15,1,7,0,7,32122.43,0.07142857142857142,4588.918571428571
C0388,Furniture,2025-06-22,1,0.0,Furniture 5,1808.32,1133.22,675.1,64,Female,North,1,0,189,1,3,3659.96,0.10000000000000002,1219.9866666666667
C0124,Electronics,2025-03-19,7,0.1,Electronics 2,7487.28,5962.32,1524.96,62,Male,East,4,0,151,0,9,33364.44,0.061111111111111116,3707.1600000000003
C0249,Electronics,2024-02-24,5,0.05,Electronics 5,5840.66,4741.19,1099.47,20,Male,North,20,1,107,0,5,22474.809999999998,0.09,4494.9619999999995
C0181,Electronics,2024-11-14,4,0.2,Electronics 3,3825.77,2852.71,973.06,25,Female,South,28,2,242,0,5,15946.84,0.09,3189.368
C0361,Beauty,2024-02-16,8,0.2,Beauty 2,1988.02,1234.14,753.88,64,Male,West,26,0,325,0,8,21297.59,0.07500000000000001,2662.19875
C0375,Grocery,2024-03-16,6,0.0,Grocery 2,890.93,491.98,398.95,22,Male,North,18,0,334,1,4,24007.25,0.037500000000000006,6001.8125
C0346,Furniture,2024-09-20,6,0.05,Furniture 5,10357.05,8368.99,1988.06,69,Female,North,14,1,315,1,6,36565.69,0.10833333333333334,6094.281666666667
C0368,Electronics,2024-12-04,2,0.2,Electronics 5,1814.85,1379.04,435.81,19,Female,West,29,1,133,1,7,25568.27,0.1285714285714286,3652.61
C0726,Clothing,2025-01-20,5,0.2,Clothing 1,2197.05,1533.3,663.75,55,Male,South,50,1,54,0,5,5732.06,0.09000000000000001,1146.412
C0767,Grocery,2025-10-19,7,0.1,Grocery 5,915.87,572.19,343.68,42,Female,North,16,2,163,1,6,32600.55,0.05833333333333334,5433.425
C0391,Clothing,2025-07-10,9,0.0,Clothing 5,4342.29,3546.25,796.04,27,Male,South,10,2,250,1,10,21076.36,0.075,2107.636
C0770,Furniture,2024-11-04,6,0.05,Furniture 4,10608.37,6097.83,4510.54,51,Male,North,38,3,218,1,7,43289.14,0.0642857142857143,6184.162857142857
C0654,Beauty,2024-09-01,2,0.2,Beauty 1,526.77,408.22,118.55,46,Female,South,47,2,309,1,4,11096.08,0.08750000000000001,2774.02
C0655,Clothing,2025-06-04,7,0.1,Clothing 3,2980.19,2357.15,623.04,45,Male,East,29,1,63,0,8,31078.710000000003,0.08125,3884.8387500000003
C0180,Furniture,2024-07-19,1,0.0,Furniture 3,2058.73,1293.17,765.56,66,Female,North,23,1,232,0,8,25715.29,0.09375,3214.41125
C0350,Beauty,2025-10-07,3,0.05,Beauty 1,776.69,558.57,218.12,45,Male,West,15,0,251,1,7,12059.78,0.04285714285714286,1722.8257142857144
C0281,Beauty,2025-07-24,9,0.0,Beauty 5,2465.9,1805.21,660.69,43,Female,South,6,1,344,1,5,8565.73,0.030000000000000006,1713.146
C0077,Electronics,2025-05-13,8,0.05,Electronics 4,9515.36,7202.64,2312.72,29,Female,South,11,0,236,1,6,16521.54,0.09166666666666667,2753.59
C0060,Electronics,2024-07-01,9,0.05,Electronics 1,10537.37,9119.21,1418.16,65,Female,East,21,2,305,1,6,33614.03,0.05833333333333334,5602.338333333333
C0497,Beauty,2025-03-29,4,0.1,Beauty 2,1118.92,829.39,289.53,37,Female,West,37,0,3,0,5,9601.1,0.06000000000000001,1920.22
C0336,Beauty,2025-08-22,7,0.2,Beauty 5,1589.61,911.74,677.87,68,Female,South,34,2,206,1,9,34270.3,0.11666666666666667,3807.8111111111116
C0660,Clothing,2024-02-22,7,0.1,Clothing 3,3455.48,2317.73,1137.75,27,Female,North,15,1,193,1,8,38404.75,0.11875000000000001,4800.59375
C0534,Grocery,2024-05-09,3,0.1,Grocery 3,409.73,315.46,94.27,48,Female,South,48,1,73,0,8,31290.120000000003,0.10625000000000001,3911.2650000000003
C0068,Grocery,2025-01-11,9,0.05,Grocery 1,1402.94,935.2,467.74,21,Male,East,2,1,69,0,5,6105.99,0.06000000000000001,1221.1979999999999
C0670,Furniture,2024-09-19,9,0.1,Furniture 1,15111.91,12373.32,2738.59,67,Female,South,25,0,361,0,9,60218.12,0.10555555555555557,6690.902222222223
C0396,Furniture,2025-06-02,1,0.2,Furniture 5,1569.63,967.62,602.01,20,Female,East,52,2,191,1,4,19140.54,0.15000000000000002,4785.135
C0452,Clothing,2024-10-19,7,0.0,Clothing 5,3384.98,2031.16,1353.82,43,Male,South,7,3,159,1,4,6702.72,0.1,1675.68
C0772,Beauty,2025-12-28,5,0.05,Beauty 1,1497.7,944.84,552.86,18,Female,North,26,0,52,0,3,8658.460000000001,0.11666666666666668,2886.1533333333336
C0512,Electronics,2024-08-06,7,0.0,Electronics 3,8815.92,7551.98,1263.94,61,Female,West,28,0,8,0,11,37494.68,0.10909090909090911,3408.6072727272726
C0017,Electronics,2024-09-19,5,0.0,Electronics 4,5983.85,4717.23,1266.62,24,Male,East,16,2,57,0,2,6575.08,0.025,3287.54
C0141,Beauty,2024-01-03,3,0.0,Beauty 5,812.91,595.06,217.85,29,Male,East,58,0,29,0,4,6170.42,0.037500000000000006,1542.605
C0341,Electronics,2024-06-29,1,0.1,Electronics 3,1009.84,661.56,348.28,33,Male,South,6,2,116,0,7,30460.81,0.07857142857142858,4351.544285714286
C0029,Beauty,2024-06-20,5,0.2,Beauty 5,1092.06,951.74,140.32,41,Male,North,16,0,338,0,7,14168.71,0.07142857142857142,2024.1014285714284
C0133,Clothing,2025-07-10,8,0.2,Clothing 1,3422.09,2946.66,475.43,47,Female,West,11,1,37,0,4,17717.98,0.08750000000000001,4429.495
C0633,Clothing,2024-09-03,8,0.0,Clothing 1,3831.82,2643.15,1188.67,37,Female,North,7,0,181,1,4,7455.89,0.0125,1863.9725
C0114,Electronics,2024-05-28,3,0.1,Electronics 3,2992.41,2434.19,558.22,44,Female,East,7,1,103,1,6,39586.520000000004,0.09999999999999999,6597.753333333334
C0133,Beauty,2024-08-16,8,0.05,Beauty 2,2213.5,1925.19,288.31,47,Female,West,11,1,37,0,4,17717.98,0.08750000000000001,4429.495
C0403,Clothing,2025-02-14,4,0.05,Clothing 4,1739.37,1147.42,591.95,68,Female,South,4,1,255,1,5,8037.49,0.05,1607.498
C0072,Electronics,2025-07-27,6,0.1,Electronics 2,7100.6,4722.26,2378.34,42,Male,South,25,3,358,1,4,14569.25,0.125,3642.3125
C0204,Grocery,2025-12-15,3,0.1,Grocery 3,390.02,289.02,101.0,41,Male,North,45,1,266,1,2,11392.92,0.05,5696.46
C0750,Electronics,2024-02-04,5,0.1,Electronics 3,5867.71,4065.9,1801.81,67,Male,East,43,0,117,0,7,37801.61,0.15714285714285717,5400.2300000000005
C0505,Furniture,2025-09-05,5,0.0,Furniture 5,10365.46,8463.58,1901.88,41,Female,South,51,1,15,0,5,24785.989999999998,0.08,4957.197999999999
C0770,Electronics,2024-10-10,7,0.05,Electronics 1,8085.51,5966.5,2119.01,51,Male,North,38,3,218,1,7,43289.14,0.0642857142857143,6184.162857142857
C0283,Grocery,2025-08-13,5,0.05,Grocery 3,709.01,442.53,266.48,43,Female,West,48,1,101,1,5,23334.94,0.08,4666.987999999999
C0493,Clothing,2024-01-28,5,0.0,Clothing 2,2593.69,1750.05,843.64,49,Male,North,54,1,120,0,12,41259.65,0.09166666666666667,3438.304166666667
C0190,Electronics,2025-04-02,6,0.0,Electronics 1,7468.24,5862.07,1606.17,53,Male,East,5,0,306,1,7,19137.16,0.1,2733.88
C0302,Electronics,2025-11-10,4,0.05,Electronics 5,4113.6,2339.41,1774.19,18,Female,East,14,0,271,1,4,6294.590000000001,0.08750000000000001,1573.6475000000003
C0139,Grocery,2024-01-29,5,0.0,Grocery 5,811.17,543.29,267.88,40,Female,North,30,2,16,0,8,11108.94,0.1,1388.6175
C0666,Clothing,2025-07-30,1,0.1,Clothing 1,438.12,243.43,194.69,44,Female,East,49,2,217,1,5,3883.89,0.07,776.778
C0147,Electronics,2024-03-24,8,0.0,Electronics 4,9318.28,7802.23,1516.05,30,Male,South,35,1,174,0,7,22123.09,0.07857142857142858,3160.441428571429
C0163,Electronics,2025-12-17,2,0.0,Electronics 4,2355.16,1391.94,963.22,39,Male,East,25,0,217,0,8,42728.77,0.07500000000000001,5341.09625
C0371,Beauty,2025-06-27,8,0.2,Beauty 4,1991.15,1148.94,842.21,52,Female,West,3,0,155,1,6,22913.68,0.09166666666666667,3818.9466666666667
C0343,Furniture,2025-10-26,7,0.1,Furniture 3,12287.56,10141.02,2146.54,44,Female,North,56,3,127,1,8,46164.85,0.09375,5770.60625
C0251,Furniture,2025-10-17,9,0.1,Furniture 2,15791.21,9179.86,6611.35,43,Male,South,52,2,24,0,3,35683.07,0.06666666666666667,11894.356666666667
C0285,Beauty,2024-08-18,1,0.0,Beauty 1,273.81,216.17,57.64,66,Female,North,29,1,10,0,7,18497.78,0.09285714285714286,2642.54
C0236,Electronics,2024-10-30,2,0.0,Electronics 1,2359.99,1611.76,748.23,52,Female,West,20,0,172,1,4,7221.17,0.0625,1805.2925
C0730,Furniture,2025-05-19,1,0.2,Furniture 1,1487.83,1246.2,241.63,55,Male,North,22,0,15,0,6,17868.489999999998,0.11666666666666668,2978.0816666666665
C0464,Furniture,2024-05-07,4,0.2,Furniture 3,6855.15,4209.05,2646.1,18,Male,East,6,2,100,0,7,19183.75,0.1285714285714286,2740.535714285714
C0735,Clothing,2024-08-11,9,0.2,Clothing 1,3480.85,2017.31,1463.54,52,Male,East,1,1,338,1,7,11823.03,0.14285714285714285,1689.0042857142857
C0789,Grocery,2024-03-13,7,0.2,Grocery 4,917.43,577.93,339.5,18,Male,West,50,0,334,1,5,17408.28,0.1,3481.656
C0520,Furniture,2025-10-10,7,0.0,Furniture 4,14516.68,12720.2,1796.48,36,Male,West,20,1,14,0,9,32652.83,0.07777777777777778,3628.0922222222225
C0660,Furniture,2024-06-29,8,0.2,Furniture 2,13455.75,11305.42,2150.33,27,Female,North,15,1,193,1,8,38404.75,0.11875000000000001,4800.59375
C0088,Clothing,2024-10-26,1,0.05,Clothing 1,517.54,336.41,181.13,57,Male,West,31,1,188,1,7,18238.84,0.028571428571428574,2605.5485714285714
C0759,Furniture,2024-11-26,8,0.1,Furniture 3,13648.13,8491.05,5157.08,55,Female,North,52,1,112,0,5,26976.82,0.1,5395.364
C0385,Furniture,2024-10-01,3,0.05,Furniture 5,5776.71,3494.3,2282.41,24,Male,West,7,1,336,1,4,16207.529999999999,0.0625,4051.8824999999997
C0570,Electronics,2025-07-21,7,0.1,Electronics 2,6865.58,4307.61,2557.97,67,Female,North,37,0,251,1,3,20603.4,0.06666666666666667,6867.8
C0196,Grocery,2025-10-29,7,0.2,Grocery 5,772.93,480.58,292.35,35,Female,West,30,3,14,0,6,24081.08,0.075,4013.513333333334
C0076,Grocery,2025-02-22,7,0.2,Grocery 2,817.59,703.84,113.75,35,Female,North,31,0,108,0,6,18349.7,0.1416666666666667,3058.2833333333333
C0707,Clothing,2025-09-02,4,0.1,Clothing 1,1865.7,1039.19,826.51,47,Male,North,22,3,82,0,9,17932.65,0.07777777777777778,1992.5166666666669
C0359,Electronics,2024-03-21,6,0.05,Electronics 4,7293.76,6258.36,1035.4,56,Male,North,26,0,161,1,3,13417.04,0.08333333333333333,4472.346666666667
C0110,Electronics,2025-12-06,5,0.1,Electronics 5,5136.92,2899.78,2237.14,32,Female,South,12,2,322,1,7,18509.28,0.10714285714285714,2644.182857142857
C0526,Furniture,2024-03-25,6,0.05,Furniture 5,11967.9,10045.76,1922.14,66,Female,South,37,0,11,0,8,48302.36,0.05625,6037.795
C0043,Beauty,2024-02-18,5,0.0,Beauty 5,1417.29,990.7,426.59,36,Male,East,13,2,256,1,6,7538.53,0.041666666666666664,1256.4216666666666
C0360,Grocery,2024-01-17,4,0.1,Grocery 1,486.65,280.81,205.84,61,Female,West,8,1,1,0,7,12345.460000000001,0.07857142857142858,1763.637142857143
C0563,Beauty,2024-06-26,2,0.0,Beauty 1,546.53,453.43,93.1,27,Male,West,4,0,163,0,9,27501.960000000003,0.03888888888888889,3055.7733333333335
C0576,Beauty,2025-09-03,4,0.05,Beauty 3,1159.51,741.8,417.71,66,Female,North,30,1,63,1,4,7213.7,0.08750000000000001,1803.425
C0362,Furniture,2024-08-07,7,0.1,Furniture 5,12592.81,10795.94,1796.87,29,Female,North,22,1,193,0,6,29037.17,0.05833333333333334,4839.528333333333
C0295,Grocery,2025-07-31,8,0.2,Grocery 5,915.92,744.91,171.01,45,Male,West,22,2,322,1,3,11738.34,0.10000000000000002,3912.78
C0670,Beauty,2024-11-05,1,0.1,Beauty 2,243.35,217.46,25.89,67,Female,South,25,0,361,0,9,60218.12,0.10555555555555557,6690.902222222223
C0147,Furniture,2024-03-16,2,0.2,Furniture 2,3243.53,2728.31,515.22,30,Male,South,35,1,174,0,7,22123.09,0.07857142857142858,3160.441428571429
C0059,Beauty,2024-12-11,5,0.2,Beauty 4,1276.23,809.56,466.67,53,Female,South,4,1,121,0,8,38746.31,0.08750000000000001,4843.28875
C0125,Beauty,2024-06-18,7,0.0,Beauty 5,1918.79,1330.15,588.64,47,Female,West,20,0,99,0,6,35623.88,0.008333333333333333,5937.313333333333
C0640,Electronics,2024-07-31,2,0.2,Electronics 1,2010.81,1596.22,414.59,52,Female,North,24,0,189,0,7,28070.89,0.07857142857142858,4010.1271428571426
C0375,Furniture,2025-01-12,3,0.05,Furniture 5,5853.38,3866.88,1986.5,22,Male,North,18,0,334,1,4,24007.25,0.037500000000000006,6001.8125
C0029,Furniture,2025-07-31,1,0.1,Furniture 5,1792.57,1328.79,463.78,41,Male,North,16,0,338,0,7,14168.71,0.07142857142857142,2024.1014285714284
C0135,Beauty,2025-03-04,1,0.0,Beauty 1,272.9,172.79,100.11,33,Female,West,58,0,113,0,3,17779.27,0.03333333333333333,5926.423333333333
C0022,Clothing,2024-06-11,2,0.1,Clothing 5,976.24,763.45,212.79,27,Male,West,7,3,113,1,5,26522.59,0.030000000000000006,5304.518
C0651,Beauty,2025-06-07,7,0.1,Beauty 4,1881.47,1260.11,621.36,51,Male,East,11,1,275,1,6,8477.02,0.08333333333333333,1412.8366666666668
C0369,Grocery,2025-05-23,8,0.2,Grocery 5,940.72,535.56,405.16,58,Female,North,57,1,185,0,5,32652.550000000003,0.11000000000000001,6530.51
C0054,Clothing,2024-06-22,5,0.2,Clothing 2,2144.59,1905.94,238.65,43,Male,North,49,0,223,1,10,51216.96,0.13,5121.696
C0177,Electronics,2025-09-13,2,0.2,Electronics 5,2052.7,1735.28,317.42,26,Female,North,27,0,118,0,3,13567.009999999998,0.20000000000000004,4522.336666666666
C0493,Clothing,2025-09-07,9,0.1,Clothing 1,4234.08,2778.83,1455.25,49,Male,North,54,1,120,0,12,41259.65,0.09166666666666667,3438.304166666667
C0474,Beauty,2025-03-16,3,0.2,Beauty 1,767.43,456.9,310.53,50,Female,East,23,0,318,1,5,6499.9800000000005,0.11000000000000001,1299.996
C0655,Furniture,2024-08-04,2,0.0,Furniture 3,3699.46,2986.68,712.78,45,Male,East,29,1,63,0,8,31078.710000000003,0.08125,3884.8387500000003
C0020,Furniture,2024-09-15,2,0.2,Furniture 4,3366.99,2111.9,1255.09,44,Male,South,16,0,196,0,3,6890.4,0.10000000000000002,2296.7999999999997
C0055,Beauty,2024-11-16,4,0.0,Beauty 1,1158.73,882.85,275.88,20,Female,North,29,0,5,0,4,13468.38,0.07500000000000001,3367.095
C0028,Clothing,2024-05-17,7,0.05,Clothing 2,3569.38,2936.45,632.93,46,Female,South,45,0,192,0,4,19896.6,0.125,4974.15
C0315,Furniture,2024-08-11,4,0.2,Furniture 2,6233.9,4023.04,2210.86,52,Male,East,28,1,215,0,4,21084.28,0.1125,5271.07
C0581,Clothing,2024-04-08,5,0.1,Clothing 1,2049.44,1331.36,718.08,61,Male,North,4,2,161,0,6,34150.950000000004,0.11666666666666668,5691.825000000001
C0530,Beauty,2024-04-22,4,0.2,Beauty 1,943.56,539.31,404.25,49,Male,East,11,0,231,0,6,16701.18,0.11666666666666668,2783.53
C0168,Grocery,2025-06-27,9,0.1,Grocery 1,1277.4,845.57,431.83,35,Female,North,23,1,208,0,6,26366.82,0.13333333333333333,4394.47
C0525,Beauty,2024-04-03,7,0.1,Beauty 5,1890.35,1434.98,455.37,34,Male,South,11,1,1,0,6,25724.67,0.075,4287.445
C0525,Furniture,2024-12-08,6,0.0,Furniture 5,12632.72,7636.84,4995.88,34,Male,South,11,1,1,0,6,25724.67,0.075,4287.445
C0153,Furniture,2024-11-09,4,0.2,Furniture 4,5805.15,5129.31,675.84,33,Male,South,12,0,69,0,5,25843.85,0.11000000000000001,5168.7699999999995
C0599,Beauty,2024-02-03,5,0.1,Beauty 4,1262.83,1013.86,248.97,51,Male,North,40,0,182,0,7,13250.95,0.10714285714285714,1892.9928571428572
C0337,Furniture,2025-08-29,8,0.1,Furniture 1,14583.19,9061.49,5521.7,34,Male,East,12,0,247,0,5,20551.15,0.09,4110.2300000000005
C0047,Clothing,2025-12-19,6,0.05,Clothing 1,2784.63,2048.7,735.93,64,Male,East,39,1,215,1,4,21100.94,0.125,5275.235
C0312,Grocery,2025-04-11,8,0.2,Grocery 2,994.59,683.29,311.3,24,Male,North,56,1,302,0,2,1867.66,0.2,933.83
C0615,Grocery,2025-05-05,1,0.05,Grocery 5,155.68,106.46,49.22,51,Female,South,28,1,277,1,9,17085.88,0.1,1898.4311111111112
C0556,Electronics,2024-06-18,8,0.0,Electronics 3,9906.93,7390.53,2516.4,56,Male,South,6,1,176,1,8,44974.68,0.05625000000000001,5621.835
C0214,Grocery,2025-09-08,9,0.0,Grocery 5,1327.69,780.49,547.2,56,Female,West,7,1,349,1,10,42563.03,0.075,4256.303
C0605,Grocery,2025-07-26,7,0.1,Grocery 2,953.01,595.97,357.04,45,Male,West,22,1,312,1,5,17155.93,0.13,3431.186
C0311,Clothing,2024-11-15,9,0.1,Clothing 2,4384.39,2641.1,1743.29,52,Male,West,2,1,245,1,4,14388.99,0.08750000000000001,3597.2475
C0368,Electronics,2025-05-30,6,0.0,Electronics 5,7449.1,4550.6,2898.5,19,Female,West,29,1,133,1,7,25568.27,0.1285714285714286,3652.61
C0069,Grocery,2025-11-28,3,0.1,Grocery 3,429.56,334.77,94.79,42,Male,East,13,0,51,1,6,35650.3,0.075,5941.716666666667
C0797,Grocery,2025-03-16,6,0.2,Grocery 4,691.42,621.35,70.07,41,Female,South,48,0,284,1,11,29578.27,0.08181818181818182,2688.933636363636
C0670,Electronics,2024-05-25,6,0.1,Electronics 4,6796.64,5287.02,1509.62,67,Female,South,25,0,361,0,9,60218.12,0.10555555555555557,6690.902222222223
C0155,Furniture,2024-08-29,2,0.2,Furniture 4,2969.24,2656.44,312.8,52,Female,South,7,2,278,1,6,9692.74,0.11666666666666668,1615.4566666666667
C0448,Electronics,2024-05-15,2,0.0,Electronics 4,2519.89,1894.84,625.05,45,Male,West,17,0,173,1,3,9872.89,0.10000000000000002,3290.963333333333
C0624,Electronics,2024-08-30,3,0.05,Electronics 5,3680.99,2389.54,1291.45,49,Male,South,23,3,141,1,3,13817.53,0.03333333333333333,4605.843333333333
C0403,Grocery,2025-10-11,5,0.1,Grocery 3,729.03,623.54,105.49,68,Female,South,4,1,255,1,5,8037.49,0.05,1607.498
C0168,Clothing,2024-05-18,2,0.05,Clothing 2,877.15,503.06,374.09,35,Female,North,23,1,208,0,6,26366.82,0.13333333333333333,4394.47
C0774,Beauty,2025-10-12,7,0.0,Beauty 3,2238.55,1311.45,927.1,62,Male,East,59,1,154,0,4,9953.529999999999,0.0125,2488.3824999999997
C0215,Electronics,2024-07-27,1,0.05,Electronics 2,1051.07,926.7,124.37,32,Female,North,40,1,181,1,4,11597.74,0.0625,2899.435
C0267,Clothing,2024-12-30,9,0.05,Clothing 1,4256.53,3309.73,946.8,36,Female,West,57,0,292,1,6,30778.89,0.125,5129.815
C0297,Furniture,2025-01-20,7,0.0,Furniture 2,14511.06,12699.16,1811.9,40,Female,West,25,1,107,0,7,24131.82,0.10714285714285714,3447.402857142857
C0712,Clothing,2024-04-01,4,0.05,Clothing 3,1894.01,1129.8,764.21,55,Female,East,4,1,154,0,3,17191.969999999998,0.03333333333333333,5730.656666666666
C0400,Beauty,2024-05-14,4,0.05,Beauty 3,1103.5,903.65,199.85,69,Female,West,47,2,320,0,10,43060.21,0.12,4306.021
C0575,Furniture,2024-08-10,7,0.2,Furniture 2,11611.76,7340.76,4271.0,37,Female,West,28,1,331,1,5,16623.41,0.12000000000000002,3324.682
C0720,Beauty,2024-02-13,1,0.05,Beauty 4,294.17,197.15,97.02,25,Female,North,37,3,168,1,5,8832.93,0.1,1766.586
C0742,Beauty,2025-07-04,7,0.05,Beauty 2,2028.07,1753.56,274.51,50,Male,East,27,0,220,1,3,3083.65,0.05000000000000001,1027.8833333333334
C0685,Electronics,2025-02-02,5,0.05,Electronics 4,5732.41,3977.94,1754.47,59,Female,West,22,0,173,1,11,24208.12,0.06818181818181818,2200.7381818181816
C0726,Grocery,2025-09-09,2,0.1,Grocery 2,281.11,220.58,60.53,55,Male,South,50,1,54,0,5,5732.06,0.09000000000000001,1146.412
C0758,Furniture,2025-09-22,9,0.05,Furniture 5,16768.39,14429.98,2338.41,24,Female,East,40,1,82,0,4,41688.369999999995,0.0875,10422.092499999999
C0792,Electronics,2024-09-10,6,0.2,Electronics 4,5263.22,4499.03,764.19,55,Male,East,40,1,362,1,7,22320.11,0.09999999999999999,3188.587142857143
C0514,Grocery,2025-08-19,2,0.05,Grocery 3,287.13,158.82,128.31,67,Female,East,25,0,255,0,8,18246.14,0.08125,2280.7675
C0105,Furniture,2024-02-14,6,0.05,Furniture 3,11909.48,7209.71,4699.77,58,Female,West,7,2,335,1,7,43736.840000000004,0.0642857142857143,6248.120000000001
C0090,Furniture,2024-11-09,4,0.0,Furniture 4,7678.66,6692.09,986.57,40,Male,West,21,1,6,0,4,20307.64,0.125,5076.91
C0636,Grocery,2025-04-30,7,0.2,Grocery 3,779.65,582.28,197.37,30,Male,North,48,0,223,0,4,5766.71,0.08750000000000001,1441.6775
C0252,Beauty,2024-12-06,5,0.05,Beauty 5,1542.37,1107.53,434.84,27,Female,South,59,0,71,0,4,17053.68,0.037500000000000006,4263.42
C0643,Furniture,2025-06-23,9,0.0,Furniture 1,19309.5,11061.26,8248.24,43,Male,North,32,1,258,0,6,33046.79,0.075,5507.798333333333
C0747,Electronics,2025-09-18,9,0.0,Electronics 5,11055.82,6177.64,4878.18,34,Female,West,50,0,68,1,5,13643.189999999999,0.09,2728.638
C0515,Clothing,2024-11-05,1,0.05,Clothing 5,502.23,443.82,58.41,23,Male,North,26,2,276,1,9,37369.950000000004,0.08333333333333333,4152.216666666667
C0611,Beauty,2024-07-19,4,0.2,Beauty 2,1050.01,751.65,298.36,42,Female,West,30,2,298,1,4,25636.940000000002,0.1,6409.235000000001
C0223,Electronics,2025-03-01,2,0.0,Electronics 2,2433.24,2008.02,425.22,28,Female,West,55,2,117,1,3,3946.2799999999997,0.13333333333333333,1315.4266666666665
C0347,Electronics,2025-09-25,5,0.0,Electronics 5,5693.02,3569.53,2123.49,66,Female,West,48,0,218,0,9,45544.9,0.07222222222222223,5060.544444444445
C0772,Clothing,2025-12-21,2,0.1,Clothing 3,924.99,585.5,339.49,18,Female,North,26,0,52,0,3,8658.460000000001,0.11666666666666668,2886.1533333333336
C0653,Beauty,2025-08-18,5,0.05,Beauty 4,1543.16,1151.34,391.82,59,Male,East,22,0,222,1,6,12273.32,0.05000000000000001,2045.5533333333333
C0163,Furniture,2024-06-27,2,0.2,Furniture 1,3321.69,2845.39,476.3,39,Male,East,25,0,217,0,8,42728.77,0.07500000000000001,5341.09625
C0749,Electronics,2024-05-29,6,0.2,Electronics 3,5214.23,3394.48,1819.75,26,Male,East,7,1,355,1,7,20021.2,0.1285714285714286,2860.171428571429
C0399,Clothing,2025-02-22,5,0.1,Clothing 4,2437.71,1621.27,816.44,34,Female,South,24,0,98,0,3,10398.87,0.10000000000000002,3466.2900000000004
C0675,Beauty,2024-10-20,9,0.05,Beauty 5,2695.14,2001.73,693.41,55,Male,South,45,1,56,0,3,22347.920000000002,0.08333333333333333,7449.306666666667
C0417,Clothing,2025-03-22,8,0.1,Clothing 3,3529.32,1990.54,1538.78,24,Female,East,52,2,252,1,1,3529.32,0.1,3529.32
C0483,Grocery,2025-11-05,6,0.1,Grocery 1,888.97,606.78,282.19,59,Female,East,3,1,203,1,5,7389.03,0.14,1477.806
C0129,Grocery,2025-02-04,5,0.05,Grocery 3,744.09,554.12,189.97,51,Female,North,35,4,14,0,4,5384.83,0.1125,1346.2075
C0270,Furniture,2024-09-16,7,0.05,Furniture 4,14165.67,7815.05,6350.62,33,Female,North,47,3,73,0,4,18492.22,0.07500000000000001,4623.055
C0578,Furniture,2025-09-26,7,0.2,Furniture 5,12192.69,9428.62,2764.07,64,Female,East,17,0,108,0,4,17419.59,0.1375,4354.8975
C0673,Beauty,2024-11-16,2,0.1,Beauty 5,490.27,278.39,211.88,22,Male,South,47,1,40,0,8,37772.36,0.0625,4721.545
C0071,Electronics,2025-03-17,4,0.05,Electronics 4,4810.27,3857.77,952.5,27,Male,East,6,1,295,0,2,19812.72,0.025,9906.36
C0061,Grocery,2024-04-08,9,0.2,Grocery 1,1055.45,876.64,178.81,56,Female,East,13,1,100,1,4,13832.710000000001,0.1125,3458.1775000000002
C0554,Furniture,2025-01-05,3,0.05,Furniture 3,6120.75,5163.33,957.42,69,Male,East,17,2,142,1,6,29599.15,0.05833333333333334,4933.191666666667
C0357,Grocery,2024-11-07,1,0.0,Grocery 3,161.37,126.79,34.58,64,Female,East,38,2,50,1,8,26705.17,0.043750000000000004,3338.14625
C0678,Furniture,2024-03-30,8,0.2,Furniture 3,13641.26,10183.88,3457.38,45,Male,South,13,2,353,1,5,27483.4,0.1,5496.68
C0054,Furniture,2024-06-03,9,0.2,Furniture 5,15204.1,9998.92,5205.18,43,Male,North,49,0,223,1,10,51216.96,0.13,5121.696
C0279,Clothing,2025-05-28,6,0.05,Clothing 5,3017.74,2108.24,909.5,22,Female,North,23,0,82,0,6,25297.73,0.09999999999999999,4216.288333333333
C0028,Electronics,2024-05-11,6,0.2,Electronics 2,5525.63,3207.46,2318.17,46,Female,South,45,0,192,0,4,19896.6,0.125,4974.15
C0567,Beauty,2024-04-06,4,0.05,Beauty 5,1118.69,892.14,226.55,30,Male,West,14,1,150,1,4,7306.51,0.07500000000000001,1826.6275
C0686,Beauty,2024-02-12,4,0.1,Beauty 5,996.85,556.88,439.97,39,Male,West,11,1,2,0,4,17060.61,0.07500000000000001,4265.1525
C0125,Beauty,2024-01-20,9,0.0,Beauty 4,2878.52,1999.72,878.8,47,Female,West,20,0,99,0,6,35623.88,0.008333333333333333,5937.313333333333
C0259,Clothing,2024-11-13,8,0.1,Clothing 2,3705.12,2694.27,1010.85,48,Male,East,10,0,114,0,5,36898.36,0.05,7379.6720000000005
C0676,Clothing,2024-12-22,5,0.0,Clothing 4,2556.36,1987.65,568.71,48,Male,North,7,3,138,1,5,5085.52,0.12000000000000002,1017.104
C0033,Clothing,2025-03-31,3,0.0,Clothing 3,1423.82,954.13,469.69,46,Male,West,19,1,2,0,6,21158.34,0.041666666666666664,3526.39
C0761,Electronics,2025-02-21,2,0.2,Electronics 5,1964.17,1384.69,579.48,46,Male,West,53,0,278,1,5,22575.31,0.1,4515.062
C0709,Electronics,2025-01-26,1,0.0,Electronics 4,1189.09,898.45,290.64,42,Female,East,14,0,121,0,4,7224.07,0.037500000000000006,1806.0175
C0122,Clothing,2025-12-30,5,0.05,Clothing 5,2610.25,2279.04,331.21,52,Male,East,13,2,187,0,4,8609.24,0.0625,2152.31
C0111,Beauty,2024-07-01,5,0.2,Beauty 3,1287.14,1010.65,276.49,58,Male,South,51,0,203,1,3,5500.9800000000005,0.11666666666666668,1833.66
C0553,Clothing,2025-06-03,7,0.2,Clothing 1,2814.55,1798.64,1015.91,34,Female,East,26,1,226,1,4,24161.11,0.1125,6040.2775
C0008,Grocery,2024-02-28,8,0.05,Grocery 3,1210.33,1024.6,185.73,28,Male,North,28,0,79,0,4,30234.16,0.075,7558.54
C0404,Grocery,2025-09-11,4,0.0,Grocery 5,559.74,318.64,241.1,43,Female,West,11,4,88,1,7,35907.72,0.05714285714285715,5129.674285714286
C0052,Clothing,2024-09-21,2,0.05,Clothing 4,874.27,564.17,310.1,36,Female,North,6,1,93,0,4,6461.29,0.1,1615.3225
C0425,Beauty,2024-09-09,8,0.1,Beauty 4,2216.44,1302.94,913.5,28,Female,South,50,1,191,0,5,12154.42,0.12000000000000002,2430.884
C0280,Electronics,2024-04-08,7,0.05,Electronics 4,8341.95,5893.28,2448.67,32,Female,South,7,1,25,0,6,15234.330000000002,0.05833333333333334,2539.0550000000003
C0565,Beauty,2025-01-06,5,0.1,Beauty 3,1229.33,950.18,279.15,30,Male,West,35,2,202,1,4,13246.64,0.08750000000000001,3311.66
C0704,Furniture,2024-10-18,1,0.2,Furniture 1,1504.31,1106.94,397.37,24,Female,West,42,2,197,0,5,20199.35,0.09,4039.87
C0390,Clothing,2025-12-12,5,0.1,Clothing 3,2266.77,1890.35,376.42,56,Male,East,56,0,205,1,2,2734.47,0.07500000000000001,1367.235
C0513,Furniture,2024-05-09,6,0.1,Furniture 1,9855.68,7378.17,2477.51,60,Female,West,14,0,248,1,5,27670.420000000002,0.1,5534.084000000001
C0480,Grocery,2024-10-31,8,0.1,Grocery 2,1063.6,671.59,392.01,32,Female,West,3,1,265,1,4,7087.83,0.1125,1771.9575
C0787,Beauty,2025-10-19,5,0.0,Beauty 4,1494.62,1102.65,391.97,53,Male,West,24,0,263,1,5,32141.08,0.1,6428.216
C0184,Electronics,2025-08-12,5,0.1,Electronics 5,5855.55,4727.9,1127.65,43,Female,East,21,2,13,0,4,8321.880000000001,0.1375,2080.4700000000003
C0191,Electronics,2025-07-12,4,0.2,Electronics 2,3698.44,2685.19,1013.25,50,Female,West,23,1,233,0,5,27656.429999999997,0.08,5531.285999999999
C0302,Grocery,2025-01-18,4,0.1,Grocery 4,504.22,355.32,148.9,18,Female,East,14,0,271,1,4,6294.590000000001,0.08750000000000001,1573.6475000000003
C0589,Beauty,2025-09-29,1,0.2,Beauty 2,216.36,159.06,57.3,61,Female,East,26,0,255,0,3,4974.36,0.08333333333333333,1658.12
C0692,Electronics,2024-06-12,1,0.2,Electronics 2,887.35,658.25,229.1,66,Male,North,43,0,222,0,5,6455.82,0.09,1291.164
C0222,Furniture,2025-08-14,7,0.05,Furniture 5,13967.3,9200.19,4767.11,54,Female,South,7,1,173,1,3,32091.289999999997,0.05000000000000001,10697.096666666666
C0087,Beauty,2025-02-27,4,0.05,Beauty 4,1127.44,957.17,170.27,34,Male,South,4,0,37,0,9,15399.86,0.1111111111111111,1711.0955555555556
C0486,Grocery,2024-09-12,8,0.2,Grocery 1,902.16,561.77,340.39,35,Female,East,56,2,164,0,5,11655.76,0.12000000000000002,2331.152
C0478,Beauty,2024-06-08,4,0.05,Beauty 1,1238.73,695.54,543.19,52,Male,South,52,1,156,0,6,33776.14,0.05833333333333333,5629.356666666667
C0299,Furniture,2025-01-15,9,0.1,Furniture 1,17131.62,13868.43,3263.19,19,Male,South,7,2,190,1,3,28041.76,0.05000000000000001,9347.253333333332
C0147,Clothing,2024-01-03,2,0.1,Clothing 3,830.59,701.69,128.9,30,Male,South,35,1,174,0,7,22123.09,0.07857142857142858,3160.441428571429
C0679,Beauty,2025-06-05,2,0.0,Beauty 1,572.27,443.49,128.78,66,Male,East,27,0,177,0,10,32462.629999999997,0.135,3246.263
C0677,Furniture,2024-06-21,6,0.05,Furniture 3,12196.73,8710.06,3486.67,22,Male,North,49,1,305,0,3,26272.78,0.06666666666666667,8757.593333333332
C0598,Electronics,2024-10-11,8,0.05,Electronics 3,9471.0,8441.71,1029.29,50,Male,East,26,0,225,1,5,14698.26,0.09000000000000001,2939.652
C0463,Grocery,2024-05-20,2,0.0,Grocery 4,326.73,222.1,104.63,39,Female,East,37,1,125,0,4,32790.259999999995,0.037500000000000006,8197.564999999999
C0209,Furniture,2024-12-05,5,0.2,Furniture 2,7322.0,5067.29,2254.71,58,Female,West,49,0,178,0,6,21187.34,0.15,3531.2233333333334
C0322,Beauty,2024-09-27,3,0.2,Beauty 1,759.66,574.98,184.68,49,Male,West,7,1,192,0,9,21764.89,0.11666666666666667,2418.321111111111
C0054,Furniture,2024-05-17,7,0.2,Furniture 1,10251.16,7182.47,3068.69,43,Male,North,49,0,223,1,10,51216.96,0.13,5121.696
C0199,Grocery,2025-10-10,6,0.0,Grocery 1,870.6,648.03,222.57,68,Female,East,23,0,158,0,6,11144.96,0.05833333333333333,1857.493333333333
C0360,Clothing,2025-07-08,6,0.05,Clothing 1,2992.88,2658.57,334.31,61,Female,West,8,1,1,0,7,12345.460000000001,0.07857142857142858,1763.637142857143
C0349,Electronics,2024-10-10,3,0.0,Electronics 2,3751.93,2375.44,1376.49,26,Female,South,58,1,115,1,5,9824.79,0.06000000000000001,1964.958
C0064,Electronics,2024-02-12,3,0.0,Electronics 5,3241.52,1951.39,1290.13,39,Female,East,28,0,13,0,4,22439.38,0.0625,5609.845
C0766,Furniture,2025-09-08,6,0.1,Furniture 4,10156.2,7091.49,3064.71,49,Female,South,45,1,324,0,4,14927.94,0.08750000000000001,3731.985
C0214,Beauty,2025-05-23,4,0.2,Beauty 2,1013.49,736.2,277.29,56,Female,West,7,1,349,1,10,42563.03,0.075,4256.303
C0407,Electronics,2025-02-09,7,0.0,Electronics 5,7771.93,6214.58,1557.35,25,Female,North,19,3,11,0,7,21922.17,0.08571428571428572,3131.738571428571
C0372,Furniture,2025-03-17,2,0.1,Furniture 4,3474.99,3072.97,402.02,39,Male,East,13,1,223,1,6,30631.62,0.11666666666666668,5105.2699999999995
C0375,Grocery,2024-01-06,3,0.0,Grocery 4,421.55,333.46,88.09,22,Male,North,18,0,334,1,4,24007.25,0.037500000000000006,6001.8125
C0676,Electronics,2024-12-11,1,0.2,Electronics 5,885.4,792.89,92.51,48,Male,North,7,3,138,1,5,5085.52,0.12000000000000002,1017.104
C0597,Clothing,2024-05-17,1,0.0,Clothing 4,533.66,339.52,194.14,58,Female,West,21,1,76,1,8,38507.88,0.05625,4813.485
C0694,Clothing,2025-04-20,3,0.05,Clothing 5,1299.98,810.03,489.95,22,Male,East,54,0,260,0,7,6780.91,0.042857142857142864,968.7014285714286
C0303,Furniture,2025-11-10,5,0.0,Furniture 2,10072.1,6620.26,3451.84,64,Male,North,50,0,300,1,4,19970.17,0.1,4992.5425
C0212,Clothing,2025-01-22,2,0.05,Clothing 5,986.61,814.44,172.17,59,Male,East,11,1,135,1,5,29528.32,0.05,5905.664
C0341,Beauty,2025-03-17,1,0.05,Beauty 1,259.78,159.84,99.94,33,Male,South,6,2,116,0,7,30460.81,0.07857142857142858,4351.544285714286
C0449,Clothing,2025-05-02,8,0.1,Clothing 2,3696.07,2286.63,1409.44,32,Female,East,22,3,110,0,7,10621.79,0.1285714285714286,1517.3985714285716
C0269,Electronics,2025-11-09,5,0.2,Electronics 5,4640.7,3221.14,1419.56,48,Male,West,57,0,220,1,3,9372.5,0.10000000000000002,3124.1666666666665
C0368,Electronics,2024-01-28,7,0.2,Electronics 1,7168.28,4739.24,2429.04,19,Female,West,29,1,133,1,7,25568.27,0.1285714285714286,3652.61
C0120,Grocery,2024-08-14,7,0.05,Grocery 3,1056.88,820.42,236.46,40,Female,North,27,1,45,0,8,31426.46,0.10625000000000001,3928.3075
C0467,Grocery,2024-07-14,1,0.2,Grocery 2,127.05,109.46,17.59,48,Male,West,10,3,147,0,7,27924.32,0.12142857142857144,3989.1885714285713
C0571,Furniture,2025-06-07,6,0.05,Furniture 1,11168.95,6684.97,4483.98,39,Male,East,3,1,158,1,4,32847.48,0.08750000000000001,8211.87
C0421,Grocery,2024-11-22,8,0.0,Grocery 2,1277.41,947.03,330.38,54,Female,East,49,1,26,0,5,11107.79,0.11000000000000001,2221.558
C0698,Electronics,2025-07-17,5,0.1,Electronics 3,5540.38,3218.63,2321.75,20,Male,North,11,1,85,0,2,6574.81,0.15000000000000002,3287.405
C0796,Clothing,2024-12-10,8,0.1,Clothing 4,3512.65,2204.27,1308.38,68,Female,West,14,0,272,1,4,11684.39,0.0625,2921.0975
C0724,Grocery,2025-12-13,9,0.05,Grocery 4,1174.94,773.33,401.61,58,Female,East,27,2,103,1,3,3696.73,0.11666666666666668,1232.2433333333333
C0074,Clothing,2025-07-13,5,0.1,Clothing 1,2055.07,1546.82,508.25,53,Female,East,7,0,170,1,4,39514.93,0.05,9878.7325
C0704,Furniture,2024-01-14,1,0.05,Furniture 2,1805.53,1343.69,461.84,24,Female,West,42,2,197,0,5,20199.35,0.09,4039.87
C0266,Beauty,2025-12-22,6,0.0,Beauty 1,1727.85,1339.21,388.64,41,Female,North,15,0,52,0,9,35127.93,0.1,3903.1033333333335
C0361,Clothing,2025-11-26,8,0.05,Clothing 1,4124.92,3450.98,673.94,64,Male,West,26,0,325,0,8,21297.59,0.07500000000000001,2662.19875
C0329,Grocery,2024-02-01,6,0.05,Grocery 2,940.49,578.9,361.59,46,Female,West,28,1,181,1,10,27679.47,0.085,2767.947
C0227,Beauty,2024-10-12,8,0.05,Beauty 4,2117.52,1715.58,401.94,48,Male,West,1,1,364,1,8,34385.47,0.08750000000000001,4298.18375
C0701,Clothing,2025-12-09,5,0.2,Clothing 2,2177.11,1705.67,471.44,50,Male,North,8,1,324,1,8,22130.11,0.1,2766.26375
C0510,Grocery,2025-09-03,4,0.05,Grocery 1,593.55,343.01,250.54,69,Female,South,7,2,55,0,6,18899.9,0.1416666666666667,3149.9833333333336
C0773,Clothing,2024-12-07,9,0.1,Clothing 2,4048.87,2715.35,1333.52,55,Female,South,21,0,299,0,8,40324.2,0.1125,5040.525
C0763,Furniture,2025-02-01,2,0.0,Furniture 3,4363.75,2442.37,1921.38,66,Female,North,19,0,52,1,4,12184.11,0.05,3046.0275
C0335,Furniture,2024-01-22,5,0.05,Furniture 2,9906.02,5760.99,4145.03,60,Male,North,9,1,175,1,5,33719.04,0.030000000000000006,6743.808
C0581,Electronics,2025-02-16,2,0.2,Electronics 5,1955.96,1270.05,685.91,61,Male,North,4,2,161,0,6,34150.950000000004,0.11666666666666668,5691.825000000001
C0401,Electronics,2025-05-01,6,0.2,Electronics 3,5425.37,3445.6,1979.77,58,Male,North,27,0,51,0,9,32108.64,0.1111111111111111,3567.6266666666666
C0395,Electronics,2024-09-19,9,0.2,Electronics 5,8198.4,7092.11,1106.29,63,Female,North,55,0,344,1,5,17745.1,0.07,3549.0199999999995
C0591,Electronics,2024-08-11,9,0.0,Electronics 1,11688.84,10085.44,1603.4,64,Female,South,38,1,273,1,7,21408.56,0.09285714285714286,3058.3657142857146
C0551,Electronics,2025-08-27,3,0.2,Electronics 2,2715.86,2043.02,672.84,38,Male,South,30,0,289,1,4,17062.06,0.1125,4265.515
C0729,Furniture,2024-11-23,7,0.05,Furniture 1,12055.93,9732.3,2323.63,52,Female,North,47,0,107,0,4,20536.06,0.1125,5134.015
C0618,Beauty,2024-07-11,8,0.0,Beauty 1,2287.79,2058.69,229.1,21,Female,South,36,0,152,0,6,9129.689999999999,0.06666666666666667,1521.6149999999998
C0497,Grocery,2024-09-30,8,0.0,Grocery 5,1195.33,829.04,366.29,37,Female,West,37,0,3,0,5,9601.1,0.06000000000000001,1920.22
C0735,Beauty,2024-12-25,5,0.2,Beauty 3,1171.67,858.66,313.01,52,Male,East,1,1,338,1,7,11823.03,0.14285714285714285,1689.0042857142857
C0081,Furniture,2024-07-08,2,0.1,Furniture 4,3913.78,3044.54,869.24,40,Female,North,51,2,160,0,6,21641.68,0.10833333333333334,3606.9466666666667
C0610,Beauty,2025-02-12,5,0.1,Beauty 2,1328.01,1158.28,169.73,61,Male,East,22,0,209,1,7,9692.55,0.08571428571428573,1384.6499999999999
C0313,Furniture,2025-09-20,7,0.2,Furniture 1,12071.48,10006.72,2064.76,32,Male,West,31,0,290,1,5,26620.8,0.06000000000000001,5324.16
C0346,Electronics,2025-06-26,6,0.0,Electronics 5,7336.31,4200.39,3135.92,69,Female,North,14,1,315,1,6,36565.69,0.10833333333333334,6094.281666666667
C0625,Grocery,2024-06-17,4,0.0,Grocery 4,602.89,482.03,120.86,30,Female,East,37,1,1,0,6,7749.38,0.15,1291.5633333333333
C0218,Grocery,2024-12-10,2,0.2,Grocery 4,223.69,142.75,80.94,41,Male,North,39,4,49,0,10,22757.11,0.1,2275.7110000000002
C0706,Furniture,2025-01-31,6,0.1,Furniture 3,10305.43,6587.39,3718.04,18,Female,South,51,1,163,0,6,15398.68,0.125,2566.4466666666667
C0399,Furniture,2025-05-11,4,0.2,Furniture 3,6869.97,5094.31,1775.66,34,Female,South,24,0,98,0,3,10398.87,0.10000000000000002,3466.2900000000004
C0279,Electronics,2025-07-06,5,0.1,Electronics 3,5702.35,4525.99,1176.36,22,Female,North,23,0,82,0,6,25297.73,0.09999999999999999,4216.288333333333
C0262,Furniture,2024-12-20,9,0.0,Furniture 4,17810.72,10788.48,7022.24,33,Male,West,9,0,355,1,5,40919.9,0.04,8183.9800000000005
C0336,Beauty,2024-08-17,1,0.1,Beauty 2,292.09,192.8,99.29,68,Female,South,34,2,206,1,9,34270.3,0.11666666666666667,3807.8111111111116
C0754,Electronics,2025-04-26,3,0.2,Electronics 2,3063.85,2453.05,610.8,46,Male,South,5,1,6,0,2,14232.07,0.1,7116.035
C0082,Grocery,2024-04-01,9,0.0,Grocery 2,1245.26,751.14,494.12,26,Male,North,11,1,87,0,5,22238.11,0.05,4447.622
C0406,Beauty,2025-05-07,9,0.0,Beauty 3,2757.2,2336.45,420.75,40,Female,South,18,0,237,1,7,13509.16,0.07142857142857142,1929.8799999999999
C0668,Electronics,2025-10-16,3,0.05,Electronics 5,3624.41,2571.94,1052.47,65,Female,North,9,1,291,0,6,30440.260000000002,0.17500000000000002,5073.376666666667
C0377,Electronics,2025-06-01,9,0.05,Electronics 5,10892.72,8225.06,2667.66,56,Male,South,54,1,166,1,3,16931.09,0.05000000000000001,5643.696666666667
C0452,Beauty,2024-11-12,2,0.1,Beauty 3,495.86,286.68,209.18,43,Male,South,7,3,159,1,4,6702.72,0.1,1675.68
C0278,Electronics,2025-08-24,1,0.0,Electronics 2,1133.91,1002.46,131.45,21,Male,East,35,0,211,0,4,5968.8,0.025,1492.2
C0108,Furniture,2025-01-23,3,0.2,Furniture 5,4716.52,4092.22,624.3,42,Male,North,25,1,49,1,3,5585.83,0.16666666666666666,1861.9433333333334
C0511,Beauty,2025-01-29,5,0.0,Beauty 2,1425.49,878.85,546.64,56,Male,East,6,1,123,0,5,9038.16,0.08,1807.632
C0735,Grocery,2025-09-14,1,0.0,Grocery 2,138.27,108.14,30.13,52,Male,East,1,1,338,1,7,11823.03,0.14285714285714285,1689.0042857142857
C0416,Grocery,2024-05-21,2,0.2,Grocery 5,246.18,203.74,42.44,68,Female,South,40,2,28,0,7,39994.759999999995,0.07857142857142858,5713.5371428571425
C0345,Grocery,2025-07-23,8,0.05,Grocery 2,1141.7,676.67,465.03,31,Male,North,24,0,213,1,7,9859.71,0.07857142857142858,1408.53
C0103,Clothing,2025-05-11,6,0.1,Clothing 3,2513.69,1890.57,623.12,18,Female,North,7,2,205,1,7,25138.02,0.05714285714285715,3591.1457142857143
C0755,Clothing,2025-01-21,6,0.05,Clothing 5,2899.24,2457.57,441.67,40,Male,South,51,1,176,0,5,16464.54,0.06000000000000001,3292.9080000000004
C0695,Grocery,2024-02-26,9,0.05,Grocery 2,1170.16,851.12,319.04,31,Male,West,45,0,216,1,9,50669.99,0.1111111111111111,5629.998888888888
C0721,Beauty,2025-07-12,3,0.1,Beauty 4,791.05,690.84,100.21,66,Female,North,59,0,315,0,4,17280.78,0.1,4320.195
C0287,Beauty,2024-06-08,9,0.2,Beauty 1,2286.37,1295.76,990.61,47,Female,South,34,1,89,0,6,22204.899999999998,0.11666666666666668,3700.816666666666
C0500,Beauty,2025-10-15,4,0.0,Beauty 5,1293.61,1127.67,165.94,23,Female,West,30,1,115,1,9,22976.55,0.061111111111111116,2552.95
C0346,Electronics,2025-08-01,9,0.2,Electronics 3,8199.77,7314.41,885.36,69,Female,North,14,1,315,1,6,36565.69,0.10833333333333334,6094.281666666667
C0187,Clothing,2024-09-22,8,0.0,Clothing 4,4287.61,2592.2,1695.41,37,Male,North,19,1,35,1,4,12407.68,0.05,3101.92
C0164,Furniture,2024-11-13,2,0.2,Furniture 3,3450.72,2418.38,1032.34,39,Female,East,26,1,64,0,7,29374.199999999997,0.0642857142857143,4196.314285714286
C0307,Grocery,2024-01-19,2,0.2,Grocery 3,245.13,188.08,57.05,46,Female,North,18,2,38,0,8,20996.61,0.125,2624.57625
C0442,Clothing,2024-12-29,5,0.2,Clothing 3,2192.87,1891.64,301.23,24,Female,East,46,1,364,1,7,21242.95,0.09285714285714286,3034.707142857143
C0097,Clothing,2024-02-12,5,0.1,Clothing 1,2135.78,1293.93,841.85,53,Male,North,53,0,130,0,5,12034.1,0.07,2406.82
C0561,Electronics,2025-12-21,3,0.2,Electronics 2,2631.73,1755.13,876.6,20,Male,North,25,0,160,0,5,29337.889999999996,0.13,5867.5779999999995
C0366,Clothing,2025-04-12,3,0.2,Clothing 2,1282.43,1063.49,218.94,42,Male,South,22,1,5,0,4,13221.569999999998,0.125,3305.3924999999995
C0704,Grocery,2024-06-20,9,0.1,Grocery 2,1212.8,841.08,371.72,24,Female,West,42,2,197,0,5,20199.35,0.09,4039.87
C0223,Grocery,2025-08-09,7,0.2,Grocery 2,814.2,620.2,194.0,28,Female,West,55,2,117,1,3,3946.2799999999997,0.13333333333333333,1315.4266666666665
C0041,Grocery,2024-01-15,2,0.05,Grocery 4,259.65,193.7,65.95,57,Female,North,1,1,129,0,7,14342.48,0.10714285714285714,2048.925714285714
C0249,Clothing,2025-02-05,7,0.2,Clothing 5,2556.19,2276.57,279.62,20,Male,North,20,1,107,0,5,22474.809999999998,0.09,4494.9619999999995
C0778,Clothing,2024-03-22,2,0.2,Clothing 5,734.51,440.37,294.14,32,Male,West,13,1,57,1,9,37075.880000000005,0.1277777777777778,4119.542222222222
C0257,Beauty,2024-02-09,5,0.1,Beauty 5,1264.58,1115.3,149.28,23,Female,East,16,0,32,0,9,16867.92,0.09444444444444446,1874.2133333333331
C0563,Grocery,2024-06-27,1,0.0,Grocery 4,164.11,122.66,41.45,27,Male,West,4,0,163,0,9,27501.960000000003,0.03888888888888889,3055.7733333333335
C0674,Clothing,2024-08-02,6,0.0,Clothing 3,2868.84,2485.72,383.12,50,Female,North,35,0,340,1,8,26619.81,0.1,3327.47625
C0227,Furniture,2025-06-13,2,0.0,Furniture 4,4253.64,2515.09,1738.55,48,Male,West,1,1,364,1,8,34385.47,0.08750000000000001,4298.18375
C0514,Grocery,2025-10-12,3,0.1,Grocery 1,366.07,283.53,82.54,67,Female,East,25,0,255,0,8,18246.14,0.08125,2280.7675
C0163,Grocery,2025-07-20,2,0.05,Grocery 5,274.84,231.98,42.86,39,Male,East,25,0,217,0,8,42728.77,0.07500000000000001,5341.09625
C0289,Clothing,2025-06-24,2,0.2,Clothing 3,864.99,713.97,151.02,42,Male,South,58,1,134,0,5,15657.279999999999,0.11000000000000001,3131.4559999999997
C0236,Furniture,2025-02-16,1,0.05,Furniture 1,1780.32,985.37,794.95,52,Female,West,20,0,172,1,4,7221.17,0.0625,1805.2925
C0537,Electronics,2024-09-27,5,0.0,Electronics 3,5740.83,4066.07,1674.76,24,Male,North,43,2,8,0,7,15154.029999999999,0.1285714285714286,2164.8614285714284
C0700,Beauty,2024-07-05,8,0.1,Beauty 2,2301.05,1358.47,942.58,45,Female,South,22,0,125,1,7,22232.55,0.07857142857142858,3176.078571428571
C0201,Grocery,2025-11-21,3,0.0,Grocery 2,415.93,251.01,164.92,65,Female,South,13,0,129,0,7,19291.8,0.07857142857142858,2755.9714285714285
C0233,Grocery,2025-01-15,8,0.2,Grocery 1,874.21,696.92,177.29,57,Male,North,34,1,23,1,6,13548.13,0.08333333333333333,2258.0216666666665
C0656,Clothing,2025-02-15,5,0.0,Clothing 1,2732.99,2418.16,314.83,57,Female,West,48,3,26,0,3,8906.67,0.06666666666666667,2968.89
C0370,Grocery,2024-01-11,3,0.05,Grocery 2,419.36,323.72,95.64,35,Female,West,39,0,265,1,7,22981.32,0.028571428571428574,3283.0457142857144
C0410,Furniture,2024-11-30,1,0.2,Furniture 2,1650.52,966.93,683.59,27,Female,South,31,0,315,1,8,35139.41,0.07500000000000001,4392.42625
C0564,Grocery,2025-05-12,8,0.1,Grocery 5,999.46,635.06,364.4,64,Female,West,44,1,289,1,4,23765.64,0.0875,5941.41
C0110,Electronics,2024-12-27,1,0.2,Electronics 2,906.27,618.63,287.64,32,Female,South,12,2,322,1,7,18509.28,0.10714285714285714,2644.182857142857
C0697,Grocery,2025-03-24,4,0.05,Grocery 2,565.44,335.8,229.64,48,Female,South,19,3,57,1,6,31332.699999999997,0.075,5222.116666666666
C0292,Clothing,2025-08-14,1,0.2,Clothing 5,414.01,350.58,63.43,67,Female,West,54,1,122,0,8,56584.34,0.06875,7073.0425
C0526,Electronics,2024-01-16,7,0.1,Electronics 5,7247.39,4479.44,2767.95,66,Female,South,37,0,11,0,8,48302.36,0.05625,6037.795
C0345,Beauty,2025-10-22,9,0.1,Beauty 1,2616.93,1557.97,1058.96,31,Male,North,24,0,213,1,7,9859.71,0.07857142857142858,1408.53
C0602,Clothing,2025-08-19,3,0.0,Clothing 1,1584.34,1273.79,310.55,56,Male,North,55,0,362,1,9,26142.41,0.05555555555555555,2904.7122222222224
C0489,Grocery,2024-11-02,3,0.2,Grocery 1,363.71,216.19,147.52,49,Female,North,12,1,28,0,12,31217.78,0.08750000000000001,2601.4816666666666
C0138,Electronics,2025-07-11,6,0.0,Electronics 3,7141.26,4953.26,2188.0,36,Male,North,32,0,71,0,4,16811.59,0.0625,4202.8975
C0150,Clothing,2024-02-18,5,0.05,Clothing 3,2431.78,1776.24,655.54,62,Male,West,39,2,24,0,5,11792.529999999999,0.09,2358.506
C0701,Clothing,2024-08-13,4,0.1,Clothing 2,1883.4,1088.76,794.64,50,Male,North,8,1,324,1,8,22130.11,0.1,2766.26375
C0415,Electronics,2024-03-19,4,0.2,Electronics 1,3559.64,2650.24,909.4,53,Male,South,6,2,41,1,9,29342.34,0.07777777777777778,3260.26
C0220,Beauty,2025-04-08,2,0.1,Beauty 2,578.09,415.1,162.99,24,Male,South,50,0,50,0,10,35275.33,0.06000000000000001,3527.5330000000004
C0114,Clothing,2025-09-17,3,0.05,Clothing 4,1421.98,1114.76,307.22,44,Female,East,7,1,103,1,6,39586.520000000004,0.09999999999999999,6597.753333333334
C0102,Grocery,2025-03-15,6,0.05,Grocery 2,929.44,582.48,346.96,59,Male,East,45,0,345,1,7,21262.26,0.05714285714285715,3037.465714285714
C0735,Grocery,2025-06-03,7,0.2,Grocery 1,916.53,618.49,298.04,52,Male,East,1,1,338,1,7,11823.03,0.14285714285714285,1689.0042857142857
C0780,Grocery,2024-04-14,7,0.05,Grocery 4,903.88,705.82,198.06,63,Male,North,14,0,17,0,1,903.88,0.05,903.88
C0314,Grocery,2025-11-12,5,0.2,Grocery 4,586.14,329.68,256.46,30,Male,South,30,1,50,0,3,19701.22,0.15,6567.073333333334
C0161,Grocery,2024-05-21,7,0.0,Grocery 3,1055.51,623.31,432.2,52,Male,South,22,1,350,1,7,20976.74,0.05,2996.6771428571433
